thread_id,topic,intent,inbound,brand_reply
t0,checkin boarding,checkin_boarding,"@customer: @AmericanAir cant check in flight AA1717, app error, leaves in 2 hours","Check in from 24 hrs in the app; gates close 15 min before departure. Try app refresh, or kiosk with confirmation code. DM your record locator if still blocked."
t1,baggage,baggage,"@customer: @AmericanAir bag missing since yesterday flight AA2357 at PHX, tag P4DHW8",Sorry about your bag. Please file a report at aa.com/baggage within 4 hrs and track in the app; keep receipts for essentials. DM your tag/record locator.
t2,flight delay,flight_delay,@customer: aa aa645 delayed need hotel tonight in ord who pays? pls help asap,Sorry for the delay on AA645. Please check live status in the American app and speak to the gate agent about rebooking/meal voucher if 3+ hrs (aa.com/manage). DM your record locator and I can walk you through options.
t3,cancellation,cancellation,"@customer: flight AA344 cancelled, stranded in LAX tonight, help",Sorry your flight AA344 was cancelled. You can rebook free on the next available American flight at aa.com/manage or in the app. DM your record locator for help.
t4,baggage,baggage,"@customer: @AmericanAir bag missing since yesterday flight AA2452 at PHX, tag KRLQVC",Sorry about your bag. Please file a report at aa.com/baggage within 4 hrs and track in the app; keep receipts for essentials. DM your tag/record locator.
t5,booking change,booking_change,@customer: @AmericanAir can I switch seat / add bag on booking BX2U6L?,You can change most main-cabin+ tickets at aa.com/manage (fare difference may apply). DM your record locator and new date and I will outline exact steps.
t6,complaint service,complaint_service,"@customer: @AmericanAir crew on AA483 was rude to my mother, unacceptable",I am sorry you experienced this on AA483. I am escalating to a human specialist with a case number. Please DM your record locator + details.
t7,checkin boarding,checkin_boarding,"@customer: @AmericanAir cant check in flight AA1991, app error, leaves in 2 hours","Check in from 24 hrs in the app; gates close 15 min before departure. Try app refresh, or kiosk with confirmation code. DM your record locator if still blocked."
t8,cancellation,cancellation,"@customer: @AmericanAir you cancelled flight AA1939 to PHX today, need rebook ASAP",Sorry your flight AA1939 was cancelled. You can rebook free on the next available American flight at aa.com/manage or in the app. DM your record locator for help.
t9,booking change,booking_change,"@customer: @AmericanAir need to change flight AA1050 to tomorrow, fare difference?",You can change most main-cabin+ tickets at aa.com/manage (fare difference may apply). DM your record locator and new date and I will outline exact steps.
t10,booking change,booking_change,"@customer: change name spelling on reservation 8WZQ58, how?",You can change most main-cabin+ tickets at aa.com/manage (fare difference may apply). DM your record locator and new date and I will outline exact steps.
t11,cancellation,cancellation,"@customer: @AmericanAir cancelled on me at gate DFW, rebook options?",Sorry your flight AA2698 was cancelled. You can rebook free on the next available American flight at aa.com/manage or in the app. DM your record locator for help.
t12,cancellation,cancellation,@customer: cancelled on me at gate dca rebook options? pls help asap,Sorry your flight AA2613 was cancelled. You can rebook free on the next available American flight at aa.com/manage or in the app. DM your record locator for help.
t13,complaint service,complaint_service,"@customer: @AmericanAir discriminated at gate DFW, want supervisor + case",I am sorry you experienced this on AA2067. I am escalating to a human specialist with a case number. Please DM your record locator + details.
t14,praise other,praise_other,"@customer: @AmericanAir love the new app, smooth checkin",Thanks for flying with us! Let us know if you need anything on AA700.
t15,baggage,baggage,"@customer: charged $75 bag fee but told free, flight AA2318, refund?",Sorry about your bag. Please file a report at aa.com/baggage within 4 hrs and track in the app; keep receipts for essentials. DM your tag/record locator.
t16,baggage,baggage,"@customer: charged $75 bag fee but told free, flight AA2118, refund?",Sorry about your bag. Please file a report at aa.com/baggage within 4 hrs and track in the app; keep receipts for essentials. DM your tag/record locator.
t17,checkin boarding,checkin_boarding,"@customer: @AmericanAir boarding pass wont load, gate 59 at DCA","Check in from 24 hrs in the app; gates close 15 min before departure. Try app refresh, or kiosk with confirmation code. DM your record locator if still blocked."
t18,cancellation,cancellation,"@customer: flight AA591 cancelled, stranded in JFK tonight, help",Sorry your flight AA591 was cancelled. You can rebook free on the next available American flight at aa.com/manage or in the app. DM your record locator for help.
t19,loyalty account,loyalty_account,"@customer: @AmericanAir cant login AAdvantage, reset not working",Miles post within 48 hrs; request missing miles at aa.com/missingmiles with ticket number. DM details (never share password).
t20,complaint service,complaint_service,"@customer: never flying again, worst service AA1535, filing DOT complaint",I am sorry you experienced this on AA1535. I am escalating to a human specialist with a case number. Please DM your record locator + details.
t21,baggage,baggage,"@customer: @AmericanAir bag missing since yesterday flight AA214 at DFW, tag JKHUJP",Sorry about your bag. Please file a report at aa.com/baggage within 4 hrs and track in the app; keep receipts for essentials. DM your tag/record locator.
t22,complaint service,complaint_service,"@customer: never flying again, worst service AA2489, filing DOT complaint",I am sorry you experienced this on AA2489. I am escalating to a human specialist with a case number. Please DM your record locator + details.
t23,booking change,booking_change,"@customer: change name spelling on reservation 2EEVDB, how?",You can change most main-cabin+ tickets at aa.com/manage (fare difference may apply). DM your record locator and new date and I will outline exact steps.
t24,praise other,praise_other,"@customer: @AmericanAir thanks crew on AA1117, great landing in DCA!",Thanks for flying with us! Let us know if you need anything on AA1117.
t25,praise other,praise_other,@customer: do you fly to LAX direct from DFW?,Thanks for flying with us! Let us know if you need anything on AA2197.
t26,baggage,baggage,"@customer: @AmericanAir damaged suitcase on AA661, claim process?",Sorry about your bag. Please file a report at aa.com/baggage within 4 hrs and track in the app; keep receipts for essentials. DM your tag/record locator.
t27,checkin boarding,checkin_boarding,"@customer: @AmericanAir cant check in flight AA1136, app error, leaves in 2 hours","Check in from 24 hrs in the app; gates close 15 min before departure. Try app refresh, or kiosk with confirmation code. DM your record locator if still blocked."
t28,praise other,praise_other,"@customer: @AmericanAir love the new app, smooth checkin",Thanks for flying with us! Let us know if you need anything on AA1489.
t29,refund compensation,refund_compensation,"@customer: trip credit not received for AA363, booking D7H6CJ","If we cancelled, you may choose refund or trip credit at aa.com/refunds (refundable to original payment within 7 days). DM your record locator."
t30,loyalty account,loyalty_account,"@customer: gold status not showing, flight AA1159 tomorrow",Miles post within 48 hrs; request missing miles at aa.com/missingmiles with ticket number. DM details (never share password).
t31,refund compensation,refund_compensation,@customer: @AmericanAir refund for cancelled AA2698? nonrefundable but you cancelled,"If we cancelled, you may choose refund or trip credit at aa.com/refunds (refundable to original payment within 7 days). DM your record locator."
t32,refund compensation,refund_compensation,"@customer: trip credit not received for AA629, booking BY89JF","If we cancelled, you may choose refund or trip credit at aa.com/refunds (refundable to original payment within 7 days). DM your record locator."
t33,refund compensation,refund_compensation,@customer: @AmericanAir want voucher for 5hr delay AA2148 in ORD,"If we cancelled, you may choose refund or trip credit at aa.com/refunds (refundable to original payment within 7 days). DM your record locator."
t34,complaint service,complaint_service,"@customer: @AmericanAir crew on AA2796 was rude to my mother, unacceptable",I am sorry you experienced this on AA2796. I am escalating to a human specialist with a case number. Please DM your record locator + details.
t35,booking change,booking_change,@customer: @AmericanAir can I switch seat / add bag on booking 94AW6P?,You can change most main-cabin+ tickets at aa.com/manage (fare difference may apply). DM your record locator and new date and I will outline exact steps.
t36,praise other,praise_other,@customer: do you fly to CLT direct from DFW?,Thanks for flying with us! Let us know if you need anything on AA1254.
t37,flight delay,flight_delay,"@customer: @AmericanAir stuck at DFW, delay again, crew says 5hr wait, what now?",Sorry for the delay on AA992. Please check live status in the American app and speak to the gate agent about rebooking/meal voucher if 3+ hrs (aa.com/manage). DM your record locator and I can walk you through options.
t38,cancellation,cancellation,"@customer: @AmericanAir you cancelled flight AA1736 to PHX today, need rebook ASAP",Sorry your flight AA1736 was cancelled. You can rebook free on the next available American flight at aa.com/manage or in the app. DM your record locator for help.
t39,complaint service,complaint_service,"@customer: @AmericanAir crew on AA1263 was rude to my mother, unacceptable",I am sorry you experienced this on AA1263. I am escalating to a human specialist with a case number. Please DM your record locator + details.
t40,praise other,praise_other,@customer: do you fly to DFW direct from DFW?,Thanks for flying with us! Let us know if you need anything on AA165.
t41,cancellation,cancellation,"@customer: @AmericanAir cancelled on me at gate JFK, rebook options?",Sorry your flight AA1948 was cancelled. You can rebook free on the next available American flight at aa.com/manage or in the app. DM your record locator for help.
t42,complaint service,complaint_service,"@customer: @AmericanAir discriminated at gate JFK, want supervisor + case",I am sorry you experienced this on AA404. I am escalating to a human specialist with a case number. Please DM your record locator + details.
t43,refund compensation,refund_compensation,@customer: @AmericanAir refund for cancelled AA2627? nonrefundable but you cancelled,"If we cancelled, you may choose refund or trip credit at aa.com/refunds (refundable to original payment within 7 days). DM your record locator."
t44,complaint service,complaint_service,"@customer: @AmericanAir discriminated at gate ORD, want supervisor + case",I am sorry you experienced this on AA2852. I am escalating to a human specialist with a case number. Please DM your record locator + details.
t45,complaint service,complaint_service,@customer: crew on aa1286 was rude to my mother unacceptable pls help asap,I am sorry you experienced this on AA1286. I am escalating to a human specialist with a case number. Please DM your record locator + details.
t46,praise other,praise_other,"@customer: @AmericanAir love the new app, smooth checkin",Thanks for flying with us! Let us know if you need anything on AA1572.
t47,complaint service,complaint_service,"@customer: never flying again, worst service AA1946, filing DOT complaint",I am sorry you experienced this on AA1946. I am escalating to a human specialist with a case number. Please DM your record locator + details.
t48,baggage,baggage,"@customer: charged $75 bag fee but told free, flight AA148, refund?",Sorry about your bag. Please file a report at aa.com/baggage within 4 hrs and track in the app; keep receipts for essentials. DM your tag/record locator.
t49,flight delay,flight_delay,"@customer: @AmericanAir stuck at ORD, delay again, crew says 3hr wait, what now?",Sorry for the delay on AA516. Please check live status in the American app and speak to the gate agent about rebooking/meal voucher if 3+ hrs (aa.com/manage). DM your record locator and I can walk you through options.
t50,loyalty account,loyalty_account,"@customer: @AmericanAir miles missing for flight AA2684, AAdvantage N6TGC7",Miles post within 48 hrs; request missing miles at aa.com/missingmiles with ticket number. DM details (never share password).
t51,refund compensation,refund_compensation,@customer: @AmericanAir want voucher for 5hr delay AA300 in LAX,"If we cancelled, you may choose refund or trip credit at aa.com/refunds (refundable to original payment within 7 days). DM your record locator."
t52,refund compensation,refund_compensation,@customer: @AmericanAir want voucher for 5hr delay AA2382 in ORD,"If we cancelled, you may choose refund or trip credit at aa.com/refunds (refundable to original payment within 7 days). DM your record locator."
t53,complaint service,complaint_service,@customer: discriminated at gate ord want supervisor + case pls help asap,I am sorry you experienced this on AA671. I am escalating to a human specialist with a case number. Please DM your record locator + details.
t54,loyalty account,loyalty_account,"@customer: @AmericanAir cant login AAdvantage, reset not working",Miles post within 48 hrs; request missing miles at aa.com/missingmiles with ticket number. DM details (never share password).
t55,baggage,baggage,"@customer: @AmericanAir bag missing since yesterday flight AA1210 at MIA, tag 6NWPK4",Sorry about your bag. Please file a report at aa.com/baggage within 4 hrs and track in the app; keep receipts for essentials. DM your tag/record locator.
t56,complaint service,complaint_service,"@customer: never flying again, worst service AA2106, filing DOT complaint",I am sorry you experienced this on AA2106. I am escalating to a human specialist with a case number. Please DM your record locator + details.
t57,praise other,praise_other,@customer: do you fly to DFW direct from DFW?,Thanks for flying with us! Let us know if you need anything on AA546.
t58,flight delay,flight_delay,"@customer: AA AA1344 delayed, need hotel tonight in ORD, who pays?",Sorry for the delay on AA1344. Please check live status in the American app and speak to the gate agent about rebooking/meal voucher if 3+ hrs (aa.com/manage). DM your record locator and I can walk you through options.
t59,flight delay,flight_delay,"@customer: @AmericanAir flight AA2301 delayed 2hrs, will I miss my connection in ORD?",Sorry for the delay on AA2301. Please check live status in the American app and speak to the gate agent about rebooking/meal voucher if 3+ hrs (aa.com/manage). DM your record locator and I can walk you through options.
t60,refund compensation,refund_compensation,@customer: refund for cancelled aa189? nonrefundable but you cancelled pls help asap,"If we cancelled, you may choose refund or trip credit at aa.com/refunds (refundable to original payment within 7 days). DM your record locator."
t61,checkin boarding,checkin_boarding,@customer: what gate for AA1822 at ORD? boarding group 4 when?,"Check in from 24 hrs in the app; gates close 15 min before departure. Try app refresh, or kiosk with confirmation code. DM your record locator if still blocked."
t62,baggage,baggage,"@customer: @AmericanAir bag missing since yesterday flight AA2005 at DCA, tag H2K8RF",Sorry about your bag. Please file a report at aa.com/baggage within 4 hrs and track in the app; keep receipts for essentials. DM your tag/record locator.
t63,flight delay,flight_delay,"@customer: AA AA699 delayed, need hotel tonight in PHX, who pays?",Sorry for the delay on AA699. Please check live status in the American app and speak to the gate agent about rebooking/meal voucher if 3+ hrs (aa.com/manage). DM your record locator and I can walk you through options.
t64,checkin boarding,checkin_boarding,@customer: what gate for AA563 at LAX? boarding group 4 when?,"Check in from 24 hrs in the app; gates close 15 min before departure. Try app refresh, or kiosk with confirmation code. DM your record locator if still blocked."
t65,checkin boarding,checkin_boarding,"@customer: @AmericanAir boarding pass wont load, gate 23 at PHX","Check in from 24 hrs in the app; gates close 15 min before departure. Try app refresh, or kiosk with confirmation code. DM your record locator if still blocked."
t66,refund compensation,refund_compensation,@customer: @AmericanAir want voucher for 5hr delay AA459 in DFW,"If we cancelled, you may choose refund or trip credit at aa.com/refunds (refundable to original payment within 7 days). DM your record locator."
t67,loyalty account,loyalty_account,"@customer: @AmericanAir miles missing for flight AA1638, AAdvantage BC7JZ6",Miles post within 48 hrs; request missing miles at aa.com/missingmiles with ticket number. DM details (never share password).
t68,flight delay,flight_delay,"@customer: @AmericanAir stuck at DFW, delay again, crew says 1hr wait, what now?",Sorry for the delay on AA2924. Please check live status in the American app and speak to the gate agent about rebooking/meal voucher if 3+ hrs (aa.com/manage). DM your record locator and I can walk you through options.
t69,complaint service,complaint_service,"@customer: never flying again, worst service AA2007, filing DOT complaint",I am sorry you experienced this on AA2007. I am escalating to a human specialist with a case number. Please DM your record locator + details.
t70,refund compensation,refund_compensation,"@customer: trip credit not received for AA719, booking VLLM3C","If we cancelled, you may choose refund or trip credit at aa.com/refunds (refundable to original payment within 7 days). DM your record locator."
t71,loyalty account,loyalty_account,@customer: miles missing for flight aa2760 aadvantage btl969 pls help asap,Miles post within 48 hrs; request missing miles at aa.com/missingmiles with ticket number. DM details (never share password).
t72,complaint service,complaint_service,"@customer: never flying again, worst service AA1930, filing DOT complaint",I am sorry you experienced this on AA1930. I am escalating to a human specialist with a case number. Please DM your record locator + details.
t73,refund compensation,refund_compensation,@customer: want voucher for 5hr delay aa2421 in ord pls help asap,"If we cancelled, you may choose refund or trip credit at aa.com/refunds (refundable to original payment within 7 days). DM your record locator."
t74,refund compensation,refund_compensation,@customer: @AmericanAir refund for cancelled AA2178? nonrefundable but you cancelled,"If we cancelled, you may choose refund or trip credit at aa.com/refunds (refundable to original payment within 7 days). DM your record locator."
t75,refund compensation,refund_compensation,@customer: @AmericanAir refund for cancelled AA588? nonrefundable but you cancelled,"If we cancelled, you may choose refund or trip credit at aa.com/refunds (refundable to original payment within 7 days). DM your record locator."
t76,flight delay,flight_delay,"@customer: @AmericanAir flight AA2711 delayed 3hrs, will I miss my connection in DFW?",Sorry for the delay on AA2711. Please check live status in the American app and speak to the gate agent about rebooking/meal voucher if 3+ hrs (aa.com/manage). DM your record locator and I can walk you through options.
t77,baggage,baggage,@customer: bag missing since yesterday flight aa1440 at jfk tag pmvcbr pls help asap,Sorry about your bag. Please file a report at aa.com/baggage within 4 hrs and track in the app; keep receipts for essentials. DM your tag/record locator.
t78,loyalty account,loyalty_account,"@customer: gold status not showing, flight AA2353 tomorrow",Miles post within 48 hrs; request missing miles at aa.com/missingmiles with ticket number. DM details (never share password).
t79,refund compensation,refund_compensation,"@customer: trip credit not received for AA2420, booking 6PA23W","If we cancelled, you may choose refund or trip credit at aa.com/refunds (refundable to original payment within 7 days). DM your record locator."
t80,loyalty account,loyalty_account,"@customer: @AmericanAir miles missing for flight AA1835, AAdvantage DCUM2E",Miles post within 48 hrs; request missing miles at aa.com/missingmiles with ticket number. DM details (never share password).
t81,loyalty account,loyalty_account,"@customer: @AmericanAir miles missing for flight AA2446, AAdvantage VMSEKS",Miles post within 48 hrs; request missing miles at aa.com/missingmiles with ticket number. DM details (never share password).
t82,baggage,baggage,"@customer: @AmericanAir damaged suitcase on AA618, claim process?",Sorry about your bag. Please file a report at aa.com/baggage within 4 hrs and track in the app; keep receipts for essentials. DM your tag/record locator.
t83,baggage,baggage,"@customer: charged $75 bag fee but told free, flight AA1756, refund?",Sorry about your bag. Please file a report at aa.com/baggage within 4 hrs and track in the app; keep receipts for essentials. DM your tag/record locator.
t84,baggage,baggage,"@customer: charged $75 bag fee but told free, flight AA888, refund?",Sorry about your bag. Please file a report at aa.com/baggage within 4 hrs and track in the app; keep receipts for essentials. DM your tag/record locator.
t85,refund compensation,refund_compensation,"@customer: trip credit not received for AA1820, booking KHNMSF","If we cancelled, you may choose refund or trip credit at aa.com/refunds (refundable to original payment within 7 days). DM your record locator."
t86,complaint service,complaint_service,"@customer: @AmericanAir crew on AA2038 was rude to my mother, unacceptable",I am sorry you experienced this on AA2038. I am escalating to a human specialist with a case number. Please DM your record locator + details.
t87,cancellation,cancellation,@customer: flight aa1385 cancelled stranded in dfw tonight help pls help asap,Sorry your flight AA1385 was cancelled. You can rebook free on the next available American flight at aa.com/manage or in the app. DM your record locator for help.
t88,cancellation,cancellation,"@customer: @AmericanAir you cancelled flight AA639 to JFK today, need rebook ASAP",Sorry your flight AA639 was cancelled. You can rebook free on the next available American flight at aa.com/manage or in the app. DM your record locator for help.
t89,refund compensation,refund_compensation,@customer: @AmericanAir refund for cancelled AA1426? nonrefundable but you cancelled,"If we cancelled, you may choose refund or trip credit at aa.com/refunds (refundable to original payment within 7 days). DM your record locator."
t90,checkin boarding,checkin_boarding,"@customer: @AmericanAir boarding pass wont load, gate 50 at JFK","Check in from 24 hrs in the app; gates close 15 min before departure. Try app refresh, or kiosk with confirmation code. DM your record locator if still blocked."
t91,checkin boarding,checkin_boarding,"@customer: @AmericanAir boarding pass wont load, gate 17 at CLT","Check in from 24 hrs in the app; gates close 15 min before departure. Try app refresh, or kiosk with confirmation code. DM your record locator if still blocked."
t92,checkin boarding,checkin_boarding,@customer: what gate for AA698 at LAX? boarding group 4 when?,"Check in from 24 hrs in the app; gates close 15 min before departure. Try app refresh, or kiosk with confirmation code. DM your record locator if still blocked."
t93,checkin boarding,checkin_boarding,@customer: what gate for AA107 at MIA? boarding group 4 when?,"Check in from 24 hrs in the app; gates close 15 min before departure. Try app refresh, or kiosk with confirmation code. DM your record locator if still blocked."
t94,flight delay,flight_delay,"@customer: @AmericanAir flight AA322 delayed 5hrs, will I miss my connection in MIA?",Sorry for the delay on AA322. Please check live status in the American app and speak to the gate agent about rebooking/meal voucher if 3+ hrs (aa.com/manage). DM your record locator and I can walk you through options.
t95,complaint service,complaint_service,"@customer: @AmericanAir crew on AA651 was rude to my mother, unacceptable",I am sorry you experienced this on AA651. I am escalating to a human specialist with a case number. Please DM your record locator + details.
t96,flight delay,flight_delay,"@customer: @AmericanAir flight AA2741 delayed 4hrs, will I miss my connection in ORD?",Sorry for the delay on AA2741. Please check live status in the American app and speak to the gate agent about rebooking/meal voucher if 3+ hrs (aa.com/manage). DM your record locator and I can walk you through options.
t97,flight delay,flight_delay,"@customer: @AmericanAir flight AA2277 delayed 6hrs, will I miss my connection in ORD?",Sorry for the delay on AA2277. Please check live status in the American app and speak to the gate agent about rebooking/meal voucher if 3+ hrs (aa.com/manage). DM your record locator and I can walk you through options.
t98,praise other,praise_other,@customer: do you fly to DCA direct from DFW?,Thanks for flying with us! Let us know if you need anything on AA2732.
t99,loyalty account,loyalty_account,"@customer: @AmericanAir cant login AAdvantage, reset not working",Miles post within 48 hrs; request missing miles at aa.com/missingmiles with ticket number. DM details (never share password).
t100,refund compensation,refund_compensation,"@customer: trip credit not received for AA315, booking JTP3SJ","If we cancelled, you may choose refund or trip credit at aa.com/refunds (refundable to original payment within 7 days). DM your record locator."
t101,flight delay,flight_delay,"@customer: @AmericanAir flight AA1166 delayed 4hrs, will I miss my connection in CLT?",Sorry for the delay on AA1166. Please check live status in the American app and speak to the gate agent about rebooking/meal voucher if 3+ hrs (aa.com/manage). DM your record locator and I can walk you through options.
t102,praise other,praise_other,"@customer: @AmericanAir love the new app, smooth checkin",Thanks for flying with us! Let us know if you need anything on AA2033.
t103,cancellation,cancellation,"@customer: flight AA802 cancelled, stranded in DFW tonight, help",Sorry your flight AA802 was cancelled. You can rebook free on the next available American flight at aa.com/manage or in the app. DM your record locator for help.
t104,flight delay,flight_delay,"@customer: AA AA377 delayed, need hotel tonight in JFK, who pays?",Sorry for the delay on AA377. Please check live status in the American app and speak to the gate agent about rebooking/meal voucher if 3+ hrs (aa.com/manage). DM your record locator and I can walk you through options.
t105,loyalty account,loyalty_account,@customer: miles missing for flight aa1109 aadvantage gdb53w pls help asap,Miles post within 48 hrs; request missing miles at aa.com/missingmiles with ticket number. DM details (never share password).
t106,cancellation,cancellation,"@customer: flight AA939 cancelled, stranded in CLT tonight, help",Sorry your flight AA939 was cancelled. You can rebook free on the next available American flight at aa.com/manage or in the app. DM your record locator for help.
t107,praise other,praise_other,"@customer: @AmericanAir love the new app, smooth checkin",Thanks for flying with us! Let us know if you need anything on AA1278.
t108,cancellation,cancellation,"@customer: flight AA1276 cancelled, stranded in JFK tonight, help",Sorry your flight AA1276 was cancelled. You can rebook free on the next available American flight at aa.com/manage or in the app. DM your record locator for help.
t109,booking change,booking_change,@customer: @AmericanAir can I switch seat / add bag on booking M4J8KG?,You can change most main-cabin+ tickets at aa.com/manage (fare difference may apply). DM your record locator and new date and I will outline exact steps.
t110,cancellation,cancellation,"@customer: @AmericanAir cancelled on me at gate JFK, rebook options?",Sorry your flight AA2955 was cancelled. You can rebook free on the next available American flight at aa.com/manage or in the app. DM your record locator for help.
t111,flight delay,flight_delay,"@customer: @AmericanAir stuck at MIA, delay again, crew says 4hr wait, what now?",Sorry for the delay on AA944. Please check live status in the American app and speak to the gate agent about rebooking/meal voucher if 3+ hrs (aa.com/manage). DM your record locator and I can walk you through options.
t112,flight delay,flight_delay,"@customer: @AmericanAir stuck at LAX, delay again, crew says 4hr wait, what now?",Sorry for the delay on AA2482. Please check live status in the American app and speak to the gate agent about rebooking/meal voucher if 3+ hrs (aa.com/manage). DM your record locator and I can walk you through options.
t113,checkin boarding,checkin_boarding,"@customer: @AmericanAir boarding pass wont load, gate 16 at MIA","Check in from 24 hrs in the app; gates close 15 min before departure. Try app refresh, or kiosk with confirmation code. DM your record locator if still blocked."
t114,praise other,praise_other,"@customer: @AmericanAir love the new app, smooth checkin",Thanks for flying with us! Let us know if you need anything on AA759.
t115,booking change,booking_change,@customer: @AmericanAir can I switch seat / add bag on booking PGWDGN?,You can change most main-cabin+ tickets at aa.com/manage (fare difference may apply). DM your record locator and new date and I will outline exact steps.
t116,loyalty account,loyalty_account,"@customer: gold status not showing, flight AA1011 tomorrow",Miles post within 48 hrs; request missing miles at aa.com/missingmiles with ticket number. DM details (never share password).
t117,loyalty account,loyalty_account,"@customer: @AmericanAir miles missing for flight AA2835, AAdvantage Z62Y5X",Miles post within 48 hrs; request missing miles at aa.com/missingmiles with ticket number. DM details (never share password).
t118,refund compensation,refund_compensation,@customer: trip credit not received for aa2969 booking dp3ywj pls help asap,"If we cancelled, you may choose refund or trip credit at aa.com/refunds (refundable to original payment within 7 days). DM your record locator."
t119,loyalty account,loyalty_account,"@customer: gold status not showing, flight AA2865 tomorrow",Miles post within 48 hrs; request missing miles at aa.com/missingmiles with ticket number. DM details (never share password).
t120,booking change,booking_change,"@customer: change name spelling on reservation SDUTYS, how?",You can change most main-cabin+ tickets at aa.com/manage (fare difference may apply). DM your record locator and new date and I will outline exact steps.
t121,complaint service,complaint_service,"@customer: @AmericanAir crew on AA2903 was rude to my mother, unacceptable",I am sorry you experienced this on AA2903. I am escalating to a human specialist with a case number. Please DM your record locator + details.
t122,flight delay,flight_delay,"@customer: @AmericanAir flight AA1814 delayed 4hrs, will I miss my connection in ORD?",Sorry for the delay on AA1814. Please check live status in the American app and speak to the gate agent about rebooking/meal voucher if 3+ hrs (aa.com/manage). DM your record locator and I can walk you through options.
t123,complaint service,complaint_service,"@customer: @AmericanAir crew on AA773 was rude to my mother, unacceptable",I am sorry you experienced this on AA773. I am escalating to a human specialist with a case number. Please DM your record locator + details.
t124,loyalty account,loyalty_account,"@customer: @AmericanAir cant login AAdvantage, reset not working",Miles post within 48 hrs; request missing miles at aa.com/missingmiles with ticket number. DM details (never share password).
t125,loyalty account,loyalty_account,"@customer: gold status not showing, flight AA861 tomorrow",Miles post within 48 hrs; request missing miles at aa.com/missingmiles with ticket number. DM details (never share password).
t126,checkin boarding,checkin_boarding,@customer: cant check in flight aa1341 app error leaves in 2 hours pls help asap,"Check in from 24 hrs in the app; gates close 15 min before departure. Try app refresh, or kiosk with confirmation code. DM your record locator if still blocked."
t127,cancellation,cancellation,"@customer: flight AA1300 cancelled, stranded in ORD tonight, help",Sorry your flight AA1300 was cancelled. You can rebook free on the next available American flight at aa.com/manage or in the app. DM your record locator for help.
t128,praise other,praise_other,"@customer: @AmericanAir thanks crew on AA2596, great landing in ORD!",Thanks for flying with us! Let us know if you need anything on AA2596.
t129,praise other,praise_other,"@customer: @AmericanAir thanks crew on AA1896, great landing in DFW!",Thanks for flying with us! Let us know if you need anything on AA1896.
t130,booking change,booking_change,"@customer: change name spelling on reservation HFVZFL, how?",You can change most main-cabin+ tickets at aa.com/manage (fare difference may apply). DM your record locator and new date and I will outline exact steps.
t131,complaint service,complaint_service,"@customer: @AmericanAir discriminated at gate DFW, want supervisor + case",I am sorry you experienced this on AA1844. I am escalating to a human specialist with a case number. Please DM your record locator + details.
t132,checkin boarding,checkin_boarding,"@customer: @AmericanAir cant check in flight AA2191, app error, leaves in 2 hours","Check in from 24 hrs in the app; gates close 15 min before departure. Try app refresh, or kiosk with confirmation code. DM your record locator if still blocked."
t133,praise other,praise_other,@customer: do you fly to PHX direct from DFW?,Thanks for flying with us! Let us know if you need anything on AA963.
t134,refund compensation,refund_compensation,"@customer: trip credit not received for AA1512, booking 9W3LLK","If we cancelled, you may choose refund or trip credit at aa.com/refunds (refundable to original payment within 7 days). DM your record locator."
t135,loyalty account,loyalty_account,"@customer: gold status not showing, flight AA2370 tomorrow",Miles post within 48 hrs; request missing miles at aa.com/missingmiles with ticket number. DM details (never share password).
t136,praise other,praise_other,@customer: do you fly to DCA direct from DFW?,Thanks for flying with us! Let us know if you need anything on AA1640.
t137,cancellation,cancellation,"@customer: flight AA842 cancelled, stranded in LAX tonight, help",Sorry your flight AA842 was cancelled. You can rebook free on the next available American flight at aa.com/manage or in the app. DM your record locator for help.
t138,refund compensation,refund_compensation,@customer: refund for cancelled aa1827? nonrefundable but you cancelled pls help asap,"If we cancelled, you may choose refund or trip credit at aa.com/refunds (refundable to original payment within 7 days). DM your record locator."
t139,loyalty account,loyalty_account,"@customer: gold status not showing, flight AA2949 tomorrow",Miles post within 48 hrs; request missing miles at aa.com/missingmiles with ticket number. DM details (never share password).
t140,cancellation,cancellation,"@customer: @AmericanAir you cancelled flight AA2739 to ORD today, need rebook ASAP",Sorry your flight AA2739 was cancelled. You can rebook free on the next available American flight at aa.com/manage or in the app. DM your record locator for help.
t141,complaint service,complaint_service,"@customer: @AmericanAir crew on AA1228 was rude to my mother, unacceptable",I am sorry you experienced this on AA1228. I am escalating to a human specialist with a case number. Please DM your record locator + details.
t142,refund compensation,refund_compensation,"@customer: trip credit not received for AA2383, booking YQ7J8Y","If we cancelled, you may choose refund or trip credit at aa.com/refunds (refundable to original payment within 7 days). DM your record locator."
t143,cancellation,cancellation,"@customer: @AmericanAir cancelled on me at gate DCA, rebook options?",Sorry your flight AA1374 was cancelled. You can rebook free on the next available American flight at aa.com/manage or in the app. DM your record locator for help.
t144,booking change,booking_change,"@customer: @AmericanAir need to change flight AA1587 to tomorrow, fare difference?",You can change most main-cabin+ tickets at aa.com/manage (fare difference may apply). DM your record locator and new date and I will outline exact steps.
t145,checkin boarding,checkin_boarding,@customer: what gate for AA163 at PHX? boarding group 4 when?,"Check in from 24 hrs in the app; gates close 15 min before departure. Try app refresh, or kiosk with confirmation code. DM your record locator if still blocked."
t146,baggage,baggage,"@customer: @AmericanAir damaged suitcase on AA1260, claim process?",Sorry about your bag. Please file a report at aa.com/baggage within 4 hrs and track in the app; keep receipts for essentials. DM your tag/record locator.
t147,booking change,booking_change,@customer: @AmericanAir can I switch seat / add bag on booking X7MCT3?,You can change most main-cabin+ tickets at aa.com/manage (fare difference may apply). DM your record locator and new date and I will outline exact steps.
t148,loyalty account,loyalty_account,"@customer: @AmericanAir cant login AAdvantage, reset not working",Miles post within 48 hrs; request missing miles at aa.com/missingmiles with ticket number. DM details (never share password).
t149,praise other,praise_other,"@customer: @AmericanAir love the new app, smooth checkin",Thanks for flying with us! Let us know if you need anything on AA2237.
t150,loyalty account,loyalty_account,"@customer: gold status not showing, flight AA710 tomorrow",Miles post within 48 hrs; request missing miles at aa.com/missingmiles with ticket number. DM details (never share password).
t151,checkin boarding,checkin_boarding,"@customer: @AmericanAir boarding pass wont load, gate 60 at LAX","Check in from 24 hrs in the app; gates close 15 min before departure. Try app refresh, or kiosk with confirmation code. DM your record locator if still blocked."
t152,loyalty account,loyalty_account,@customer: miles missing for flight aa1930 aadvantage 248jbg pls help asap,Miles post within 48 hrs; request missing miles at aa.com/missingmiles with ticket number. DM details (never share password).
t153,flight delay,flight_delay,"@customer: AA AA1614 delayed, need hotel tonight in JFK, who pays?",Sorry for the delay on AA1614. Please check live status in the American app and speak to the gate agent about rebooking/meal voucher if 3+ hrs (aa.com/manage). DM your record locator and I can walk you through options.
t154,refund compensation,refund_compensation,@customer: @AmericanAir want voucher for 5hr delay AA2412 in ORD,"If we cancelled, you may choose refund or trip credit at aa.com/refunds (refundable to original payment within 7 days). DM your record locator."
t155,flight delay,flight_delay,@customer: stuck at dca delay again crew says 6hr wait what now? pls help asap,Sorry for the delay on AA1541. Please check live status in the American app and speak to the gate agent about rebooking/meal voucher if 3+ hrs (aa.com/manage). DM your record locator and I can walk you through options.
t156,checkin boarding,checkin_boarding,"@customer: @AmericanAir cant check in flight AA914, app error, leaves in 2 hours","Check in from 24 hrs in the app; gates close 15 min before departure. Try app refresh, or kiosk with confirmation code. DM your record locator if still blocked."
t157,loyalty account,loyalty_account,"@customer: @AmericanAir miles missing for flight AA1907, AAdvantage HEXAYG",Miles post within 48 hrs; request missing miles at aa.com/missingmiles with ticket number. DM details (never share password).
t158,cancellation,cancellation,"@customer: flight AA1628 cancelled, stranded in JFK tonight, help",Sorry your flight AA1628 was cancelled. You can rebook free on the next available American flight at aa.com/manage or in the app. DM your record locator for help.
t159,checkin boarding,checkin_boarding,"@customer: @AmericanAir cant check in flight AA2055, app error, leaves in 2 hours","Check in from 24 hrs in the app; gates close 15 min before departure. Try app refresh, or kiosk with confirmation code. DM your record locator if still blocked."
t160,loyalty account,loyalty_account,"@customer: @AmericanAir cant login AAdvantage, reset not working",Miles post within 48 hrs; request missing miles at aa.com/missingmiles with ticket number. DM details (never share password).
t161,booking change,booking_change,"@customer: change name spelling on reservation W37T4D, how?",You can change most main-cabin+ tickets at aa.com/manage (fare difference may apply). DM your record locator and new date and I will outline exact steps.
t162,baggage,baggage,"@customer: @AmericanAir bag missing since yesterday flight AA499 at DFW, tag NPF49E",Sorry about your bag. Please file a report at aa.com/baggage within 4 hrs and track in the app; keep receipts for essentials. DM your tag/record locator.
t163,checkin boarding,checkin_boarding,@customer: what gate for AA674 at ORD? boarding group 4 when?,"Check in from 24 hrs in the app; gates close 15 min before departure. Try app refresh, or kiosk with confirmation code. DM your record locator if still blocked."
t164,booking change,booking_change,"@customer: @AmericanAir need to change flight AA2236 to tomorrow, fare difference?",You can change most main-cabin+ tickets at aa.com/manage (fare difference may apply). DM your record locator and new date and I will outline exact steps.
t165,baggage,baggage,"@customer: charged $75 bag fee but told free, flight AA1361, refund?",Sorry about your bag. Please file a report at aa.com/baggage within 4 hrs and track in the app; keep receipts for essentials. DM your tag/record locator.
t166,complaint service,complaint_service,"@customer: @AmericanAir crew on AA163 was rude to my mother, unacceptable",I am sorry you experienced this on AA163. I am escalating to a human specialist with a case number. Please DM your record locator + details.
t167,flight delay,flight_delay,"@customer: @AmericanAir stuck at PHX, delay again, crew says 3hr wait, what now?",Sorry for the delay on AA2229. Please check live status in the American app and speak to the gate agent about rebooking/meal voucher if 3+ hrs (aa.com/manage). DM your record locator and I can walk you through options.
t168,flight delay,flight_delay,"@customer: @AmericanAir stuck at ORD, delay again, crew says 1hr wait, what now?",Sorry for the delay on AA541. Please check live status in the American app and speak to the gate agent about rebooking/meal voucher if 3+ hrs (aa.com/manage). DM your record locator and I can walk you through options.
t169,cancellation,cancellation,"@customer: @AmericanAir cancelled on me at gate DCA, rebook options?",Sorry your flight AA1125 was cancelled. You can rebook free on the next available American flight at aa.com/manage or in the app. DM your record locator for help.
t170,complaint service,complaint_service,"@customer: @AmericanAir crew on AA1536 was rude to my mother, unacceptable",I am sorry you experienced this on AA1536. I am escalating to a human specialist with a case number. Please DM your record locator + details.
t171,booking change,booking_change,"@customer: change name spelling on reservation HHXQN8, how?",You can change most main-cabin+ tickets at aa.com/manage (fare difference may apply). DM your record locator and new date and I will outline exact steps.
t172,praise other,praise_other,"@customer: @AmericanAir thanks crew on AA1720, great landing in CLT!",Thanks for flying with us! Let us know if you need anything on AA1720.
t173,praise other,praise_other,"@customer: @AmericanAir thanks crew on AA1430, great landing in JFK!",Thanks for flying with us! Let us know if you need anything on AA1430.
t174,checkin boarding,checkin_boarding,"@customer: @AmericanAir boarding pass wont load, gate 52 at DFW","Check in from 24 hrs in the app; gates close 15 min before departure. Try app refresh, or kiosk with confirmation code. DM your record locator if still blocked."
t175,flight delay,flight_delay,"@customer: @AmericanAir flight AA2727 delayed 1hrs, will I miss my connection in LAX?",Sorry for the delay on AA2727. Please check live status in the American app and speak to the gate agent about rebooking/meal voucher if 3+ hrs (aa.com/manage). DM your record locator and I can walk you through options.
t176,loyalty account,loyalty_account,"@customer: @AmericanAir miles missing for flight AA261, AAdvantage KKWDV8",Miles post within 48 hrs; request missing miles at aa.com/missingmiles with ticket number. DM details (never share password).
t177,praise other,praise_other,"@customer: @AmericanAir thanks crew on AA1902, great landing in LAX!",Thanks for flying with us! Let us know if you need anything on AA1902.
t178,baggage,baggage,"@customer: charged $75 bag fee but told free, flight AA1683, refund?",Sorry about your bag. Please file a report at aa.com/baggage within 4 hrs and track in the app; keep receipts for essentials. DM your tag/record locator.
t179,baggage,baggage,"@customer: charged $75 bag fee but told free, flight AA2336, refund?",Sorry about your bag. Please file a report at aa.com/baggage within 4 hrs and track in the app; keep receipts for essentials. DM your tag/record locator.
t180,baggage,baggage,"@customer: @AmericanAir damaged suitcase on AA333, claim process?",Sorry about your bag. Please file a report at aa.com/baggage within 4 hrs and track in the app; keep receipts for essentials. DM your tag/record locator.
t181,cancellation,cancellation,"@customer: flight AA1022 cancelled, stranded in LAX tonight, help",Sorry your flight AA1022 was cancelled. You can rebook free on the next available American flight at aa.com/manage or in the app. DM your record locator for help.
t182,cancellation,cancellation,"@customer: flight AA2046 cancelled, stranded in JFK tonight, help",Sorry your flight AA2046 was cancelled. You can rebook free on the next available American flight at aa.com/manage or in the app. DM your record locator for help.
t183,booking change,booking_change,@customer: @AmericanAir can I switch seat / add bag on booking 5VNQQZ?,You can change most main-cabin+ tickets at aa.com/manage (fare difference may apply). DM your record locator and new date and I will outline exact steps.
t184,loyalty account,loyalty_account,"@customer: gold status not showing, flight AA1418 tomorrow",Miles post within 48 hrs; request missing miles at aa.com/missingmiles with ticket number. DM details (never share password).
t185,baggage,baggage,"@customer: @AmericanAir bag missing since yesterday flight AA1452 at DFW, tag L448GP",Sorry about your bag. Please file a report at aa.com/baggage within 4 hrs and track in the app; keep receipts for essentials. DM your tag/record locator.
t186,complaint service,complaint_service,@customer: discriminated at gate dca want supervisor + case pls help asap,I am sorry you experienced this on AA2297. I am escalating to a human specialist with a case number. Please DM your record locator + details.
t187,checkin boarding,checkin_boarding,"@customer: @AmericanAir boarding pass wont load, gate 57 at MIA","Check in from 24 hrs in the app; gates close 15 min before departure. Try app refresh, or kiosk with confirmation code. DM your record locator if still blocked."
t188,loyalty account,loyalty_account,"@customer: @AmericanAir cant login AAdvantage, reset not working",Miles post within 48 hrs; request missing miles at aa.com/missingmiles with ticket number. DM details (never share password).
t189,cancellation,cancellation,"@customer: @AmericanAir cancelled on me at gate MIA, rebook options?",Sorry your flight AA2199 was cancelled. You can rebook free on the next available American flight at aa.com/manage or in the app. DM your record locator for help.
t190,praise other,praise_other,"@customer: @AmericanAir thanks crew on AA2168, great landing in DFW!",Thanks for flying with us! Let us know if you need anything on AA2168.
t191,flight delay,flight_delay,"@customer: @AmericanAir stuck at DCA, delay again, crew says 2hr wait, what now?",Sorry for the delay on AA2929. Please check live status in the American app and speak to the gate agent about rebooking/meal voucher if 3+ hrs (aa.com/manage). DM your record locator and I can walk you through options.
t192,refund compensation,refund_compensation,@customer: trip credit not received for aa2276 booking segves pls help asap,"If we cancelled, you may choose refund or trip credit at aa.com/refunds (refundable to original payment within 7 days). DM your record locator."
t193,booking change,booking_change,"@customer: change name spelling on reservation 4V3BA2, how?",You can change most main-cabin+ tickets at aa.com/manage (fare difference may apply). DM your record locator and new date and I will outline exact steps.
t194,refund compensation,refund_compensation,@customer: @AmericanAir refund for cancelled AA234? nonrefundable but you cancelled,"If we cancelled, you may choose refund or trip credit at aa.com/refunds (refundable to original payment within 7 days). DM your record locator."
t195,loyalty account,loyalty_account,"@customer: gold status not showing, flight AA279 tomorrow",Miles post within 48 hrs; request missing miles at aa.com/missingmiles with ticket number. DM details (never share password).
t196,complaint service,complaint_service,"@customer: @AmericanAir discriminated at gate ORD, want supervisor + case",I am sorry you experienced this on AA1813. I am escalating to a human specialist with a case number. Please DM your record locator + details.
t197,complaint service,complaint_service,"@customer: @AmericanAir crew on AA1096 was rude to my mother, unacceptable",I am sorry you experienced this on AA1096. I am escalating to a human specialist with a case number. Please DM your record locator + details.
t198,loyalty account,loyalty_account,"@customer: @AmericanAir cant login AAdvantage, reset not working",Miles post within 48 hrs; request missing miles at aa.com/missingmiles with ticket number. DM details (never share password).
t199,flight delay,flight_delay,"@customer: @AmericanAir stuck at DCA, delay again, crew says 2hr wait, what now?",Sorry for the delay on AA2820. Please check live status in the American app and speak to the gate agent about rebooking/meal voucher if 3+ hrs (aa.com/manage). DM your record locator and I can walk you through options.
t200,baggage,baggage,"@customer: @AmericanAir bag missing since yesterday flight AA1606 at ORD, tag MZN8G8",Sorry about your bag. Please file a report at aa.com/baggage within 4 hrs and track in the app; keep receipts for essentials. DM your tag/record locator.
t201,booking change,booking_change,"@customer: change name spelling on reservation VQ9TNS, how?",You can change most main-cabin+ tickets at aa.com/manage (fare difference may apply). DM your record locator and new date and I will outline exact steps.
t202,praise other,praise_other,"@customer: @AmericanAir love the new app, smooth checkin",Thanks for flying with us! Let us know if you need anything on AA1676.
t203,cancellation,cancellation,"@customer: @AmericanAir you cancelled flight AA2401 to MIA today, need rebook ASAP",Sorry your flight AA2401 was cancelled. You can rebook free on the next available American flight at aa.com/manage or in the app. DM your record locator for help.
t204,refund compensation,refund_compensation,@customer: @AmericanAir want voucher for 5hr delay AA1752 in DFW,"If we cancelled, you may choose refund or trip credit at aa.com/refunds (refundable to original payment within 7 days). DM your record locator."
t205,checkin boarding,checkin_boarding,"@customer: @AmericanAir boarding pass wont load, gate 8 at LAX","Check in from 24 hrs in the app; gates close 15 min before departure. Try app refresh, or kiosk with confirmation code. DM your record locator if still blocked."
t206,baggage,baggage,"@customer: charged $75 bag fee but told free, flight AA2874, refund?",Sorry about your bag. Please file a report at aa.com/baggage within 4 hrs and track in the app; keep receipts for essentials. DM your tag/record locator.
t207,booking change,booking_change,"@customer: change name spelling on reservation UYJPXM, how?",You can change most main-cabin+ tickets at aa.com/manage (fare difference may apply). DM your record locator and new date and I will outline exact steps.
t208,refund compensation,refund_compensation,@customer: @AmericanAir refund for cancelled AA2496? nonrefundable but you cancelled,"If we cancelled, you may choose refund or trip credit at aa.com/refunds (refundable to original payment within 7 days). DM your record locator."
t209,loyalty account,loyalty_account,@customer: gold status not showing flight aa2620 tomorrow pls help asap,Miles post within 48 hrs; request missing miles at aa.com/missingmiles with ticket number. DM details (never share password).
t210,baggage,baggage,"@customer: @AmericanAir damaged suitcase on AA2857, claim process?",Sorry about your bag. Please file a report at aa.com/baggage within 4 hrs and track in the app; keep receipts for essentials. DM your tag/record locator.
t211,baggage,baggage,"@customer: charged $75 bag fee but told free, flight AA1166, refund?",Sorry about your bag. Please file a report at aa.com/baggage within 4 hrs and track in the app; keep receipts for essentials. DM your tag/record locator.
t212,baggage,baggage,"@customer: @AmericanAir bag missing since yesterday flight AA2211 at ORD, tag YEWYEY",Sorry about your bag. Please file a report at aa.com/baggage within 4 hrs and track in the app; keep receipts for essentials. DM your tag/record locator.
t213,cancellation,cancellation,"@customer: flight AA1839 cancelled, stranded in JFK tonight, help",Sorry your flight AA1839 was cancelled. You can rebook free on the next available American flight at aa.com/manage or in the app. DM your record locator for help.
t214,checkin boarding,checkin_boarding,"@customer: @AmericanAir boarding pass wont load, gate 29 at CLT","Check in from 24 hrs in the app; gates close 15 min before departure. Try app refresh, or kiosk with confirmation code. DM your record locator if still blocked."
t215,checkin boarding,checkin_boarding,"@customer: @AmericanAir boarding pass wont load, gate 7 at LAX","Check in from 24 hrs in the app; gates close 15 min before departure. Try app refresh, or kiosk with confirmation code. DM your record locator if still blocked."
t216,loyalty account,loyalty_account,"@customer: @AmericanAir cant login AAdvantage, reset not working",Miles post within 48 hrs; request missing miles at aa.com/missingmiles with ticket number. DM details (never share password).
t217,booking change,booking_change,"@customer: change name spelling on reservation ANEM8S, how?",You can change most main-cabin+ tickets at aa.com/manage (fare difference may apply). DM your record locator and new date and I will outline exact steps.
t218,refund compensation,refund_compensation,@customer: trip credit not received for aa2626 booking lf4lmt pls help asap,"If we cancelled, you may choose refund or trip credit at aa.com/refunds (refundable to original payment within 7 days). DM your record locator."
t219,cancellation,cancellation,"@customer: flight AA2673 cancelled, stranded in MIA tonight, help",Sorry your flight AA2673 was cancelled. You can rebook free on the next available American flight at aa.com/manage or in the app. DM your record locator for help.
t220,cancellation,cancellation,"@customer: @AmericanAir you cancelled flight AA2917 to ORD today, need rebook ASAP",Sorry your flight AA2917 was cancelled. You can rebook free on the next available American flight at aa.com/manage or in the app. DM your record locator for help.
t221,flight delay,flight_delay,"@customer: @AmericanAir flight AA2601 delayed 4hrs, will I miss my connection in CLT?",Sorry for the delay on AA2601. Please check live status in the American app and speak to the gate agent about rebooking/meal voucher if 3+ hrs (aa.com/manage). DM your record locator and I can walk you through options.
t222,booking change,booking_change,"@customer: change name spelling on reservation NA3XUR, how?",You can change most main-cabin+ tickets at aa.com/manage (fare difference may apply). DM your record locator and new date and I will outline exact steps.
t223,praise other,praise_other,@customer: do you fly to LAX direct from DFW?,Thanks for flying with us! Let us know if you need anything on AA732.
t224,checkin boarding,checkin_boarding,@customer: boarding pass wont load gate 45 at dca pls help asap,"Check in from 24 hrs in the app; gates close 15 min before departure. Try app refresh, or kiosk with confirmation code. DM your record locator if still blocked."
t225,checkin boarding,checkin_boarding,@customer: what gate for AA2478 at JFK? boarding group 4 when?,"Check in from 24 hrs in the app; gates close 15 min before departure. Try app refresh, or kiosk with confirmation code. DM your record locator if still blocked."
t226,refund compensation,refund_compensation,"@customer: trip credit not received for AA488, booking GXYHQT","If we cancelled, you may choose refund or trip credit at aa.com/refunds (refundable to original payment within 7 days). DM your record locator."
t227,cancellation,cancellation,"@customer: @AmericanAir cancelled on me at gate JFK, rebook options?",Sorry your flight AA2883 was cancelled. You can rebook free on the next available American flight at aa.com/manage or in the app. DM your record locator for help.
t228,loyalty account,loyalty_account,"@customer: gold status not showing, flight AA801 tomorrow",Miles post within 48 hrs; request missing miles at aa.com/missingmiles with ticket number. DM details (never share password).
t229,flight delay,flight_delay,"@customer: AA AA2534 delayed, need hotel tonight in JFK, who pays?",Sorry for the delay on AA2534. Please check live status in the American app and speak to the gate agent about rebooking/meal voucher if 3+ hrs (aa.com/manage). DM your record locator and I can walk you through options.
t230,checkin boarding,checkin_boarding,"@customer: @AmericanAir cant check in flight AA1603, app error, leaves in 2 hours","Check in from 24 hrs in the app; gates close 15 min before departure. Try app refresh, or kiosk with confirmation code. DM your record locator if still blocked."
t231,checkin boarding,checkin_boarding,"@customer: @AmericanAir cant check in flight AA1557, app error, leaves in 2 hours","Check in from 24 hrs in the app; gates close 15 min before departure. Try app refresh, or kiosk with confirmation code. DM your record locator if still blocked."
t232,complaint service,complaint_service,"@customer: @AmericanAir crew on AA185 was rude to my mother, unacceptable",I am sorry you experienced this on AA185. I am escalating to a human specialist with a case number. Please DM your record locator + details.
t233,refund compensation,refund_compensation,"@customer: trip credit not received for AA2924, booking 2JQA9R","If we cancelled, you may choose refund or trip credit at aa.com/refunds (refundable to original payment within 7 days). DM your record locator."
t234,cancellation,cancellation,"@customer: @AmericanAir you cancelled flight AA2641 to ORD today, need rebook ASAP",Sorry your flight AA2641 was cancelled. You can rebook free on the next available American flight at aa.com/manage or in the app. DM your record locator for help.
t235,praise other,praise_other,"@customer: @AmericanAir thanks crew on AA1578, great landing in DCA!",Thanks for flying with us! Let us know if you need anything on AA1578.
t236,loyalty account,loyalty_account,"@customer: @AmericanAir cant login AAdvantage, reset not working",Miles post within 48 hrs; request missing miles at aa.com/missingmiles with ticket number. DM details (never share password).
t237,refund compensation,refund_compensation,@customer: @AmericanAir want voucher for 5hr delay AA1219 in DFW,"If we cancelled, you may choose refund or trip credit at aa.com/refunds (refundable to original payment within 7 days). DM your record locator."
t238,cancellation,cancellation,"@customer: @AmericanAir you cancelled flight AA1845 to JFK today, need rebook ASAP",Sorry your flight AA1845 was cancelled. You can rebook free on the next available American flight at aa.com/manage or in the app. DM your record locator for help.
t239,checkin boarding,checkin_boarding,@customer: what gate for AA1585 at CLT? boarding group 4 when?,"Check in from 24 hrs in the app; gates close 15 min before departure. Try app refresh, or kiosk with confirmation code. DM your record locator if still blocked."
t240,complaint service,complaint_service,"@customer: never flying again, worst service AA1604, filing DOT complaint",I am sorry you experienced this on AA1604. I am escalating to a human specialist with a case number. Please DM your record locator + details.
t241,refund compensation,refund_compensation,@customer: @AmericanAir refund for cancelled AA2503? nonrefundable but you cancelled,"If we cancelled, you may choose refund or trip credit at aa.com/refunds (refundable to original payment within 7 days). DM your record locator."
t242,cancellation,cancellation,"@customer: flight AA832 cancelled, stranded in DCA tonight, help",Sorry your flight AA832 was cancelled. You can rebook free on the next available American flight at aa.com/manage or in the app. DM your record locator for help.
t243,refund compensation,refund_compensation,@customer: @AmericanAir want voucher for 5hr delay AA2338 in LAX,"If we cancelled, you may choose refund or trip credit at aa.com/refunds (refundable to original payment within 7 days). DM your record locator."
t244,cancellation,cancellation,"@customer: @AmericanAir you cancelled flight AA1090 to MIA today, need rebook ASAP",Sorry your flight AA1090 was cancelled. You can rebook free on the next available American flight at aa.com/manage or in the app. DM your record locator for help.
t245,praise other,praise_other,@customer: do you fly to clt direct from dfw? pls help asap,Thanks for flying with us! Let us know if you need anything on AA161.
t246,loyalty account,loyalty_account,"@customer: @AmericanAir miles missing for flight AA457, AAdvantage WLRVJQ",Miles post within 48 hrs; request missing miles at aa.com/missingmiles with ticket number. DM details (never share password).
t247,checkin boarding,checkin_boarding,"@customer: @AmericanAir cant check in flight AA1800, app error, leaves in 2 hours","Check in from 24 hrs in the app; gates close 15 min before departure. Try app refresh, or kiosk with confirmation code. DM your record locator if still blocked."
t248,checkin boarding,checkin_boarding,@customer: what gate for aa2885 at dca? boarding group 4 when? pls help asap,"Check in from 24 hrs in the app; gates close 15 min before departure. Try app refresh, or kiosk with confirmation code. DM your record locator if still blocked."
t249,refund compensation,refund_compensation,"@customer: trip credit not received for AA2350, booking 9QJS8E","If we cancelled, you may choose refund or trip credit at aa.com/refunds (refundable to original payment within 7 days). DM your record locator."
t250,checkin boarding,checkin_boarding,"@customer: @AmericanAir cant check in flight AA2675, app error, leaves in 2 hours","Check in from 24 hrs in the app; gates close 15 min before departure. Try app refresh, or kiosk with confirmation code. DM your record locator if still blocked."
t251,refund compensation,refund_compensation,"@customer: trip credit not received for AA1597, booking Z6552S","If we cancelled, you may choose refund or trip credit at aa.com/refunds (refundable to original payment within 7 days). DM your record locator."
t252,complaint service,complaint_service,"@customer: @AmericanAir crew on AA2705 was rude to my mother, unacceptable",I am sorry you experienced this on AA2705. I am escalating to a human specialist with a case number. Please DM your record locator + details.
t253,loyalty account,loyalty_account,@customer: gold status not showing flight aa1536 tomorrow pls help asap,Miles post within 48 hrs; request missing miles at aa.com/missingmiles with ticket number. DM details (never share password).
t254,loyalty account,loyalty_account,"@customer: @AmericanAir miles missing for flight AA1047, AAdvantage MLPJ6R",Miles post within 48 hrs; request missing miles at aa.com/missingmiles with ticket number. DM details (never share password).
t255,refund compensation,refund_compensation,@customer: @AmericanAir refund for cancelled AA1329? nonrefundable but you cancelled,"If we cancelled, you may choose refund or trip credit at aa.com/refunds (refundable to original payment within 7 days). DM your record locator."
t256,baggage,baggage,@customer: charged $75 bag fee but told free flight aa1576 refund? pls help asap,Sorry about your bag. Please file a report at aa.com/baggage within 4 hrs and track in the app; keep receipts for essentials. DM your tag/record locator.
t257,flight delay,flight_delay,"@customer: @AmericanAir flight AA1339 delayed 3hrs, will I miss my connection in PHX?",Sorry for the delay on AA1339. Please check live status in the American app and speak to the gate agent about rebooking/meal voucher if 3+ hrs (aa.com/manage). DM your record locator and I can walk you through options.
t258,flight delay,flight_delay,@customer: aa aa1060 delayed need hotel tonight in jfk who pays? pls help asap,Sorry for the delay on AA1060. Please check live status in the American app and speak to the gate agent about rebooking/meal voucher if 3+ hrs (aa.com/manage). DM your record locator and I can walk you through options.
t259,checkin boarding,checkin_boarding,"@customer: @AmericanAir cant check in flight AA551, app error, leaves in 2 hours","Check in from 24 hrs in the app; gates close 15 min before departure. Try app refresh, or kiosk with confirmation code. DM your record locator if still blocked."
t260,complaint service,complaint_service,@customer: crew on aa1531 was rude to my mother unacceptable pls help asap,I am sorry you experienced this on AA1531. I am escalating to a human specialist with a case number. Please DM your record locator + details.
t261,flight delay,flight_delay,"@customer: @AmericanAir flight AA2183 delayed 4hrs, will I miss my connection in LAX?",Sorry for the delay on AA2183. Please check live status in the American app and speak to the gate agent about rebooking/meal voucher if 3+ hrs (aa.com/manage). DM your record locator and I can walk you through options.
t262,loyalty account,loyalty_account,"@customer: gold status not showing, flight AA1200 tomorrow",Miles post within 48 hrs; request missing miles at aa.com/missingmiles with ticket number. DM details (never share password).
t263,flight delay,flight_delay,"@customer: @AmericanAir flight AA2589 delayed 6hrs, will I miss my connection in JFK?",Sorry for the delay on AA2589. Please check live status in the American app and speak to the gate agent about rebooking/meal voucher if 3+ hrs (aa.com/manage). DM your record locator and I can walk you through options.
t264,flight delay,flight_delay,"@customer: AA AA302 delayed, need hotel tonight in DFW, who pays?",Sorry for the delay on AA302. Please check live status in the American app and speak to the gate agent about rebooking/meal voucher if 3+ hrs (aa.com/manage). DM your record locator and I can walk you through options.
t265,complaint service,complaint_service,"@customer: never flying again, worst service AA1502, filing DOT complaint",I am sorry you experienced this on AA1502. I am escalating to a human specialist with a case number. Please DM your record locator + details.
t266,refund compensation,refund_compensation,"@customer: trip credit not received for AA2801, booking XLWTHV","If we cancelled, you may choose refund or trip credit at aa.com/refunds (refundable to original payment within 7 days). DM your record locator."
t267,checkin boarding,checkin_boarding,@customer: what gate for AA2514 at MIA? boarding group 4 when?,"Check in from 24 hrs in the app; gates close 15 min before departure. Try app refresh, or kiosk with confirmation code. DM your record locator if still blocked."
t268,booking change,booking_change,"@customer: @AmericanAir need to change flight AA2810 to tomorrow, fare difference?",You can change most main-cabin+ tickets at aa.com/manage (fare difference may apply). DM your record locator and new date and I will outline exact steps.
t269,loyalty account,loyalty_account,"@customer: @AmericanAir miles missing for flight AA1779, AAdvantage EJDM3S",Miles post within 48 hrs; request missing miles at aa.com/missingmiles with ticket number. DM details (never share password).
t270,complaint service,complaint_service,"@customer: never flying again, worst service AA557, filing DOT complaint",I am sorry you experienced this on AA557. I am escalating to a human specialist with a case number. Please DM your record locator + details.
t271,checkin boarding,checkin_boarding,@customer: what gate for AA1493 at LAX? boarding group 4 when?,"Check in from 24 hrs in the app; gates close 15 min before departure. Try app refresh, or kiosk with confirmation code. DM your record locator if still blocked."
t272,baggage,baggage,@customer: damaged suitcase on aa1894 claim process? pls help asap,Sorry about your bag. Please file a report at aa.com/baggage within 4 hrs and track in the app; keep receipts for essentials. DM your tag/record locator.
t273,complaint service,complaint_service,"@customer: @AmericanAir discriminated at gate PHX, want supervisor + case",I am sorry you experienced this on AA1603. I am escalating to a human specialist with a case number. Please DM your record locator + details.
t274,baggage,baggage,"@customer: charged $75 bag fee but told free, flight AA2476, refund?",Sorry about your bag. Please file a report at aa.com/baggage within 4 hrs and track in the app; keep receipts for essentials. DM your tag/record locator.
t275,flight delay,flight_delay,"@customer: @AmericanAir flight AA2528 delayed 1hrs, will I miss my connection in DCA?",Sorry for the delay on AA2528. Please check live status in the American app and speak to the gate agent about rebooking/meal voucher if 3+ hrs (aa.com/manage). DM your record locator and I can walk you through options.
t276,praise other,praise_other,@customer: thanks crew on aa2845 great landing in dca! pls help asap,Thanks for flying with us! Let us know if you need anything on AA2845.
t277,cancellation,cancellation,"@customer: flight AA163 cancelled, stranded in CLT tonight, help",Sorry your flight AA163 was cancelled. You can rebook free on the next available American flight at aa.com/manage or in the app. DM your record locator for help.
t278,praise other,praise_other,@customer: do you fly to DFW direct from DFW?,Thanks for flying with us! Let us know if you need anything on AA1811.
t279,refund compensation,refund_compensation,"@customer: trip credit not received for AA1174, booking CNXKN6","If we cancelled, you may choose refund or trip credit at aa.com/refunds (refundable to original payment within 7 days). DM your record locator."
t280,loyalty account,loyalty_account,"@customer: @AmericanAir cant login AAdvantage, reset not working",Miles post within 48 hrs; request missing miles at aa.com/missingmiles with ticket number. DM details (never share password).
t281,checkin boarding,checkin_boarding,"@customer: @AmericanAir cant check in flight AA1969, app error, leaves in 2 hours","Check in from 24 hrs in the app; gates close 15 min before departure. Try app refresh, or kiosk with confirmation code. DM your record locator if still blocked."
t282,complaint service,complaint_service,"@customer: @AmericanAir discriminated at gate DFW, want supervisor + case",I am sorry you experienced this on AA921. I am escalating to a human specialist with a case number. Please DM your record locator + details.
t283,cancellation,cancellation,"@customer: @AmericanAir you cancelled flight AA661 to DCA today, need rebook ASAP",Sorry your flight AA661 was cancelled. You can rebook free on the next available American flight at aa.com/manage or in the app. DM your record locator for help.
t284,refund compensation,refund_compensation,@customer: @AmericanAir refund for cancelled AA2289? nonrefundable but you cancelled,"If we cancelled, you may choose refund or trip credit at aa.com/refunds (refundable to original payment within 7 days). DM your record locator."
t285,refund compensation,refund_compensation,"@customer: trip credit not received for AA1912, booking XEBYB4","If we cancelled, you may choose refund or trip credit at aa.com/refunds (refundable to original payment within 7 days). DM your record locator."
t286,checkin boarding,checkin_boarding,@customer: what gate for AA2396 at ORD? boarding group 4 when?,"Check in from 24 hrs in the app; gates close 15 min before departure. Try app refresh, or kiosk with confirmation code. DM your record locator if still blocked."
t287,checkin boarding,checkin_boarding,"@customer: @AmericanAir boarding pass wont load, gate 44 at CLT","Check in from 24 hrs in the app; gates close 15 min before departure. Try app refresh, or kiosk with confirmation code. DM your record locator if still blocked."
t288,flight delay,flight_delay,"@customer: @AmericanAir stuck at DCA, delay again, crew says 1hr wait, what now?",Sorry for the delay on AA600. Please check live status in the American app and speak to the gate agent about rebooking/meal voucher if 3+ hrs (aa.com/manage). DM your record locator and I can walk you through options.
t289,cancellation,cancellation,"@customer: @AmericanAir you cancelled flight AA2085 to LAX today, need rebook ASAP",Sorry your flight AA2085 was cancelled. You can rebook free on the next available American flight at aa.com/manage or in the app. DM your record locator for help.
t290,cancellation,cancellation,@customer: you cancelled flight aa1510 to clt today need rebook asap pls help asap,Sorry your flight AA1510 was cancelled. You can rebook free on the next available American flight at aa.com/manage or in the app. DM your record locator for help.
t291,refund compensation,refund_compensation,@customer: @AmericanAir refund for cancelled AA2390? nonrefundable but you cancelled,"If we cancelled, you may choose refund or trip credit at aa.com/refunds (refundable to original payment within 7 days). DM your record locator."
t292,booking change,booking_change,@customer: @AmericanAir can I switch seat / add bag on booking 4CZZMX?,You can change most main-cabin+ tickets at aa.com/manage (fare difference may apply). DM your record locator and new date and I will outline exact steps.
t293,complaint service,complaint_service,"@customer: @AmericanAir discriminated at gate DCA, want supervisor + case",I am sorry you experienced this on AA710. I am escalating to a human specialist with a case number. Please DM your record locator + details.
t294,praise other,praise_other,@customer: thanks crew on aa2175 great landing in ord! pls help asap,Thanks for flying with us! Let us know if you need anything on AA2175.
t295,cancellation,cancellation,"@customer: @AmericanAir you cancelled flight AA2100 to DFW today, need rebook ASAP",Sorry your flight AA2100 was cancelled. You can rebook free on the next available American flight at aa.com/manage or in the app. DM your record locator for help.
t296,praise other,praise_other,"@customer: @AmericanAir thanks crew on AA1295, great landing in DFW!",Thanks for flying with us! Let us know if you need anything on AA1295.
t297,checkin boarding,checkin_boarding,"@customer: @AmericanAir cant check in flight AA268, app error, leaves in 2 hours","Check in from 24 hrs in the app; gates close 15 min before departure. Try app refresh, or kiosk with confirmation code. DM your record locator if still blocked."
t298,loyalty account,loyalty_account,"@customer: @AmericanAir cant login AAdvantage, reset not working",Miles post within 48 hrs; request missing miles at aa.com/missingmiles with ticket number. DM details (never share password).
t299,checkin boarding,checkin_boarding,@customer: what gate for AA373 at JFK? boarding group 4 when?,"Check in from 24 hrs in the app; gates close 15 min before departure. Try app refresh, or kiosk with confirmation code. DM your record locator if still blocked."
t300,flight delay,flight_delay,"@customer: @AmericanAir stuck at DCA, delay again, crew says 6hr wait, what now?",Sorry for the delay on AA1784. Please check live status in the American app and speak to the gate agent about rebooking/meal voucher if 3+ hrs (aa.com/manage). DM your record locator and I can walk you through options.
t301,refund compensation,refund_compensation,@customer: @AmericanAir refund for cancelled AA2009? nonrefundable but you cancelled,"If we cancelled, you may choose refund or trip credit at aa.com/refunds (refundable to original payment within 7 days). DM your record locator."
t302,praise other,praise_other,@customer: do you fly to DCA direct from DFW?,Thanks for flying with us! Let us know if you need anything on AA2690.
t303,complaint service,complaint_service,"@customer: never flying again, worst service AA2907, filing DOT complaint",I am sorry you experienced this on AA2907. I am escalating to a human specialist with a case number. Please DM your record locator + details.
t304,baggage,baggage,"@customer: charged $75 bag fee but told free, flight AA2852, refund?",Sorry about your bag. Please file a report at aa.com/baggage within 4 hrs and track in the app; keep receipts for essentials. DM your tag/record locator.
t305,complaint service,complaint_service,"@customer: @AmericanAir discriminated at gate DFW, want supervisor + case",I am sorry you experienced this on AA1782. I am escalating to a human specialist with a case number. Please DM your record locator + details.
t306,refund compensation,refund_compensation,@customer: @AmericanAir refund for cancelled AA2972? nonrefundable but you cancelled,"If we cancelled, you may choose refund or trip credit at aa.com/refunds (refundable to original payment within 7 days). DM your record locator."
t307,booking change,booking_change,@customer: @AmericanAir can I switch seat / add bag on booking H6V6NR?,You can change most main-cabin+ tickets at aa.com/manage (fare difference may apply). DM your record locator and new date and I will outline exact steps.
t308,booking change,booking_change,@customer: can i switch seat / add bag on booking a5dhux? pls help asap,You can change most main-cabin+ tickets at aa.com/manage (fare difference may apply). DM your record locator and new date and I will outline exact steps.
t309,praise other,praise_other,@customer: do you fly to DCA direct from DFW?,Thanks for flying with us! Let us know if you need anything on AA2204.
t310,checkin boarding,checkin_boarding,"@customer: @AmericanAir boarding pass wont load, gate 45 at CLT","Check in from 24 hrs in the app; gates close 15 min before departure. Try app refresh, or kiosk with confirmation code. DM your record locator if still blocked."
t311,flight delay,flight_delay,"@customer: AA AA587 delayed, need hotel tonight in CLT, who pays?",Sorry for the delay on AA587. Please check live status in the American app and speak to the gate agent about rebooking/meal voucher if 3+ hrs (aa.com/manage). DM your record locator and I can walk you through options.
t312,refund compensation,refund_compensation,@customer: @AmericanAir refund for cancelled AA868? nonrefundable but you cancelled,"If we cancelled, you may choose refund or trip credit at aa.com/refunds (refundable to original payment within 7 days). DM your record locator."
t313,flight delay,flight_delay,"@customer: @AmericanAir stuck at CLT, delay again, crew says 6hr wait, what now?",Sorry for the delay on AA2345. Please check live status in the American app and speak to the gate agent about rebooking/meal voucher if 3+ hrs (aa.com/manage). DM your record locator and I can walk you through options.
t314,checkin boarding,checkin_boarding,"@customer: @AmericanAir cant check in flight AA2455, app error, leaves in 2 hours","Check in from 24 hrs in the app; gates close 15 min before departure. Try app refresh, or kiosk with confirmation code. DM your record locator if still blocked."
t315,booking change,booking_change,"@customer: change name spelling on reservation 7U92MY, how?",You can change most main-cabin+ tickets at aa.com/manage (fare difference may apply). DM your record locator and new date and I will outline exact steps.
t316,baggage,baggage,"@customer: charged $75 bag fee but told free, flight AA1414, refund?",Sorry about your bag. Please file a report at aa.com/baggage within 4 hrs and track in the app; keep receipts for essentials. DM your tag/record locator.
t317,complaint service,complaint_service,@customer: never flying again worst service aa1772 filing dot complaint pls help asap,I am sorry you experienced this on AA1772. I am escalating to a human specialist with a case number. Please DM your record locator + details.
t318,loyalty account,loyalty_account,"@customer: @AmericanAir cant login AAdvantage, reset not working",Miles post within 48 hrs; request missing miles at aa.com/missingmiles with ticket number. DM details (never share password).
t319,checkin boarding,checkin_boarding,"@customer: @AmericanAir boarding pass wont load, gate 60 at JFK","Check in from 24 hrs in the app; gates close 15 min before departure. Try app refresh, or kiosk with confirmation code. DM your record locator if still blocked."
t320,booking change,booking_change,"@customer: change name spelling on reservation ZDN434, how?",You can change most main-cabin+ tickets at aa.com/manage (fare difference may apply). DM your record locator and new date and I will outline exact steps.
t321,checkin boarding,checkin_boarding,"@customer: @AmericanAir cant check in flight AA687, app error, leaves in 2 hours","Check in from 24 hrs in the app; gates close 15 min before departure. Try app refresh, or kiosk with confirmation code. DM your record locator if still blocked."
t322,baggage,baggage,"@customer: charged $75 bag fee but told free, flight AA1871, refund?",Sorry about your bag. Please file a report at aa.com/baggage within 4 hrs and track in the app; keep receipts for essentials. DM your tag/record locator.
t323,baggage,baggage,"@customer: charged $75 bag fee but told free, flight AA611, refund?",Sorry about your bag. Please file a report at aa.com/baggage within 4 hrs and track in the app; keep receipts for essentials. DM your tag/record locator.
t324,cancellation,cancellation,"@customer: flight AA2577 cancelled, stranded in CLT tonight, help",Sorry your flight AA2577 was cancelled. You can rebook free on the next available American flight at aa.com/manage or in the app. DM your record locator for help.
t325,cancellation,cancellation,"@customer: @AmericanAir you cancelled flight AA1431 to DFW today, need rebook ASAP",Sorry your flight AA1431 was cancelled. You can rebook free on the next available American flight at aa.com/manage or in the app. DM your record locator for help.
t326,complaint service,complaint_service,"@customer: @AmericanAir crew on AA2081 was rude to my mother, unacceptable",I am sorry you experienced this on AA2081. I am escalating to a human specialist with a case number. Please DM your record locator + details.
t327,praise other,praise_other,@customer: do you fly to jfk direct from dfw? pls help asap,Thanks for flying with us! Let us know if you need anything on AA224.
t328,loyalty account,loyalty_account,"@customer: gold status not showing, flight AA2511 tomorrow",Miles post within 48 hrs; request missing miles at aa.com/missingmiles with ticket number. DM details (never share password).
t329,booking change,booking_change,@customer: @AmericanAir can I switch seat / add bag on booking 96VGVD?,You can change most main-cabin+ tickets at aa.com/manage (fare difference may apply). DM your record locator and new date and I will outline exact steps.
t330,praise other,praise_other,"@customer: @AmericanAir thanks crew on AA1896, great landing in DFW!",Thanks for flying with us! Let us know if you need anything on AA1896.
t331,flight delay,flight_delay,"@customer: @AmericanAir flight AA1549 delayed 3hrs, will I miss my connection in MIA?",Sorry for the delay on AA1549. Please check live status in the American app and speak to the gate agent about rebooking/meal voucher if 3+ hrs (aa.com/manage). DM your record locator and I can walk you through options.
t332,checkin boarding,checkin_boarding,"@customer: @AmericanAir boarding pass wont load, gate 7 at CLT","Check in from 24 hrs in the app; gates close 15 min before departure. Try app refresh, or kiosk with confirmation code. DM your record locator if still blocked."
t333,checkin boarding,checkin_boarding,"@customer: @AmericanAir boarding pass wont load, gate 33 at LAX","Check in from 24 hrs in the app; gates close 15 min before departure. Try app refresh, or kiosk with confirmation code. DM your record locator if still blocked."
t334,checkin boarding,checkin_boarding,"@customer: @AmericanAir boarding pass wont load, gate 11 at PHX","Check in from 24 hrs in the app; gates close 15 min before departure. Try app refresh, or kiosk with confirmation code. DM your record locator if still blocked."
t335,loyalty account,loyalty_account,@customer: miles missing for flight aa666 aadvantage aguna4 pls help asap,Miles post within 48 hrs; request missing miles at aa.com/missingmiles with ticket number. DM details (never share password).
t336,praise other,praise_other,"@customer: @AmericanAir thanks crew on AA1424, great landing in CLT!",Thanks for flying with us! Let us know if you need anything on AA1424.
t337,cancellation,cancellation,"@customer: flight AA617 cancelled, stranded in DFW tonight, help",Sorry your flight AA617 was cancelled. You can rebook free on the next available American flight at aa.com/manage or in the app. DM your record locator for help.
t338,loyalty account,loyalty_account,"@customer: gold status not showing, flight AA2856 tomorrow",Miles post within 48 hrs; request missing miles at aa.com/missingmiles with ticket number. DM details (never share password).
t339,baggage,baggage,@customer: bag missing since yesterday flight aa120 at ord tag n34wzb pls help asap,Sorry about your bag. Please file a report at aa.com/baggage within 4 hrs and track in the app; keep receipts for essentials. DM your tag/record locator.
t340,complaint service,complaint_service,"@customer: @AmericanAir crew on AA1746 was rude to my mother, unacceptable",I am sorry you experienced this on AA1746. I am escalating to a human specialist with a case number. Please DM your record locator + details.
t341,flight delay,flight_delay,"@customer: @AmericanAir stuck at JFK, delay again, crew says 3hr wait, what now?",Sorry for the delay on AA525. Please check live status in the American app and speak to the gate agent about rebooking/meal voucher if 3+ hrs (aa.com/manage). DM your record locator and I can walk you through options.
t342,loyalty account,loyalty_account,@customer: miles missing for flight aa395 aadvantage 5t4svv pls help asap,Miles post within 48 hrs; request missing miles at aa.com/missingmiles with ticket number. DM details (never share password).
t343,praise other,praise_other,@customer: do you fly to ORD direct from DFW?,Thanks for flying with us! Let us know if you need anything on AA1291.
t344,baggage,baggage,"@customer: charged $75 bag fee but told free, flight AA1857, refund?",Sorry about your bag. Please file a report at aa.com/baggage within 4 hrs and track in the app; keep receipts for essentials. DM your tag/record locator.
t345,refund compensation,refund_compensation,@customer: @AmericanAir want voucher for 5hr delay AA1311 in ORD,"If we cancelled, you may choose refund or trip credit at aa.com/refunds (refundable to original payment within 7 days). DM your record locator."
t346,loyalty account,loyalty_account,"@customer: gold status not showing, flight AA2453 tomorrow",Miles post within 48 hrs; request missing miles at aa.com/missingmiles with ticket number. DM details (never share password).
t347,loyalty account,loyalty_account,@customer: miles missing for flight aa836 aadvantage vkje35 pls help asap,Miles post within 48 hrs; request missing miles at aa.com/missingmiles with ticket number. DM details (never share password).
t348,complaint service,complaint_service,"@customer: @AmericanAir crew on AA2778 was rude to my mother, unacceptable",I am sorry you experienced this on AA2778. I am escalating to a human specialist with a case number. Please DM your record locator + details.
t349,checkin boarding,checkin_boarding,@customer: cant check in flight aa2328 app error leaves in 2 hours pls help asap,"Check in from 24 hrs in the app; gates close 15 min before departure. Try app refresh, or kiosk with confirmation code. DM your record locator if still blocked."
t350,checkin boarding,checkin_boarding,"@customer: @AmericanAir boarding pass wont load, gate 59 at ORD","Check in from 24 hrs in the app; gates close 15 min before departure. Try app refresh, or kiosk with confirmation code. DM your record locator if still blocked."
t351,praise other,praise_other,@customer: do you fly to JFK direct from DFW?,Thanks for flying with us! Let us know if you need anything on AA2686.
t352,booking change,booking_change,@customer: change name spelling on reservation 2hjayg how? pls help asap,You can change most main-cabin+ tickets at aa.com/manage (fare difference may apply). DM your record locator and new date and I will outline exact steps.
t353,cancellation,cancellation,"@customer: flight AA1702 cancelled, stranded in DCA tonight, help",Sorry your flight AA1702 was cancelled. You can rebook free on the next available American flight at aa.com/manage or in the app. DM your record locator for help.
t354,refund compensation,refund_compensation,@customer: @AmericanAir want voucher for 5hr delay AA828 in DCA,"If we cancelled, you may choose refund or trip credit at aa.com/refunds (refundable to original payment within 7 days). DM your record locator."
t355,baggage,baggage,"@customer: @AmericanAir bag missing since yesterday flight AA1689 at ORD, tag 4H53XJ",Sorry about your bag. Please file a report at aa.com/baggage within 4 hrs and track in the app; keep receipts for essentials. DM your tag/record locator.
t356,booking change,booking_change,@customer: change name spelling on reservation uxfed9 how? pls help asap,You can change most main-cabin+ tickets at aa.com/manage (fare difference may apply). DM your record locator and new date and I will outline exact steps.
t357,baggage,baggage,"@customer: @AmericanAir bag missing since yesterday flight AA365 at MIA, tag KJ77MT",Sorry about your bag. Please file a report at aa.com/baggage within 4 hrs and track in the app; keep receipts for essentials. DM your tag/record locator.
t358,refund compensation,refund_compensation,@customer: @AmericanAir want voucher for 5hr delay AA1600 in ORD,"If we cancelled, you may choose refund or trip credit at aa.com/refunds (refundable to original payment within 7 days). DM your record locator."
t359,baggage,baggage,@customer: damaged suitcase on aa1596 claim process? pls help asap,Sorry about your bag. Please file a report at aa.com/baggage within 4 hrs and track in the app; keep receipts for essentials. DM your tag/record locator.
t360,complaint service,complaint_service,@customer: discriminated at gate phx want supervisor + case pls help asap,I am sorry you experienced this on AA574. I am escalating to a human specialist with a case number. Please DM your record locator + details.
t361,baggage,baggage,"@customer: @AmericanAir bag missing since yesterday flight AA1189 at ORD, tag MR7TCH",Sorry about your bag. Please file a report at aa.com/baggage within 4 hrs and track in the app; keep receipts for essentials. DM your tag/record locator.
t362,loyalty account,loyalty_account,"@customer: @AmericanAir miles missing for flight AA345, AAdvantage 8SHF5G",Miles post within 48 hrs; request missing miles at aa.com/missingmiles with ticket number. DM details (never share password).
t363,complaint service,complaint_service,"@customer: never flying again, worst service AA639, filing DOT complaint",I am sorry you experienced this on AA639. I am escalating to a human specialist with a case number. Please DM your record locator + details.
t364,praise other,praise_other,"@customer: @AmericanAir thanks crew on AA2670, great landing in DCA!",Thanks for flying with us! Let us know if you need anything on AA2670.
t365,checkin boarding,checkin_boarding,"@customer: @AmericanAir cant check in flight AA1686, app error, leaves in 2 hours","Check in from 24 hrs in the app; gates close 15 min before departure. Try app refresh, or kiosk with confirmation code. DM your record locator if still blocked."
t366,cancellation,cancellation,@customer: cancelled on me at gate jfk rebook options? pls help asap,Sorry your flight AA988 was cancelled. You can rebook free on the next available American flight at aa.com/manage or in the app. DM your record locator for help.
t367,booking change,booking_change,"@customer: @AmericanAir need to change flight AA1574 to tomorrow, fare difference?",You can change most main-cabin+ tickets at aa.com/manage (fare difference may apply). DM your record locator and new date and I will outline exact steps.
t368,baggage,baggage,"@customer: @AmericanAir damaged suitcase on AA1970, claim process?",Sorry about your bag. Please file a report at aa.com/baggage within 4 hrs and track in the app; keep receipts for essentials. DM your tag/record locator.
t369,booking change,booking_change,"@customer: @AmericanAir need to change flight AA100 to tomorrow, fare difference?",You can change most main-cabin+ tickets at aa.com/manage (fare difference may apply). DM your record locator and new date and I will outline exact steps.
t370,loyalty account,loyalty_account,"@customer: @AmericanAir miles missing for flight AA661, AAdvantage 9EL2FP",Miles post within 48 hrs; request missing miles at aa.com/missingmiles with ticket number. DM details (never share password).
t371,baggage,baggage,"@customer: @AmericanAir bag missing since yesterday flight AA1201 at JFK, tag 8YDP48",Sorry about your bag. Please file a report at aa.com/baggage within 4 hrs and track in the app; keep receipts for essentials. DM your tag/record locator.
t372,booking change,booking_change,"@customer: @AmericanAir need to change flight AA1820 to tomorrow, fare difference?",You can change most main-cabin+ tickets at aa.com/manage (fare difference may apply). DM your record locator and new date and I will outline exact steps.
t373,checkin boarding,checkin_boarding,@customer: what gate for AA2386 at ORD? boarding group 4 when?,"Check in from 24 hrs in the app; gates close 15 min before departure. Try app refresh, or kiosk with confirmation code. DM your record locator if still blocked."
t374,praise other,praise_other,"@customer: @AmericanAir love the new app, smooth checkin",Thanks for flying with us! Let us know if you need anything on AA2874.
t375,booking change,booking_change,@customer: @AmericanAir can I switch seat / add bag on booking 3HP8GP?,You can change most main-cabin+ tickets at aa.com/manage (fare difference may apply). DM your record locator and new date and I will outline exact steps.
t376,checkin boarding,checkin_boarding,"@customer: @AmericanAir boarding pass wont load, gate 57 at MIA","Check in from 24 hrs in the app; gates close 15 min before departure. Try app refresh, or kiosk with confirmation code. DM your record locator if still blocked."
t377,loyalty account,loyalty_account,"@customer: gold status not showing, flight AA418 tomorrow",Miles post within 48 hrs; request missing miles at aa.com/missingmiles with ticket number. DM details (never share password).
t378,flight delay,flight_delay,"@customer: AA AA2868 delayed, need hotel tonight in ORD, who pays?",Sorry for the delay on AA2868. Please check live status in the American app and speak to the gate agent about rebooking/meal voucher if 3+ hrs (aa.com/manage). DM your record locator and I can walk you through options.
t379,baggage,baggage,@customer: damaged suitcase on aa1332 claim process? pls help asap,Sorry about your bag. Please file a report at aa.com/baggage within 4 hrs and track in the app; keep receipts for essentials. DM your tag/record locator.
t380,praise other,praise_other,"@customer: @AmericanAir love the new app, smooth checkin",Thanks for flying with us! Let us know if you need anything on AA2396.
t381,baggage,baggage,"@customer: @AmericanAir bag missing since yesterday flight AA198 at LAX, tag D79ELS",Sorry about your bag. Please file a report at aa.com/baggage within 4 hrs and track in the app; keep receipts for essentials. DM your tag/record locator.
t382,refund compensation,refund_compensation,@customer: @AmericanAir want voucher for 5hr delay AA325 in CLT,"If we cancelled, you may choose refund or trip credit at aa.com/refunds (refundable to original payment within 7 days). DM your record locator."
t383,booking change,booking_change,"@customer: @AmericanAir need to change flight AA2578 to tomorrow, fare difference?",You can change most main-cabin+ tickets at aa.com/manage (fare difference may apply). DM your record locator and new date and I will outline exact steps.
t384,cancellation,cancellation,"@customer: @AmericanAir cancelled on me at gate JFK, rebook options?",Sorry your flight AA485 was cancelled. You can rebook free on the next available American flight at aa.com/manage or in the app. DM your record locator for help.
t385,loyalty account,loyalty_account,@customer: miles missing for flight aa153 aadvantage gudwhj pls help asap,Miles post within 48 hrs; request missing miles at aa.com/missingmiles with ticket number. DM details (never share password).
t386,baggage,baggage,"@customer: charged $75 bag fee but told free, flight AA196, refund?",Sorry about your bag. Please file a report at aa.com/baggage within 4 hrs and track in the app; keep receipts for essentials. DM your tag/record locator.
t387,booking change,booking_change,"@customer: @AmericanAir need to change flight AA354 to tomorrow, fare difference?",You can change most main-cabin+ tickets at aa.com/manage (fare difference may apply). DM your record locator and new date and I will outline exact steps.
t388,refund compensation,refund_compensation,@customer: @AmericanAir refund for cancelled AA2595? nonrefundable but you cancelled,"If we cancelled, you may choose refund or trip credit at aa.com/refunds (refundable to original payment within 7 days). DM your record locator."
t389,cancellation,cancellation,"@customer: flight AA2235 cancelled, stranded in PHX tonight, help",Sorry your flight AA2235 was cancelled. You can rebook free on the next available American flight at aa.com/manage or in the app. DM your record locator for help.
t390,refund compensation,refund_compensation,@customer: trip credit not received for aa2203 booking hlry2m pls help asap,"If we cancelled, you may choose refund or trip credit at aa.com/refunds (refundable to original payment within 7 days). DM your record locator."
t391,complaint service,complaint_service,"@customer: @AmericanAir crew on AA2708 was rude to my mother, unacceptable",I am sorry you experienced this on AA2708. I am escalating to a human specialist with a case number. Please DM your record locator + details.
t392,checkin boarding,checkin_boarding,@customer: boarding pass wont load gate 34 at mia pls help asap,"Check in from 24 hrs in the app; gates close 15 min before departure. Try app refresh, or kiosk with confirmation code. DM your record locator if still blocked."
t393,cancellation,cancellation,"@customer: @AmericanAir cancelled on me at gate CLT, rebook options?",Sorry your flight AA771 was cancelled. You can rebook free on the next available American flight at aa.com/manage or in the app. DM your record locator for help.
t394,baggage,baggage,"@customer: @AmericanAir damaged suitcase on AA2360, claim process?",Sorry about your bag. Please file a report at aa.com/baggage within 4 hrs and track in the app; keep receipts for essentials. DM your tag/record locator.
t395,baggage,baggage,"@customer: charged $75 bag fee but told free, flight AA630, refund?",Sorry about your bag. Please file a report at aa.com/baggage within 4 hrs and track in the app; keep receipts for essentials. DM your tag/record locator.
t396,booking change,booking_change,"@customer: change name spelling on reservation LZ5XXB, how?",You can change most main-cabin+ tickets at aa.com/manage (fare difference may apply). DM your record locator and new date and I will outline exact steps.
t397,refund compensation,refund_compensation,"@customer: trip credit not received for AA261, booking 68L54J","If we cancelled, you may choose refund or trip credit at aa.com/refunds (refundable to original payment within 7 days). DM your record locator."
t398,loyalty account,loyalty_account,"@customer: @AmericanAir cant login AAdvantage, reset not working",Miles post within 48 hrs; request missing miles at aa.com/missingmiles with ticket number. DM details (never share password).
t399,booking change,booking_change,@customer: @AmericanAir can I switch seat / add bag on booking SLPKHY?,You can change most main-cabin+ tickets at aa.com/manage (fare difference may apply). DM your record locator and new date and I will outline exact steps.
t400,booking change,booking_change,@customer: @AmericanAir can I switch seat / add bag on booking 585T73?,You can change most main-cabin+ tickets at aa.com/manage (fare difference may apply). DM your record locator and new date and I will outline exact steps.
t401,complaint service,complaint_service,@customer: never flying again worst service aa977 filing dot complaint pls help asap,I am sorry you experienced this on AA977. I am escalating to a human specialist with a case number. Please DM your record locator + details.
t402,cancellation,cancellation,"@customer: @AmericanAir cancelled on me at gate DCA, rebook options?",Sorry your flight AA315 was cancelled. You can rebook free on the next available American flight at aa.com/manage or in the app. DM your record locator for help.
t403,refund compensation,refund_compensation,"@customer: trip credit not received for AA1542, booking UDU4SR","If we cancelled, you may choose refund or trip credit at aa.com/refunds (refundable to original payment within 7 days). DM your record locator."
t404,baggage,baggage,"@customer: @AmericanAir bag missing since yesterday flight AA953 at DCA, tag MM8YD7",Sorry about your bag. Please file a report at aa.com/baggage within 4 hrs and track in the app; keep receipts for essentials. DM your tag/record locator.
t405,flight delay,flight_delay,"@customer: AA AA636 delayed, need hotel tonight in DFW, who pays?",Sorry for the delay on AA636. Please check live status in the American app and speak to the gate agent about rebooking/meal voucher if 3+ hrs (aa.com/manage). DM your record locator and I can walk you through options.
t406,loyalty account,loyalty_account,"@customer: @AmericanAir miles missing for flight AA1658, AAdvantage WCPL9S",Miles post within 48 hrs; request missing miles at aa.com/missingmiles with ticket number. DM details (never share password).
t407,flight delay,flight_delay,"@customer: AA AA686 delayed, need hotel tonight in JFK, who pays?",Sorry for the delay on AA686. Please check live status in the American app and speak to the gate agent about rebooking/meal voucher if 3+ hrs (aa.com/manage). DM your record locator and I can walk you through options.
t408,flight delay,flight_delay,"@customer: @AmericanAir flight AA949 delayed 4hrs, will I miss my connection in MIA?",Sorry for the delay on AA949. Please check live status in the American app and speak to the gate agent about rebooking/meal voucher if 3+ hrs (aa.com/manage). DM your record locator and I can walk you through options.
t409,booking change,booking_change,@customer: change name spelling on reservation 3pvjjp how? pls help asap,You can change most main-cabin+ tickets at aa.com/manage (fare difference may apply). DM your record locator and new date and I will outline exact steps.
t410,flight delay,flight_delay,"@customer: @AmericanAir stuck at JFK, delay again, crew says 2hr wait, what now?",Sorry for the delay on AA777. Please check live status in the American app and speak to the gate agent about rebooking/meal voucher if 3+ hrs (aa.com/manage). DM your record locator and I can walk you through options.
t411,baggage,baggage,"@customer: @AmericanAir damaged suitcase on AA1838, claim process?",Sorry about your bag. Please file a report at aa.com/baggage within 4 hrs and track in the app; keep receipts for essentials. DM your tag/record locator.
t412,booking change,booking_change,"@customer: change name spelling on reservation 9L2HGF, how?",You can change most main-cabin+ tickets at aa.com/manage (fare difference may apply). DM your record locator and new date and I will outline exact steps.
t413,refund compensation,refund_compensation,@customer: @AmericanAir refund for cancelled AA2700? nonrefundable but you cancelled,"If we cancelled, you may choose refund or trip credit at aa.com/refunds (refundable to original payment within 7 days). DM your record locator."
t414,complaint service,complaint_service,"@customer: @AmericanAir discriminated at gate PHX, want supervisor + case",I am sorry you experienced this on AA1234. I am escalating to a human specialist with a case number. Please DM your record locator + details.
t415,checkin boarding,checkin_boarding,@customer: what gate for AA1841 at DFW? boarding group 4 when?,"Check in from 24 hrs in the app; gates close 15 min before departure. Try app refresh, or kiosk with confirmation code. DM your record locator if still blocked."
t416,complaint service,complaint_service,"@customer: @AmericanAir discriminated at gate DFW, want supervisor + case",I am sorry you experienced this on AA2184. I am escalating to a human specialist with a case number. Please DM your record locator + details.
t417,checkin boarding,checkin_boarding,@customer: what gate for aa1733 at mia? boarding group 4 when? pls help asap,"Check in from 24 hrs in the app; gates close 15 min before departure. Try app refresh, or kiosk with confirmation code. DM your record locator if still blocked."
t418,flight delay,flight_delay,"@customer: AA AA1423 delayed, need hotel tonight in DCA, who pays?",Sorry for the delay on AA1423. Please check live status in the American app and speak to the gate agent about rebooking/meal voucher if 3+ hrs (aa.com/manage). DM your record locator and I can walk you through options.
t419,loyalty account,loyalty_account,"@customer: gold status not showing, flight AA2595 tomorrow",Miles post within 48 hrs; request missing miles at aa.com/missingmiles with ticket number. DM details (never share password).
t420,refund compensation,refund_compensation,@customer: want voucher for 5hr delay aa756 in ord pls help asap,"If we cancelled, you may choose refund or trip credit at aa.com/refunds (refundable to original payment within 7 days). DM your record locator."
t421,refund compensation,refund_compensation,@customer: @AmericanAir refund for cancelled AA538? nonrefundable but you cancelled,"If we cancelled, you may choose refund or trip credit at aa.com/refunds (refundable to original payment within 7 days). DM your record locator."
t422,loyalty account,loyalty_account,@customer: cant login aadvantage reset not working pls help asap,Miles post within 48 hrs; request missing miles at aa.com/missingmiles with ticket number. DM details (never share password).
t423,booking change,booking_change,"@customer: @AmericanAir need to change flight AA1997 to tomorrow, fare difference?",You can change most main-cabin+ tickets at aa.com/manage (fare difference may apply). DM your record locator and new date and I will outline exact steps.
t424,complaint service,complaint_service,"@customer: @AmericanAir crew on AA2078 was rude to my mother, unacceptable",I am sorry you experienced this on AA2078. I am escalating to a human specialist with a case number. Please DM your record locator + details.
t425,flight delay,flight_delay,@customer: stuck at mia delay again crew says 4hr wait what now? pls help asap,Sorry for the delay on AA2341. Please check live status in the American app and speak to the gate agent about rebooking/meal voucher if 3+ hrs (aa.com/manage). DM your record locator and I can walk you through options.
t426,praise other,praise_other,@customer: do you fly to DFW direct from DFW?,Thanks for flying with us! Let us know if you need anything on AA683.
t427,loyalty account,loyalty_account,"@customer: gold status not showing, flight AA2841 tomorrow",Miles post within 48 hrs; request missing miles at aa.com/missingmiles with ticket number. DM details (never share password).
t428,baggage,baggage,"@customer: @AmericanAir damaged suitcase on AA964, claim process?",Sorry about your bag. Please file a report at aa.com/baggage within 4 hrs and track in the app; keep receipts for essentials. DM your tag/record locator.
t429,booking change,booking_change,@customer: change name spelling on reservation rj7c72 how? pls help asap,You can change most main-cabin+ tickets at aa.com/manage (fare difference may apply). DM your record locator and new date and I will outline exact steps.
t430,loyalty account,loyalty_account,"@customer: @AmericanAir cant login AAdvantage, reset not working",Miles post within 48 hrs; request missing miles at aa.com/missingmiles with ticket number. DM details (never share password).
t431,refund compensation,refund_compensation,@customer: @AmericanAir refund for cancelled AA1938? nonrefundable but you cancelled,"If we cancelled, you may choose refund or trip credit at aa.com/refunds (refundable to original payment within 7 days). DM your record locator."
t432,praise other,praise_other,@customer: do you fly to dca direct from dfw? pls help asap,Thanks for flying with us! Let us know if you need anything on AA1847.
t433,booking change,booking_change,"@customer: change name spelling on reservation B9TZEW, how?",You can change most main-cabin+ tickets at aa.com/manage (fare difference may apply). DM your record locator and new date and I will outline exact steps.
t434,flight delay,flight_delay,"@customer: @AmericanAir stuck at JFK, delay again, crew says 6hr wait, what now?",Sorry for the delay on AA2057. Please check live status in the American app and speak to the gate agent about rebooking/meal voucher if 3+ hrs (aa.com/manage). DM your record locator and I can walk you through options.
t435,booking change,booking_change,"@customer: @AmericanAir need to change flight AA2742 to tomorrow, fare difference?",You can change most main-cabin+ tickets at aa.com/manage (fare difference may apply). DM your record locator and new date and I will outline exact steps.
t436,refund compensation,refund_compensation,@customer: want voucher for 5hr delay aa349 in dca pls help asap,"If we cancelled, you may choose refund or trip credit at aa.com/refunds (refundable to original payment within 7 days). DM your record locator."
t437,complaint service,complaint_service,"@customer: @AmericanAir discriminated at gate MIA, want supervisor + case",I am sorry you experienced this on AA2893. I am escalating to a human specialist with a case number. Please DM your record locator + details.
t438,praise other,praise_other,"@customer: @AmericanAir love the new app, smooth checkin",Thanks for flying with us! Let us know if you need anything on AA1759.
t439,checkin boarding,checkin_boarding,"@customer: @AmericanAir cant check in flight AA1504, app error, leaves in 2 hours","Check in from 24 hrs in the app; gates close 15 min before departure. Try app refresh, or kiosk with confirmation code. DM your record locator if still blocked."
t440,checkin boarding,checkin_boarding,"@customer: @AmericanAir cant check in flight AA1401, app error, leaves in 2 hours","Check in from 24 hrs in the app; gates close 15 min before departure. Try app refresh, or kiosk with confirmation code. DM your record locator if still blocked."
t441,baggage,baggage,@customer: charged $75 bag fee but told free flight aa2823 refund? pls help asap,Sorry about your bag. Please file a report at aa.com/baggage within 4 hrs and track in the app; keep receipts for essentials. DM your tag/record locator.
t442,praise other,praise_other,"@customer: @AmericanAir thanks crew on AA942, great landing in ORD!",Thanks for flying with us! Let us know if you need anything on AA942.
t443,flight delay,flight_delay,"@customer: @AmericanAir stuck at MIA, delay again, crew says 3hr wait, what now?",Sorry for the delay on AA301. Please check live status in the American app and speak to the gate agent about rebooking/meal voucher if 3+ hrs (aa.com/manage). DM your record locator and I can walk you through options.
t444,booking change,booking_change,@customer: need to change flight aa516 to tomorrow fare difference? pls help asap,You can change most main-cabin+ tickets at aa.com/manage (fare difference may apply). DM your record locator and new date and I will outline exact steps.
t445,loyalty account,loyalty_account,"@customer: @AmericanAir miles missing for flight AA1207, AAdvantage SP5AAB",Miles post within 48 hrs; request missing miles at aa.com/missingmiles with ticket number. DM details (never share password).
t446,checkin boarding,checkin_boarding,@customer: what gate for AA646 at JFK? boarding group 4 when?,"Check in from 24 hrs in the app; gates close 15 min before departure. Try app refresh, or kiosk with confirmation code. DM your record locator if still blocked."
t447,cancellation,cancellation,"@customer: flight AA2133 cancelled, stranded in ORD tonight, help",Sorry your flight AA2133 was cancelled. You can rebook free on the next available American flight at aa.com/manage or in the app. DM your record locator for help.
t448,baggage,baggage,"@customer: @AmericanAir bag missing since yesterday flight AA2055 at DCA, tag UPRB99",Sorry about your bag. Please file a report at aa.com/baggage within 4 hrs and track in the app; keep receipts for essentials. DM your tag/record locator.
t449,flight delay,flight_delay,"@customer: AA AA841 delayed, need hotel tonight in JFK, who pays?",Sorry for the delay on AA841. Please check live status in the American app and speak to the gate agent about rebooking/meal voucher if 3+ hrs (aa.com/manage). DM your record locator and I can walk you through options.
t450,complaint service,complaint_service,"@customer: @AmericanAir crew on AA2910 was rude to my mother, unacceptable",I am sorry you experienced this on AA2910. I am escalating to a human specialist with a case number. Please DM your record locator + details.
t451,booking change,booking_change,"@customer: change name spelling on reservation KBBSZG, how?",You can change most main-cabin+ tickets at aa.com/manage (fare difference may apply). DM your record locator and new date and I will outline exact steps.
t452,loyalty account,loyalty_account,"@customer: @AmericanAir cant login AAdvantage, reset not working",Miles post within 48 hrs; request missing miles at aa.com/missingmiles with ticket number. DM details (never share password).
t453,checkin boarding,checkin_boarding,@customer: boarding pass wont load gate 5 at jfk pls help asap,"Check in from 24 hrs in the app; gates close 15 min before departure. Try app refresh, or kiosk with confirmation code. DM your record locator if still blocked."
t454,baggage,baggage,"@customer: @AmericanAir damaged suitcase on AA2674, claim process?",Sorry about your bag. Please file a report at aa.com/baggage within 4 hrs and track in the app; keep receipts for essentials. DM your tag/record locator.
t455,complaint service,complaint_service,"@customer: @AmericanAir crew on AA678 was rude to my mother, unacceptable",I am sorry you experienced this on AA678. I am escalating to a human specialist with a case number. Please DM your record locator + details.
t456,cancellation,cancellation,"@customer: @AmericanAir you cancelled flight AA1419 to LAX today, need rebook ASAP",Sorry your flight AA1419 was cancelled. You can rebook free on the next available American flight at aa.com/manage or in the app. DM your record locator for help.
t457,complaint service,complaint_service,"@customer: @AmericanAir crew on AA114 was rude to my mother, unacceptable",I am sorry you experienced this on AA114. I am escalating to a human specialist with a case number. Please DM your record locator + details.
t458,cancellation,cancellation,"@customer: flight AA1005 cancelled, stranded in DCA tonight, help",Sorry your flight AA1005 was cancelled. You can rebook free on the next available American flight at aa.com/manage or in the app. DM your record locator for help.
t459,praise other,praise_other,"@customer: @AmericanAir thanks crew on AA1374, great landing in LAX!",Thanks for flying with us! Let us know if you need anything on AA1374.
t460,praise other,praise_other,"@customer: @AmericanAir thanks crew on AA1815, great landing in CLT!",Thanks for flying with us! Let us know if you need anything on AA1815.
t461,praise other,praise_other,@customer: do you fly to ORD direct from DFW?,Thanks for flying with us! Let us know if you need anything on AA1636.
t462,checkin boarding,checkin_boarding,@customer: what gate for AA1354 at LAX? boarding group 4 when?,"Check in from 24 hrs in the app; gates close 15 min before departure. Try app refresh, or kiosk with confirmation code. DM your record locator if still blocked."
t463,flight delay,flight_delay,"@customer: @AmericanAir stuck at ORD, delay again, crew says 3hr wait, what now?",Sorry for the delay on AA2346. Please check live status in the American app and speak to the gate agent about rebooking/meal voucher if 3+ hrs (aa.com/manage). DM your record locator and I can walk you through options.
t464,cancellation,cancellation,"@customer: flight AA861 cancelled, stranded in DCA tonight, help",Sorry your flight AA861 was cancelled. You can rebook free on the next available American flight at aa.com/manage or in the app. DM your record locator for help.
t465,checkin boarding,checkin_boarding,"@customer: @AmericanAir cant check in flight AA2727, app error, leaves in 2 hours","Check in from 24 hrs in the app; gates close 15 min before departure. Try app refresh, or kiosk with confirmation code. DM your record locator if still blocked."
t466,booking change,booking_change,@customer: @AmericanAir can I switch seat / add bag on booking D6QNVJ?,You can change most main-cabin+ tickets at aa.com/manage (fare difference may apply). DM your record locator and new date and I will outline exact steps.
t467,flight delay,flight_delay,@customer: aa aa1622 delayed need hotel tonight in ord who pays? pls help asap,Sorry for the delay on AA1622. Please check live status in the American app and speak to the gate agent about rebooking/meal voucher if 3+ hrs (aa.com/manage). DM your record locator and I can walk you through options.
t468,baggage,baggage,"@customer: @AmericanAir bag missing since yesterday flight AA2030 at JFK, tag UULBLW",Sorry about your bag. Please file a report at aa.com/baggage within 4 hrs and track in the app; keep receipts for essentials. DM your tag/record locator.
t469,baggage,baggage,"@customer: @AmericanAir bag missing since yesterday flight AA1904 at PHX, tag KPM6D9",Sorry about your bag. Please file a report at aa.com/baggage within 4 hrs and track in the app; keep receipts for essentials. DM your tag/record locator.
t470,baggage,baggage,"@customer: @AmericanAir damaged suitcase on AA2695, claim process?",Sorry about your bag. Please file a report at aa.com/baggage within 4 hrs and track in the app; keep receipts for essentials. DM your tag/record locator.
t471,baggage,baggage,@customer: charged $75 bag fee but told free flight aa2659 refund? pls help asap,Sorry about your bag. Please file a report at aa.com/baggage within 4 hrs and track in the app; keep receipts for essentials. DM your tag/record locator.
t472,complaint service,complaint_service,"@customer: @AmericanAir crew on AA2939 was rude to my mother, unacceptable",I am sorry you experienced this on AA2939. I am escalating to a human specialist with a case number. Please DM your record locator + details.
t473,booking change,booking_change,"@customer: @AmericanAir need to change flight AA2191 to tomorrow, fare difference?",You can change most main-cabin+ tickets at aa.com/manage (fare difference may apply). DM your record locator and new date and I will outline exact steps.
t474,checkin boarding,checkin_boarding,"@customer: @AmericanAir cant check in flight AA1599, app error, leaves in 2 hours","Check in from 24 hrs in the app; gates close 15 min before departure. Try app refresh, or kiosk with confirmation code. DM your record locator if still blocked."
t475,loyalty account,loyalty_account,"@customer: @AmericanAir miles missing for flight AA763, AAdvantage 9GTMJF",Miles post within 48 hrs; request missing miles at aa.com/missingmiles with ticket number. DM details (never share password).
t476,checkin boarding,checkin_boarding,@customer: what gate for AA338 at ORD? boarding group 4 when?,"Check in from 24 hrs in the app; gates close 15 min before departure. Try app refresh, or kiosk with confirmation code. DM your record locator if still blocked."
t477,booking change,booking_change,"@customer: change name spelling on reservation JWEVFS, how?",You can change most main-cabin+ tickets at aa.com/manage (fare difference may apply). DM your record locator and new date and I will outline exact steps.
t478,complaint service,complaint_service,"@customer: never flying again, worst service AA2625, filing DOT complaint",I am sorry you experienced this on AA2625. I am escalating to a human specialist with a case number. Please DM your record locator + details.
t479,checkin boarding,checkin_boarding,@customer: what gate for AA617 at JFK? boarding group 4 when?,"Check in from 24 hrs in the app; gates close 15 min before departure. Try app refresh, or kiosk with confirmation code. DM your record locator if still blocked."
t480,praise other,praise_other,@customer: do you fly to DCA direct from DFW?,Thanks for flying with us! Let us know if you need anything on AA704.
t481,complaint service,complaint_service,"@customer: never flying again, worst service AA1077, filing DOT complaint",I am sorry you experienced this on AA1077. I am escalating to a human specialist with a case number. Please DM your record locator + details.
t482,cancellation,cancellation,"@customer: @AmericanAir you cancelled flight AA754 to LAX today, need rebook ASAP",Sorry your flight AA754 was cancelled. You can rebook free on the next available American flight at aa.com/manage or in the app. DM your record locator for help.
t483,flight delay,flight_delay,"@customer: AA AA1272 delayed, need hotel tonight in PHX, who pays?",Sorry for the delay on AA1272. Please check live status in the American app and speak to the gate agent about rebooking/meal voucher if 3+ hrs (aa.com/manage). DM your record locator and I can walk you through options.
t484,loyalty account,loyalty_account,"@customer: @AmericanAir cant login AAdvantage, reset not working",Miles post within 48 hrs; request missing miles at aa.com/missingmiles with ticket number. DM details (never share password).
t485,baggage,baggage,"@customer: @AmericanAir damaged suitcase on AA1608, claim process?",Sorry about your bag. Please file a report at aa.com/baggage within 4 hrs and track in the app; keep receipts for essentials. DM your tag/record locator.
t486,checkin boarding,checkin_boarding,"@customer: @AmericanAir boarding pass wont load, gate 42 at ORD","Check in from 24 hrs in the app; gates close 15 min before departure. Try app refresh, or kiosk with confirmation code. DM your record locator if still blocked."
t487,checkin boarding,checkin_boarding,@customer: what gate for aa486 at phx? boarding group 4 when? pls help asap,"Check in from 24 hrs in the app; gates close 15 min before departure. Try app refresh, or kiosk with confirmation code. DM your record locator if still blocked."
t488,refund compensation,refund_compensation,@customer: @AmericanAir want voucher for 5hr delay AA664 in PHX,"If we cancelled, you may choose refund or trip credit at aa.com/refunds (refundable to original payment within 7 days). DM your record locator."
t489,loyalty account,loyalty_account,"@customer: @AmericanAir miles missing for flight AA512, AAdvantage EF6LWP",Miles post within 48 hrs; request missing miles at aa.com/missingmiles with ticket number. DM details (never share password).
t490,baggage,baggage,"@customer: @AmericanAir bag missing since yesterday flight AA2045 at DCA, tag UGWRD9",Sorry about your bag. Please file a report at aa.com/baggage within 4 hrs and track in the app; keep receipts for essentials. DM your tag/record locator.
t491,cancellation,cancellation,@customer: flight aa1883 cancelled stranded in clt tonight help pls help asap,Sorry your flight AA1883 was cancelled. You can rebook free on the next available American flight at aa.com/manage or in the app. DM your record locator for help.
t492,cancellation,cancellation,"@customer: flight AA745 cancelled, stranded in ORD tonight, help",Sorry your flight AA745 was cancelled. You can rebook free on the next available American flight at aa.com/manage or in the app. DM your record locator for help.
t493,refund compensation,refund_compensation,@customer: @AmericanAir want voucher for 5hr delay AA453 in PHX,"If we cancelled, you may choose refund or trip credit at aa.com/refunds (refundable to original payment within 7 days). DM your record locator."
t494,flight delay,flight_delay,"@customer: @AmericanAir flight AA1448 delayed 3hrs, will I miss my connection in PHX?",Sorry for the delay on AA1448. Please check live status in the American app and speak to the gate agent about rebooking/meal voucher if 3+ hrs (aa.com/manage). DM your record locator and I can walk you through options.
t495,praise other,praise_other,"@customer: @AmericanAir love the new app, smooth checkin",Thanks for flying with us! Let us know if you need anything on AA1016.
t496,loyalty account,loyalty_account,"@customer: @AmericanAir cant login AAdvantage, reset not working",Miles post within 48 hrs; request missing miles at aa.com/missingmiles with ticket number. DM details (never share password).
t497,loyalty account,loyalty_account,"@customer: @AmericanAir miles missing for flight AA154, AAdvantage JRFG45",Miles post within 48 hrs; request missing miles at aa.com/missingmiles with ticket number. DM details (never share password).
t498,flight delay,flight_delay,@customer: aa aa1313 delayed need hotel tonight in jfk who pays? pls help asap,Sorry for the delay on AA1313. Please check live status in the American app and speak to the gate agent about rebooking/meal voucher if 3+ hrs (aa.com/manage). DM your record locator and I can walk you through options.
t499,refund compensation,refund_compensation,@customer: @AmericanAir want voucher for 5hr delay AA2335 in CLT,"If we cancelled, you may choose refund or trip credit at aa.com/refunds (refundable to original payment within 7 days). DM your record locator."
t500,loyalty account,loyalty_account,"@customer: gold status not showing, flight AA2153 tomorrow",Miles post within 48 hrs; request missing miles at aa.com/missingmiles with ticket number. DM details (never share password).
t501,baggage,baggage,"@customer: @AmericanAir damaged suitcase on AA2067, claim process?",Sorry about your bag. Please file a report at aa.com/baggage within 4 hrs and track in the app; keep receipts for essentials. DM your tag/record locator.
t502,baggage,baggage,"@customer: @AmericanAir bag missing since yesterday flight AA1904 at ORD, tag NVMVFE",Sorry about your bag. Please file a report at aa.com/baggage within 4 hrs and track in the app; keep receipts for essentials. DM your tag/record locator.
t503,loyalty account,loyalty_account,"@customer: @AmericanAir miles missing for flight AA238, AAdvantage VX37Q2",Miles post within 48 hrs; request missing miles at aa.com/missingmiles with ticket number. DM details (never share password).
t504,flight delay,flight_delay,"@customer: @AmericanAir stuck at ORD, delay again, crew says 1hr wait, what now?",Sorry for the delay on AA1591. Please check live status in the American app and speak to the gate agent about rebooking/meal voucher if 3+ hrs (aa.com/manage). DM your record locator and I can walk you through options.
t505,booking change,booking_change,@customer: @AmericanAir can I switch seat / add bag on booking QUL8U9?,You can change most main-cabin+ tickets at aa.com/manage (fare difference may apply). DM your record locator and new date and I will outline exact steps.
t506,cancellation,cancellation,"@customer: @AmericanAir you cancelled flight AA1852 to PHX today, need rebook ASAP",Sorry your flight AA1852 was cancelled. You can rebook free on the next available American flight at aa.com/manage or in the app. DM your record locator for help.
t507,checkin boarding,checkin_boarding,"@customer: @AmericanAir boarding pass wont load, gate 33 at CLT","Check in from 24 hrs in the app; gates close 15 min before departure. Try app refresh, or kiosk with confirmation code. DM your record locator if still blocked."
t508,refund compensation,refund_compensation,"@customer: trip credit not received for AA1361, booking MP6J96","If we cancelled, you may choose refund or trip credit at aa.com/refunds (refundable to original payment within 7 days). DM your record locator."
t509,baggage,baggage,"@customer: @AmericanAir bag missing since yesterday flight AA2343 at ORD, tag W3TC5F",Sorry about your bag. Please file a report at aa.com/baggage within 4 hrs and track in the app; keep receipts for essentials. DM your tag/record locator.
t510,cancellation,cancellation,"@customer: @AmericanAir cancelled on me at gate PHX, rebook options?",Sorry your flight AA2806 was cancelled. You can rebook free on the next available American flight at aa.com/manage or in the app. DM your record locator for help.
t511,checkin boarding,checkin_boarding,@customer: what gate for AA2951 at MIA? boarding group 4 when?,"Check in from 24 hrs in the app; gates close 15 min before departure. Try app refresh, or kiosk with confirmation code. DM your record locator if still blocked."
t512,praise other,praise_other,"@customer: @AmericanAir love the new app, smooth checkin",Thanks for flying with us! Let us know if you need anything on AA250.
t513,checkin boarding,checkin_boarding,"@customer: @AmericanAir cant check in flight AA2335, app error, leaves in 2 hours","Check in from 24 hrs in the app; gates close 15 min before departure. Try app refresh, or kiosk with confirmation code. DM your record locator if still blocked."
t514,baggage,baggage,"@customer: @AmericanAir damaged suitcase on AA1282, claim process?",Sorry about your bag. Please file a report at aa.com/baggage within 4 hrs and track in the app; keep receipts for essentials. DM your tag/record locator.
t515,flight delay,flight_delay,"@customer: @AmericanAir flight AA1035 delayed 1hrs, will I miss my connection in ORD?",Sorry for the delay on AA1035. Please check live status in the American app and speak to the gate agent about rebooking/meal voucher if 3+ hrs (aa.com/manage). DM your record locator and I can walk you through options.
t516,flight delay,flight_delay,"@customer: @AmericanAir stuck at DCA, delay again, crew says 6hr wait, what now?",Sorry for the delay on AA2450. Please check live status in the American app and speak to the gate agent about rebooking/meal voucher if 3+ hrs (aa.com/manage). DM your record locator and I can walk you through options.
t517,loyalty account,loyalty_account,"@customer: @AmericanAir miles missing for flight AA2310, AAdvantage QMFC93",Miles post within 48 hrs; request missing miles at aa.com/missingmiles with ticket number. DM details (never share password).
t518,baggage,baggage,"@customer: @AmericanAir damaged suitcase on AA2421, claim process?",Sorry about your bag. Please file a report at aa.com/baggage within 4 hrs and track in the app; keep receipts for essentials. DM your tag/record locator.
t519,loyalty account,loyalty_account,"@customer: gold status not showing, flight AA1924 tomorrow",Miles post within 48 hrs; request missing miles at aa.com/missingmiles with ticket number. DM details (never share password).
t520,booking change,booking_change,"@customer: @AmericanAir need to change flight AA655 to tomorrow, fare difference?",You can change most main-cabin+ tickets at aa.com/manage (fare difference may apply). DM your record locator and new date and I will outline exact steps.
t521,booking change,booking_change,@customer: can i switch seat / add bag on booking ca6zsc? pls help asap,You can change most main-cabin+ tickets at aa.com/manage (fare difference may apply). DM your record locator and new date and I will outline exact steps.
t522,loyalty account,loyalty_account,"@customer: @AmericanAir miles missing for flight AA1490, AAdvantage KRNWSL",Miles post within 48 hrs; request missing miles at aa.com/missingmiles with ticket number. DM details (never share password).
t523,flight delay,flight_delay,"@customer: @AmericanAir flight AA484 delayed 1hrs, will I miss my connection in PHX?",Sorry for the delay on AA484. Please check live status in the American app and speak to the gate agent about rebooking/meal voucher if 3+ hrs (aa.com/manage). DM your record locator and I can walk you through options.
t524,loyalty account,loyalty_account,"@customer: gold status not showing, flight AA1171 tomorrow",Miles post within 48 hrs; request missing miles at aa.com/missingmiles with ticket number. DM details (never share password).
t525,praise other,praise_other,@customer: do you fly to LAX direct from DFW?,Thanks for flying with us! Let us know if you need anything on AA201.
t526,complaint service,complaint_service,"@customer: @AmericanAir crew on AA1539 was rude to my mother, unacceptable",I am sorry you experienced this on AA1539. I am escalating to a human specialist with a case number. Please DM your record locator + details.
t527,loyalty account,loyalty_account,"@customer: gold status not showing, flight AA2802 tomorrow",Miles post within 48 hrs; request missing miles at aa.com/missingmiles with ticket number. DM details (never share password).
t528,flight delay,flight_delay,"@customer: AA AA1285 delayed, need hotel tonight in MIA, who pays?",Sorry for the delay on AA1285. Please check live status in the American app and speak to the gate agent about rebooking/meal voucher if 3+ hrs (aa.com/manage). DM your record locator and I can walk you through options.
t529,loyalty account,loyalty_account,"@customer: @AmericanAir miles missing for flight AA2986, AAdvantage Y92VE3",Miles post within 48 hrs; request missing miles at aa.com/missingmiles with ticket number. DM details (never share password).
t530,loyalty account,loyalty_account,"@customer: @AmericanAir cant login AAdvantage, reset not working",Miles post within 48 hrs; request missing miles at aa.com/missingmiles with ticket number. DM details (never share password).
t531,booking change,booking_change,"@customer: @AmericanAir need to change flight AA1726 to tomorrow, fare difference?",You can change most main-cabin+ tickets at aa.com/manage (fare difference may apply). DM your record locator and new date and I will outline exact steps.
t532,complaint service,complaint_service,"@customer: never flying again, worst service AA686, filing DOT complaint",I am sorry you experienced this on AA686. I am escalating to a human specialist with a case number. Please DM your record locator + details.
t533,refund compensation,refund_compensation,@customer: @AmericanAir refund for cancelled AA845? nonrefundable but you cancelled,"If we cancelled, you may choose refund or trip credit at aa.com/refunds (refundable to original payment within 7 days). DM your record locator."
t534,booking change,booking_change,"@customer: change name spelling on reservation Q3VFVM, how?",You can change most main-cabin+ tickets at aa.com/manage (fare difference may apply). DM your record locator and new date and I will outline exact steps.
t535,cancellation,cancellation,@customer: you cancelled flight aa1354 to mia today need rebook asap pls help asap,Sorry your flight AA1354 was cancelled. You can rebook free on the next available American flight at aa.com/manage or in the app. DM your record locator for help.
t536,checkin boarding,checkin_boarding,@customer: boarding pass wont load gate 43 at dca pls help asap,"Check in from 24 hrs in the app; gates close 15 min before departure. Try app refresh, or kiosk with confirmation code. DM your record locator if still blocked."
t537,loyalty account,loyalty_account,"@customer: gold status not showing, flight AA1941 tomorrow",Miles post within 48 hrs; request missing miles at aa.com/missingmiles with ticket number. DM details (never share password).
t538,loyalty account,loyalty_account,"@customer: @AmericanAir miles missing for flight AA1299, AAdvantage PKDPQG",Miles post within 48 hrs; request missing miles at aa.com/missingmiles with ticket number. DM details (never share password).
t539,cancellation,cancellation,"@customer: @AmericanAir you cancelled flight AA1941 to MIA today, need rebook ASAP",Sorry your flight AA1941 was cancelled. You can rebook free on the next available American flight at aa.com/manage or in the app. DM your record locator for help.
t540,flight delay,flight_delay,"@customer: @AmericanAir stuck at PHX, delay again, crew says 1hr wait, what now?",Sorry for the delay on AA1666. Please check live status in the American app and speak to the gate agent about rebooking/meal voucher if 3+ hrs (aa.com/manage). DM your record locator and I can walk you through options.
t541,loyalty account,loyalty_account,"@customer: gold status not showing, flight AA625 tomorrow",Miles post within 48 hrs; request missing miles at aa.com/missingmiles with ticket number. DM details (never share password).
t542,praise other,praise_other,@customer: thanks crew on aa1793 great landing in phx! pls help asap,Thanks for flying with us! Let us know if you need anything on AA1793.
t543,loyalty account,loyalty_account,"@customer: gold status not showing, flight AA905 tomorrow",Miles post within 48 hrs; request missing miles at aa.com/missingmiles with ticket number. DM details (never share password).
t544,complaint service,complaint_service,"@customer: never flying again, worst service AA1874, filing DOT complaint",I am sorry you experienced this on AA1874. I am escalating to a human specialist with a case number. Please DM your record locator + details.
t545,booking change,booking_change,"@customer: @AmericanAir need to change flight AA2667 to tomorrow, fare difference?",You can change most main-cabin+ tickets at aa.com/manage (fare difference may apply). DM your record locator and new date and I will outline exact steps.
t546,baggage,baggage,"@customer: charged $75 bag fee but told free, flight AA319, refund?",Sorry about your bag. Please file a report at aa.com/baggage within 4 hrs and track in the app; keep receipts for essentials. DM your tag/record locator.
t547,praise other,praise_other,@customer: thanks crew on aa274 great landing in lax! pls help asap,Thanks for flying with us! Let us know if you need anything on AA274.
t548,praise other,praise_other,"@customer: @AmericanAir love the new app, smooth checkin",Thanks for flying with us! Let us know if you need anything on AA2780.
t549,baggage,baggage,"@customer: @AmericanAir damaged suitcase on AA861, claim process?",Sorry about your bag. Please file a report at aa.com/baggage within 4 hrs and track in the app; keep receipts for essentials. DM your tag/record locator.
t550,baggage,baggage,"@customer: @AmericanAir damaged suitcase on AA1585, claim process?",Sorry about your bag. Please file a report at aa.com/baggage within 4 hrs and track in the app; keep receipts for essentials. DM your tag/record locator.
t551,loyalty account,loyalty_account,"@customer: gold status not showing, flight AA1622 tomorrow",Miles post within 48 hrs; request missing miles at aa.com/missingmiles with ticket number. DM details (never share password).
t552,loyalty account,loyalty_account,"@customer: @AmericanAir miles missing for flight AA140, AAdvantage U2UYWW",Miles post within 48 hrs; request missing miles at aa.com/missingmiles with ticket number. DM details (never share password).
t553,praise other,praise_other,@customer: do you fly to LAX direct from DFW?,Thanks for flying with us! Let us know if you need anything on AA957.
t554,booking change,booking_change,"@customer: change name spelling on reservation 3V5KRF, how?",You can change most main-cabin+ tickets at aa.com/manage (fare difference may apply). DM your record locator and new date and I will outline exact steps.
t555,cancellation,cancellation,"@customer: @AmericanAir cancelled on me at gate MIA, rebook options?",Sorry your flight AA1527 was cancelled. You can rebook free on the next available American flight at aa.com/manage or in the app. DM your record locator for help.
t556,praise other,praise_other,"@customer: @AmericanAir love the new app, smooth checkin",Thanks for flying with us! Let us know if you need anything on AA1206.
t557,flight delay,flight_delay,@customer: flight aa1452 delayed 6hrs will i miss my connection in lax? pls help asap,Sorry for the delay on AA1452. Please check live status in the American app and speak to the gate agent about rebooking/meal voucher if 3+ hrs (aa.com/manage). DM your record locator and I can walk you through options.
t558,refund compensation,refund_compensation,@customer: @AmericanAir refund for cancelled AA968? nonrefundable but you cancelled,"If we cancelled, you may choose refund or trip credit at aa.com/refunds (refundable to original payment within 7 days). DM your record locator."
t559,praise other,praise_other,@customer: do you fly to ORD direct from DFW?,Thanks for flying with us! Let us know if you need anything on AA274.
t560,cancellation,cancellation,"@customer: @AmericanAir you cancelled flight AA1114 to DCA today, need rebook ASAP",Sorry your flight AA1114 was cancelled. You can rebook free on the next available American flight at aa.com/manage or in the app. DM your record locator for help.
t561,baggage,baggage,"@customer: charged $75 bag fee but told free, flight AA2666, refund?",Sorry about your bag. Please file a report at aa.com/baggage within 4 hrs and track in the app; keep receipts for essentials. DM your tag/record locator.
t562,praise other,praise_other,"@customer: @AmericanAir thanks crew on AA2686, great landing in JFK!",Thanks for flying with us! Let us know if you need anything on AA2686.
t563,loyalty account,loyalty_account,"@customer: @AmericanAir miles missing for flight AA1508, AAdvantage ARRGS9",Miles post within 48 hrs; request missing miles at aa.com/missingmiles with ticket number. DM details (never share password).
t564,baggage,baggage,"@customer: charged $75 bag fee but told free, flight AA509, refund?",Sorry about your bag. Please file a report at aa.com/baggage within 4 hrs and track in the app; keep receipts for essentials. DM your tag/record locator.
t565,flight delay,flight_delay,"@customer: @AmericanAir stuck at ORD, delay again, crew says 1hr wait, what now?",Sorry for the delay on AA2661. Please check live status in the American app and speak to the gate agent about rebooking/meal voucher if 3+ hrs (aa.com/manage). DM your record locator and I can walk you through options.
t566,baggage,baggage,"@customer: @AmericanAir damaged suitcase on AA2874, claim process?",Sorry about your bag. Please file a report at aa.com/baggage within 4 hrs and track in the app; keep receipts for essentials. DM your tag/record locator.
t567,praise other,praise_other,"@customer: @AmericanAir love the new app, smooth checkin",Thanks for flying with us! Let us know if you need anything on AA1896.
t568,baggage,baggage,"@customer: charged $75 bag fee but told free, flight AA959, refund?",Sorry about your bag. Please file a report at aa.com/baggage within 4 hrs and track in the app; keep receipts for essentials. DM your tag/record locator.
t569,flight delay,flight_delay,"@customer: AA AA527 delayed, need hotel tonight in MIA, who pays?",Sorry for the delay on AA527. Please check live status in the American app and speak to the gate agent about rebooking/meal voucher if 3+ hrs (aa.com/manage). DM your record locator and I can walk you through options.
t570,loyalty account,loyalty_account,"@customer: @AmericanAir miles missing for flight AA2162, AAdvantage 6PJHQW",Miles post within 48 hrs; request missing miles at aa.com/missingmiles with ticket number. DM details (never share password).
t571,praise other,praise_other,@customer: do you fly to mia direct from dfw? pls help asap,Thanks for flying with us! Let us know if you need anything on AA850.
t572,complaint service,complaint_service,"@customer: @AmericanAir discriminated at gate DCA, want supervisor + case",I am sorry you experienced this on AA2788. I am escalating to a human specialist with a case number. Please DM your record locator + details.
t573,flight delay,flight_delay,"@customer: @AmericanAir stuck at CLT, delay again, crew says 6hr wait, what now?",Sorry for the delay on AA2375. Please check live status in the American app and speak to the gate agent about rebooking/meal voucher if 3+ hrs (aa.com/manage). DM your record locator and I can walk you through options.
t574,praise other,praise_other,@customer: do you fly to DFW direct from DFW?,Thanks for flying with us! Let us know if you need anything on AA2403.
t575,loyalty account,loyalty_account,@customer: miles missing for flight aa1870 aadvantage hssejk pls help asap,Miles post within 48 hrs; request missing miles at aa.com/missingmiles with ticket number. DM details (never share password).
t576,cancellation,cancellation,"@customer: @AmericanAir cancelled on me at gate LAX, rebook options?",Sorry your flight AA2130 was cancelled. You can rebook free on the next available American flight at aa.com/manage or in the app. DM your record locator for help.
t577,checkin boarding,checkin_boarding,"@customer: @AmericanAir cant check in flight AA1063, app error, leaves in 2 hours","Check in from 24 hrs in the app; gates close 15 min before departure. Try app refresh, or kiosk with confirmation code. DM your record locator if still blocked."
t578,checkin boarding,checkin_boarding,"@customer: @AmericanAir cant check in flight AA1531, app error, leaves in 2 hours","Check in from 24 hrs in the app; gates close 15 min before departure. Try app refresh, or kiosk with confirmation code. DM your record locator if still blocked."
t579,complaint service,complaint_service,"@customer: never flying again, worst service AA2475, filing DOT complaint",I am sorry you experienced this on AA2475. I am escalating to a human specialist with a case number. Please DM your record locator + details.
t580,cancellation,cancellation,"@customer: flight AA1037 cancelled, stranded in CLT tonight, help",Sorry your flight AA1037 was cancelled. You can rebook free on the next available American flight at aa.com/manage or in the app. DM your record locator for help.
t581,checkin boarding,checkin_boarding,@customer: what gate for AA177 at CLT? boarding group 4 when?,"Check in from 24 hrs in the app; gates close 15 min before departure. Try app refresh, or kiosk with confirmation code. DM your record locator if still blocked."
t582,refund compensation,refund_compensation,"@customer: trip credit not received for AA2632, booking E9J7XQ","If we cancelled, you may choose refund or trip credit at aa.com/refunds (refundable to original payment within 7 days). DM your record locator."
t583,complaint service,complaint_service,"@customer: @AmericanAir crew on AA2590 was rude to my mother, unacceptable",I am sorry you experienced this on AA2590. I am escalating to a human specialist with a case number. Please DM your record locator + details.
t584,loyalty account,loyalty_account,"@customer: @AmericanAir miles missing for flight AA1595, AAdvantage 6P7J9S",Miles post within 48 hrs; request missing miles at aa.com/missingmiles with ticket number. DM details (never share password).
t585,booking change,booking_change,"@customer: @AmericanAir need to change flight AA1572 to tomorrow, fare difference?",You can change most main-cabin+ tickets at aa.com/manage (fare difference may apply). DM your record locator and new date and I will outline exact steps.
t586,loyalty account,loyalty_account,"@customer: @AmericanAir miles missing for flight AA382, AAdvantage 8CDKRV",Miles post within 48 hrs; request missing miles at aa.com/missingmiles with ticket number. DM details (never share password).
t587,flight delay,flight_delay,"@customer: AA AA2417 delayed, need hotel tonight in PHX, who pays?",Sorry for the delay on AA2417. Please check live status in the American app and speak to the gate agent about rebooking/meal voucher if 3+ hrs (aa.com/manage). DM your record locator and I can walk you through options.
t588,praise other,praise_other,@customer: love the new app smooth checkin pls help asap,Thanks for flying with us! Let us know if you need anything on AA1961.
t589,baggage,baggage,"@customer: charged $75 bag fee but told free, flight AA2733, refund?",Sorry about your bag. Please file a report at aa.com/baggage within 4 hrs and track in the app; keep receipts for essentials. DM your tag/record locator.
t590,loyalty account,loyalty_account,"@customer: @AmericanAir cant login AAdvantage, reset not working",Miles post within 48 hrs; request missing miles at aa.com/missingmiles with ticket number. DM details (never share password).
t591,praise other,praise_other,@customer: do you fly to DFW direct from DFW?,Thanks for flying with us! Let us know if you need anything on AA2051.
t592,booking change,booking_change,"@customer: @AmericanAir need to change flight AA2566 to tomorrow, fare difference?",You can change most main-cabin+ tickets at aa.com/manage (fare difference may apply). DM your record locator and new date and I will outline exact steps.
t593,booking change,booking_change,"@customer: change name spelling on reservation KFQQFK, how?",You can change most main-cabin+ tickets at aa.com/manage (fare difference may apply). DM your record locator and new date and I will outline exact steps.
t594,checkin boarding,checkin_boarding,"@customer: @AmericanAir cant check in flight AA2267, app error, leaves in 2 hours","Check in from 24 hrs in the app; gates close 15 min before departure. Try app refresh, or kiosk with confirmation code. DM your record locator if still blocked."
t595,cancellation,cancellation,"@customer: @AmericanAir you cancelled flight AA1444 to CLT today, need rebook ASAP",Sorry your flight AA1444 was cancelled. You can rebook free on the next available American flight at aa.com/manage or in the app. DM your record locator for help.
t596,refund compensation,refund_compensation,"@customer: trip credit not received for AA611, booking MLE4Q3","If we cancelled, you may choose refund or trip credit at aa.com/refunds (refundable to original payment within 7 days). DM your record locator."
t597,cancellation,cancellation,"@customer: flight AA1388 cancelled, stranded in CLT tonight, help",Sorry your flight AA1388 was cancelled. You can rebook free on the next available American flight at aa.com/manage or in the app. DM your record locator for help.
t598,cancellation,cancellation,"@customer: @AmericanAir cancelled on me at gate MIA, rebook options?",Sorry your flight AA2673 was cancelled. You can rebook free on the next available American flight at aa.com/manage or in the app. DM your record locator for help.
t599,praise other,praise_other,"@customer: @AmericanAir thanks crew on AA646, great landing in DFW!",Thanks for flying with us! Let us know if you need anything on AA646.
t600,baggage,baggage,"@customer: @AmericanAir bag missing since yesterday flight AA1070 at PHX, tag 27N6E5",Sorry about your bag. Please file a report at aa.com/baggage within 4 hrs and track in the app; keep receipts for essentials. DM your tag/record locator.
t601,flight delay,flight_delay,"@customer: @AmericanAir flight AA2886 delayed 2hrs, will I miss my connection in DCA?",Sorry for the delay on AA2886. Please check live status in the American app and speak to the gate agent about rebooking/meal voucher if 3+ hrs (aa.com/manage). DM your record locator and I can walk you through options.
t602,praise other,praise_other,"@customer: @AmericanAir love the new app, smooth checkin",Thanks for flying with us! Let us know if you need anything on AA2766.
t603,loyalty account,loyalty_account,"@customer: @AmericanAir cant login AAdvantage, reset not working",Miles post within 48 hrs; request missing miles at aa.com/missingmiles with ticket number. DM details (never share password).
t604,cancellation,cancellation,"@customer: @AmericanAir cancelled on me at gate ORD, rebook options?",Sorry your flight AA2307 was cancelled. You can rebook free on the next available American flight at aa.com/manage or in the app. DM your record locator for help.
t605,loyalty account,loyalty_account,"@customer: @AmericanAir miles missing for flight AA2187, AAdvantage MEP948",Miles post within 48 hrs; request missing miles at aa.com/missingmiles with ticket number. DM details (never share password).
t606,loyalty account,loyalty_account,"@customer: @AmericanAir cant login AAdvantage, reset not working",Miles post within 48 hrs; request missing miles at aa.com/missingmiles with ticket number. DM details (never share password).
t607,refund compensation,refund_compensation,@customer: @AmericanAir want voucher for 5hr delay AA264 in DCA,"If we cancelled, you may choose refund or trip credit at aa.com/refunds (refundable to original payment within 7 days). DM your record locator."
t608,refund compensation,refund_compensation,@customer: @AmericanAir want voucher for 5hr delay AA2603 in CLT,"If we cancelled, you may choose refund or trip credit at aa.com/refunds (refundable to original payment within 7 days). DM your record locator."
t609,checkin boarding,checkin_boarding,"@customer: @AmericanAir boarding pass wont load, gate 15 at CLT","Check in from 24 hrs in the app; gates close 15 min before departure. Try app refresh, or kiosk with confirmation code. DM your record locator if still blocked."
t610,cancellation,cancellation,"@customer: @AmericanAir you cancelled flight AA1628 to LAX today, need rebook ASAP",Sorry your flight AA1628 was cancelled. You can rebook free on the next available American flight at aa.com/manage or in the app. DM your record locator for help.
t611,checkin boarding,checkin_boarding,"@customer: @AmericanAir cant check in flight AA2465, app error, leaves in 2 hours","Check in from 24 hrs in the app; gates close 15 min before departure. Try app refresh, or kiosk with confirmation code. DM your record locator if still blocked."
t612,refund compensation,refund_compensation,@customer: @AmericanAir refund for cancelled AA1604? nonrefundable but you cancelled,"If we cancelled, you may choose refund or trip credit at aa.com/refunds (refundable to original payment within 7 days). DM your record locator."
t613,checkin boarding,checkin_boarding,"@customer: @AmericanAir cant check in flight AA688, app error, leaves in 2 hours","Check in from 24 hrs in the app; gates close 15 min before departure. Try app refresh, or kiosk with confirmation code. DM your record locator if still blocked."
t614,complaint service,complaint_service,"@customer: never flying again, worst service AA1127, filing DOT complaint",I am sorry you experienced this on AA1127. I am escalating to a human specialist with a case number. Please DM your record locator + details.
t615,complaint service,complaint_service,"@customer: @AmericanAir discriminated at gate MIA, want supervisor + case",I am sorry you experienced this on AA858. I am escalating to a human specialist with a case number. Please DM your record locator + details.
t616,booking change,booking_change,"@customer: change name spelling on reservation 9A5LBJ, how?",You can change most main-cabin+ tickets at aa.com/manage (fare difference may apply). DM your record locator and new date and I will outline exact steps.
t617,cancellation,cancellation,"@customer: flight AA2944 cancelled, stranded in MIA tonight, help",Sorry your flight AA2944 was cancelled. You can rebook free on the next available American flight at aa.com/manage or in the app. DM your record locator for help.
t618,booking change,booking_change,@customer: @AmericanAir can I switch seat / add bag on booking 3FDWQ7?,You can change most main-cabin+ tickets at aa.com/manage (fare difference may apply). DM your record locator and new date and I will outline exact steps.
t619,checkin boarding,checkin_boarding,"@customer: @AmericanAir cant check in flight AA443, app error, leaves in 2 hours","Check in from 24 hrs in the app; gates close 15 min before departure. Try app refresh, or kiosk with confirmation code. DM your record locator if still blocked."
t620,refund compensation,refund_compensation,"@customer: trip credit not received for AA490, booking 69TLHW","If we cancelled, you may choose refund or trip credit at aa.com/refunds (refundable to original payment within 7 days). DM your record locator."
t621,loyalty account,loyalty_account,@customer: gold status not showing flight aa2125 tomorrow pls help asap,Miles post within 48 hrs; request missing miles at aa.com/missingmiles with ticket number. DM details (never share password).
t622,booking change,booking_change,"@customer: change name spelling on reservation W7XACB, how?",You can change most main-cabin+ tickets at aa.com/manage (fare difference may apply). DM your record locator and new date and I will outline exact steps.
t623,booking change,booking_change,"@customer: @AmericanAir need to change flight AA1509 to tomorrow, fare difference?",You can change most main-cabin+ tickets at aa.com/manage (fare difference may apply). DM your record locator and new date and I will outline exact steps.
t624,praise other,praise_other,"@customer: @AmericanAir thanks crew on AA249, great landing in PHX!",Thanks for flying with us! Let us know if you need anything on AA249.
t625,flight delay,flight_delay,"@customer: AA AA2650 delayed, need hotel tonight in LAX, who pays?",Sorry for the delay on AA2650. Please check live status in the American app and speak to the gate agent about rebooking/meal voucher if 3+ hrs (aa.com/manage). DM your record locator and I can walk you through options.
t626,praise other,praise_other,@customer: love the new app smooth checkin pls help asap,Thanks for flying with us! Let us know if you need anything on AA181.
t627,complaint service,complaint_service,"@customer: @AmericanAir crew on AA594 was rude to my mother, unacceptable",I am sorry you experienced this on AA594. I am escalating to a human specialist with a case number. Please DM your record locator + details.
t628,flight delay,flight_delay,"@customer: AA AA2225 delayed, need hotel tonight in DFW, who pays?",Sorry for the delay on AA2225. Please check live status in the American app and speak to the gate agent about rebooking/meal voucher if 3+ hrs (aa.com/manage). DM your record locator and I can walk you through options.
t629,baggage,baggage,"@customer: @AmericanAir bag missing since yesterday flight AA813 at ORD, tag LL9BPE",Sorry about your bag. Please file a report at aa.com/baggage within 4 hrs and track in the app; keep receipts for essentials. DM your tag/record locator.
t630,flight delay,flight_delay,"@customer: @AmericanAir flight AA1478 delayed 3hrs, will I miss my connection in PHX?",Sorry for the delay on AA1478. Please check live status in the American app and speak to the gate agent about rebooking/meal voucher if 3+ hrs (aa.com/manage). DM your record locator and I can walk you through options.
t631,loyalty account,loyalty_account,@customer: miles missing for flight aa473 aadvantage dkdbyz pls help asap,Miles post within 48 hrs; request missing miles at aa.com/missingmiles with ticket number. DM details (never share password).
t632,booking change,booking_change,"@customer: change name spelling on reservation HUNJE5, how?",You can change most main-cabin+ tickets at aa.com/manage (fare difference may apply). DM your record locator and new date and I will outline exact steps.
t633,complaint service,complaint_service,@customer: discriminated at gate clt want supervisor + case pls help asap,I am sorry you experienced this on AA2186. I am escalating to a human specialist with a case number. Please DM your record locator + details.
t634,praise other,praise_other,@customer: do you fly to DFW direct from DFW?,Thanks for flying with us! Let us know if you need anything on AA618.
t635,loyalty account,loyalty_account,"@customer: @AmericanAir miles missing for flight AA2081, AAdvantage AJHLPM",Miles post within 48 hrs; request missing miles at aa.com/missingmiles with ticket number. DM details (never share password).
t636,refund compensation,refund_compensation,"@customer: trip credit not received for AA2535, booking RAH6QG","If we cancelled, you may choose refund or trip credit at aa.com/refunds (refundable to original payment within 7 days). DM your record locator."
t637,complaint service,complaint_service,@customer: never flying again worst service aa580 filing dot complaint pls help asap,I am sorry you experienced this on AA580. I am escalating to a human specialist with a case number. Please DM your record locator + details.
t638,refund compensation,refund_compensation,@customer: @AmericanAir refund for cancelled AA573? nonrefundable but you cancelled,"If we cancelled, you may choose refund or trip credit at aa.com/refunds (refundable to original payment within 7 days). DM your record locator."
t639,loyalty account,loyalty_account,"@customer: gold status not showing, flight AA575 tomorrow",Miles post within 48 hrs; request missing miles at aa.com/missingmiles with ticket number. DM details (never share password).
t640,booking change,booking_change,"@customer: change name spelling on reservation 2GTFHE, how?",You can change most main-cabin+ tickets at aa.com/manage (fare difference may apply). DM your record locator and new date and I will outline exact steps.
t641,checkin boarding,checkin_boarding,@customer: what gate for AA2809 at JFK? boarding group 4 when?,"Check in from 24 hrs in the app; gates close 15 min before departure. Try app refresh, or kiosk with confirmation code. DM your record locator if still blocked."
t642,baggage,baggage,"@customer: charged $75 bag fee but told free, flight AA1824, refund?",Sorry about your bag. Please file a report at aa.com/baggage within 4 hrs and track in the app; keep receipts for essentials. DM your tag/record locator.
t643,flight delay,flight_delay,"@customer: @AmericanAir stuck at JFK, delay again, crew says 6hr wait, what now?",Sorry for the delay on AA938. Please check live status in the American app and speak to the gate agent about rebooking/meal voucher if 3+ hrs (aa.com/manage). DM your record locator and I can walk you through options.
t644,loyalty account,loyalty_account,"@customer: gold status not showing, flight AA1199 tomorrow",Miles post within 48 hrs; request missing miles at aa.com/missingmiles with ticket number. DM details (never share password).
t645,praise other,praise_other,"@customer: @AmericanAir thanks crew on AA2776, great landing in DCA!",Thanks for flying with us! Let us know if you need anything on AA2776.
t646,complaint service,complaint_service,"@customer: never flying again, worst service AA1234, filing DOT complaint",I am sorry you experienced this on AA1234. I am escalating to a human specialist with a case number. Please DM your record locator + details.
t647,checkin boarding,checkin_boarding,@customer: what gate for AA1788 at CLT? boarding group 4 when?,"Check in from 24 hrs in the app; gates close 15 min before departure. Try app refresh, or kiosk with confirmation code. DM your record locator if still blocked."
t648,complaint service,complaint_service,"@customer: never flying again, worst service AA2457, filing DOT complaint",I am sorry you experienced this on AA2457. I am escalating to a human specialist with a case number. Please DM your record locator + details.
t649,cancellation,cancellation,"@customer: flight AA1362 cancelled, stranded in ORD tonight, help",Sorry your flight AA1362 was cancelled. You can rebook free on the next available American flight at aa.com/manage or in the app. DM your record locator for help.
t650,complaint service,complaint_service,@customer: never flying again worst service aa2343 filing dot complaint pls help asap,I am sorry you experienced this on AA2343. I am escalating to a human specialist with a case number. Please DM your record locator + details.
t651,cancellation,cancellation,"@customer: @AmericanAir cancelled on me at gate MIA, rebook options?",Sorry your flight AA2116 was cancelled. You can rebook free on the next available American flight at aa.com/manage or in the app. DM your record locator for help.
t652,baggage,baggage,"@customer: charged $75 bag fee but told free, flight AA2137, refund?",Sorry about your bag. Please file a report at aa.com/baggage within 4 hrs and track in the app; keep receipts for essentials. DM your tag/record locator.
t653,refund compensation,refund_compensation,@customer: @AmericanAir refund for cancelled AA1293? nonrefundable but you cancelled,"If we cancelled, you may choose refund or trip credit at aa.com/refunds (refundable to original payment within 7 days). DM your record locator."
t654,booking change,booking_change,"@customer: @AmericanAir need to change flight AA2301 to tomorrow, fare difference?",You can change most main-cabin+ tickets at aa.com/manage (fare difference may apply). DM your record locator and new date and I will outline exact steps.
t655,refund compensation,refund_compensation,"@customer: trip credit not received for AA564, booking ES86QD","If we cancelled, you may choose refund or trip credit at aa.com/refunds (refundable to original payment within 7 days). DM your record locator."
t656,booking change,booking_change,"@customer: @AmericanAir need to change flight AA727 to tomorrow, fare difference?",You can change most main-cabin+ tickets at aa.com/manage (fare difference may apply). DM your record locator and new date and I will outline exact steps.
t657,cancellation,cancellation,"@customer: @AmericanAir you cancelled flight AA1063 to DFW today, need rebook ASAP",Sorry your flight AA1063 was cancelled. You can rebook free on the next available American flight at aa.com/manage or in the app. DM your record locator for help.
t658,praise other,praise_other,@customer: do you fly to jfk direct from dfw? pls help asap,Thanks for flying with us! Let us know if you need anything on AA501.
t659,refund compensation,refund_compensation,"@customer: trip credit not received for AA2707, booking TBLMW3","If we cancelled, you may choose refund or trip credit at aa.com/refunds (refundable to original payment within 7 days). DM your record locator."
t660,baggage,baggage,"@customer: @AmericanAir bag missing since yesterday flight AA2935 at LAX, tag EVV5AA",Sorry about your bag. Please file a report at aa.com/baggage within 4 hrs and track in the app; keep receipts for essentials. DM your tag/record locator.
t661,cancellation,cancellation,@customer: you cancelled flight aa1477 to dfw today need rebook asap pls help asap,Sorry your flight AA1477 was cancelled. You can rebook free on the next available American flight at aa.com/manage or in the app. DM your record locator for help.
t662,booking change,booking_change,"@customer: change name spelling on reservation CDJ3TM, how?",You can change most main-cabin+ tickets at aa.com/manage (fare difference may apply). DM your record locator and new date and I will outline exact steps.
t663,flight delay,flight_delay,"@customer: @AmericanAir stuck at DCA, delay again, crew says 3hr wait, what now?",Sorry for the delay on AA2878. Please check live status in the American app and speak to the gate agent about rebooking/meal voucher if 3+ hrs (aa.com/manage). DM your record locator and I can walk you through options.
t664,flight delay,flight_delay,@customer: aa aa1169 delayed need hotel tonight in mia who pays? pls help asap,Sorry for the delay on AA1169. Please check live status in the American app and speak to the gate agent about rebooking/meal voucher if 3+ hrs (aa.com/manage). DM your record locator and I can walk you through options.
t665,baggage,baggage,"@customer: @AmericanAir damaged suitcase on AA2146, claim process?",Sorry about your bag. Please file a report at aa.com/baggage within 4 hrs and track in the app; keep receipts for essentials. DM your tag/record locator.
t666,flight delay,flight_delay,"@customer: @AmericanAir flight AA2881 delayed 1hrs, will I miss my connection in DCA?",Sorry for the delay on AA2881. Please check live status in the American app and speak to the gate agent about rebooking/meal voucher if 3+ hrs (aa.com/manage). DM your record locator and I can walk you through options.
t667,cancellation,cancellation,"@customer: @AmericanAir you cancelled flight AA2214 to DCA today, need rebook ASAP",Sorry your flight AA2214 was cancelled. You can rebook free on the next available American flight at aa.com/manage or in the app. DM your record locator for help.
t668,refund compensation,refund_compensation,@customer: @AmericanAir refund for cancelled AA2001? nonrefundable but you cancelled,"If we cancelled, you may choose refund or trip credit at aa.com/refunds (refundable to original payment within 7 days). DM your record locator."
t669,booking change,booking_change,"@customer: @AmericanAir need to change flight AA1703 to tomorrow, fare difference?",You can change most main-cabin+ tickets at aa.com/manage (fare difference may apply). DM your record locator and new date and I will outline exact steps.
t670,checkin boarding,checkin_boarding,"@customer: @AmericanAir cant check in flight AA2879, app error, leaves in 2 hours","Check in from 24 hrs in the app; gates close 15 min before departure. Try app refresh, or kiosk with confirmation code. DM your record locator if still blocked."
t671,loyalty account,loyalty_account,"@customer: @AmericanAir cant login AAdvantage, reset not working",Miles post within 48 hrs; request missing miles at aa.com/missingmiles with ticket number. DM details (never share password).
t672,checkin boarding,checkin_boarding,"@customer: @AmericanAir cant check in flight AA1459, app error, leaves in 2 hours","Check in from 24 hrs in the app; gates close 15 min before departure. Try app refresh, or kiosk with confirmation code. DM your record locator if still blocked."
t673,praise other,praise_other,"@customer: @AmericanAir love the new app, smooth checkin",Thanks for flying with us! Let us know if you need anything on AA1575.
t674,refund compensation,refund_compensation,"@customer: trip credit not received for AA1009, booking QJPYHF","If we cancelled, you may choose refund or trip credit at aa.com/refunds (refundable to original payment within 7 days). DM your record locator."
t675,refund compensation,refund_compensation,@customer: @AmericanAir want voucher for 5hr delay AA343 in DFW,"If we cancelled, you may choose refund or trip credit at aa.com/refunds (refundable to original payment within 7 days). DM your record locator."
t676,loyalty account,loyalty_account,"@customer: @AmericanAir cant login AAdvantage, reset not working",Miles post within 48 hrs; request missing miles at aa.com/missingmiles with ticket number. DM details (never share password).
t677,praise other,praise_other,@customer: do you fly to ORD direct from DFW?,Thanks for flying with us! Let us know if you need anything on AA191.
t678,cancellation,cancellation,"@customer: flight AA748 cancelled, stranded in LAX tonight, help",Sorry your flight AA748 was cancelled. You can rebook free on the next available American flight at aa.com/manage or in the app. DM your record locator for help.
t679,checkin boarding,checkin_boarding,@customer: what gate for AA415 at CLT? boarding group 4 when?,"Check in from 24 hrs in the app; gates close 15 min before departure. Try app refresh, or kiosk with confirmation code. DM your record locator if still blocked."
t680,praise other,praise_other,"@customer: @AmericanAir thanks crew on AA2137, great landing in CLT!",Thanks for flying with us! Let us know if you need anything on AA2137.
t681,baggage,baggage,"@customer: @AmericanAir bag missing since yesterday flight AA504 at DFW, tag MCS82M",Sorry about your bag. Please file a report at aa.com/baggage within 4 hrs and track in the app; keep receipts for essentials. DM your tag/record locator.
t682,baggage,baggage,@customer: bag missing since yesterday flight aa2891 at clt tag 8wnpvs pls help asap,Sorry about your bag. Please file a report at aa.com/baggage within 4 hrs and track in the app; keep receipts for essentials. DM your tag/record locator.
t683,praise other,praise_other,@customer: do you fly to ORD direct from DFW?,Thanks for flying with us! Let us know if you need anything on AA2782.
t684,flight delay,flight_delay,"@customer: @AmericanAir stuck at CLT, delay again, crew says 2hr wait, what now?",Sorry for the delay on AA2398. Please check live status in the American app and speak to the gate agent about rebooking/meal voucher if 3+ hrs (aa.com/manage). DM your record locator and I can walk you through options.
t685,complaint service,complaint_service,@customer: never flying again worst service aa2839 filing dot complaint pls help asap,I am sorry you experienced this on AA2839. I am escalating to a human specialist with a case number. Please DM your record locator + details.
t686,checkin boarding,checkin_boarding,@customer: what gate for AA416 at DCA? boarding group 4 when?,"Check in from 24 hrs in the app; gates close 15 min before departure. Try app refresh, or kiosk with confirmation code. DM your record locator if still blocked."
t687,refund compensation,refund_compensation,"@customer: trip credit not received for AA2252, booking Y9GSCN","If we cancelled, you may choose refund or trip credit at aa.com/refunds (refundable to original payment within 7 days). DM your record locator."
t688,booking change,booking_change,"@customer: change name spelling on reservation 9T5SDQ, how?",You can change most main-cabin+ tickets at aa.com/manage (fare difference may apply). DM your record locator and new date and I will outline exact steps.
t689,praise other,praise_other,"@customer: @AmericanAir love the new app, smooth checkin",Thanks for flying with us! Let us know if you need anything on AA350.
t690,booking change,booking_change,@customer: @AmericanAir can I switch seat / add bag on booking GTD6RW?,You can change most main-cabin+ tickets at aa.com/manage (fare difference may apply). DM your record locator and new date and I will outline exact steps.
t691,praise other,praise_other,"@customer: @AmericanAir love the new app, smooth checkin",Thanks for flying with us! Let us know if you need anything on AA2622.
t692,baggage,baggage,"@customer: @AmericanAir bag missing since yesterday flight AA849 at PHX, tag QYZ2CC",Sorry about your bag. Please file a report at aa.com/baggage within 4 hrs and track in the app; keep receipts for essentials. DM your tag/record locator.
t693,praise other,praise_other,"@customer: @AmericanAir love the new app, smooth checkin",Thanks for flying with us! Let us know if you need anything on AA475.
t694,praise other,praise_other,"@customer: @AmericanAir love the new app, smooth checkin",Thanks for flying with us! Let us know if you need anything on AA185.
t695,booking change,booking_change,"@customer: @AmericanAir need to change flight AA1635 to tomorrow, fare difference?",You can change most main-cabin+ tickets at aa.com/manage (fare difference may apply). DM your record locator and new date and I will outline exact steps.
t696,refund compensation,refund_compensation,@customer: @AmericanAir want voucher for 5hr delay AA2453 in MIA,"If we cancelled, you may choose refund or trip credit at aa.com/refunds (refundable to original payment within 7 days). DM your record locator."
t697,flight delay,flight_delay,"@customer: @AmericanAir flight AA739 delayed 1hrs, will I miss my connection in ORD?",Sorry for the delay on AA739. Please check live status in the American app and speak to the gate agent about rebooking/meal voucher if 3+ hrs (aa.com/manage). DM your record locator and I can walk you through options.
t698,flight delay,flight_delay,"@customer: AA AA436 delayed, need hotel tonight in DFW, who pays?",Sorry for the delay on AA436. Please check live status in the American app and speak to the gate agent about rebooking/meal voucher if 3+ hrs (aa.com/manage). DM your record locator and I can walk you through options.
t699,praise other,praise_other,"@customer: @AmericanAir thanks crew on AA1682, great landing in DFW!",Thanks for flying with us! Let us know if you need anything on AA1682.
t700,praise other,praise_other,"@customer: @AmericanAir thanks crew on AA649, great landing in JFK!",Thanks for flying with us! Let us know if you need anything on AA649.
t701,praise other,praise_other,"@customer: @AmericanAir thanks crew on AA153, great landing in ORD!",Thanks for flying with us! Let us know if you need anything on AA153.
t702,cancellation,cancellation,"@customer: flight AA2479 cancelled, stranded in LAX tonight, help",Sorry your flight AA2479 was cancelled. You can rebook free on the next available American flight at aa.com/manage or in the app. DM your record locator for help.
t703,loyalty account,loyalty_account,"@customer: @AmericanAir cant login AAdvantage, reset not working",Miles post within 48 hrs; request missing miles at aa.com/missingmiles with ticket number. DM details (never share password).
t704,complaint service,complaint_service,"@customer: never flying again, worst service AA2491, filing DOT complaint",I am sorry you experienced this on AA2491. I am escalating to a human specialist with a case number. Please DM your record locator + details.
t705,cancellation,cancellation,"@customer: flight AA622 cancelled, stranded in DFW tonight, help",Sorry your flight AA622 was cancelled. You can rebook free on the next available American flight at aa.com/manage or in the app. DM your record locator for help.
t706,praise other,praise_other,"@customer: @AmericanAir thanks crew on AA2310, great landing in JFK!",Thanks for flying with us! Let us know if you need anything on AA2310.
t707,checkin boarding,checkin_boarding,"@customer: @AmericanAir cant check in flight AA2599, app error, leaves in 2 hours","Check in from 24 hrs in the app; gates close 15 min before departure. Try app refresh, or kiosk with confirmation code. DM your record locator if still blocked."
t708,booking change,booking_change,"@customer: @AmericanAir need to change flight AA1474 to tomorrow, fare difference?",You can change most main-cabin+ tickets at aa.com/manage (fare difference may apply). DM your record locator and new date and I will outline exact steps.
t709,complaint service,complaint_service,"@customer: @AmericanAir discriminated at gate LAX, want supervisor + case",I am sorry you experienced this on AA2992. I am escalating to a human specialist with a case number. Please DM your record locator + details.
t710,cancellation,cancellation,"@customer: @AmericanAir you cancelled flight AA941 to MIA today, need rebook ASAP",Sorry your flight AA941 was cancelled. You can rebook free on the next available American flight at aa.com/manage or in the app. DM your record locator for help.
t711,complaint service,complaint_service,"@customer: never flying again, worst service AA1055, filing DOT complaint",I am sorry you experienced this on AA1055. I am escalating to a human specialist with a case number. Please DM your record locator + details.
t712,booking change,booking_change,"@customer: change name spelling on reservation FFY3CP, how?",You can change most main-cabin+ tickets at aa.com/manage (fare difference may apply). DM your record locator and new date and I will outline exact steps.
t713,praise other,praise_other,@customer: do you fly to MIA direct from DFW?,Thanks for flying with us! Let us know if you need anything on AA186.
t714,booking change,booking_change,@customer: need to change flight aa1382 to tomorrow fare difference? pls help asap,You can change most main-cabin+ tickets at aa.com/manage (fare difference may apply). DM your record locator and new date and I will outline exact steps.
t715,flight delay,flight_delay,@customer: flight aa892 delayed 3hrs will i miss my connection in dca? pls help asap,Sorry for the delay on AA892. Please check live status in the American app and speak to the gate agent about rebooking/meal voucher if 3+ hrs (aa.com/manage). DM your record locator and I can walk you through options.
t716,praise other,praise_other,"@customer: @AmericanAir thanks crew on AA801, great landing in ORD!",Thanks for flying with us! Let us know if you need anything on AA801.
t717,flight delay,flight_delay,"@customer: @AmericanAir stuck at ORD, delay again, crew says 6hr wait, what now?",Sorry for the delay on AA377. Please check live status in the American app and speak to the gate agent about rebooking/meal voucher if 3+ hrs (aa.com/manage). DM your record locator and I can walk you through options.
t718,loyalty account,loyalty_account,@customer: gold status not showing flight aa2492 tomorrow pls help asap,Miles post within 48 hrs; request missing miles at aa.com/missingmiles with ticket number. DM details (never share password).
t719,praise other,praise_other,"@customer: @AmericanAir love the new app, smooth checkin",Thanks for flying with us! Let us know if you need anything on AA2386.
t720,checkin boarding,checkin_boarding,@customer: what gate for AA115 at DCA? boarding group 4 when?,"Check in from 24 hrs in the app; gates close 15 min before departure. Try app refresh, or kiosk with confirmation code. DM your record locator if still blocked."
t721,refund compensation,refund_compensation,"@customer: trip credit not received for AA2376, booking VC46KY","If we cancelled, you may choose refund or trip credit at aa.com/refunds (refundable to original payment within 7 days). DM your record locator."
t722,refund compensation,refund_compensation,@customer: @AmericanAir refund for cancelled AA228? nonrefundable but you cancelled,"If we cancelled, you may choose refund or trip credit at aa.com/refunds (refundable to original payment within 7 days). DM your record locator."
t723,loyalty account,loyalty_account,"@customer: gold status not showing, flight AA2143 tomorrow",Miles post within 48 hrs; request missing miles at aa.com/missingmiles with ticket number. DM details (never share password).
t724,booking change,booking_change,"@customer: change name spelling on reservation AQ9GQC, how?",You can change most main-cabin+ tickets at aa.com/manage (fare difference may apply). DM your record locator and new date and I will outline exact steps.
t725,refund compensation,refund_compensation,@customer: trip credit not received for aa1784 booking 5j7mq8 pls help asap,"If we cancelled, you may choose refund or trip credit at aa.com/refunds (refundable to original payment within 7 days). DM your record locator."
t726,cancellation,cancellation,"@customer: @AmericanAir you cancelled flight AA1183 to CLT today, need rebook ASAP",Sorry your flight AA1183 was cancelled. You can rebook free on the next available American flight at aa.com/manage or in the app. DM your record locator for help.
t727,cancellation,cancellation,"@customer: flight AA270 cancelled, stranded in DCA tonight, help",Sorry your flight AA270 was cancelled. You can rebook free on the next available American flight at aa.com/manage or in the app. DM your record locator for help.
t728,cancellation,cancellation,"@customer: @AmericanAir you cancelled flight AA2045 to CLT today, need rebook ASAP",Sorry your flight AA2045 was cancelled. You can rebook free on the next available American flight at aa.com/manage or in the app. DM your record locator for help.
t729,flight delay,flight_delay,"@customer: AA AA2295 delayed, need hotel tonight in JFK, who pays?",Sorry for the delay on AA2295. Please check live status in the American app and speak to the gate agent about rebooking/meal voucher if 3+ hrs (aa.com/manage). DM your record locator and I can walk you through options.
t730,praise other,praise_other,"@customer: @AmericanAir thanks crew on AA1281, great landing in PHX!",Thanks for flying with us! Let us know if you need anything on AA1281.
t731,praise other,praise_other,@customer: do you fly to MIA direct from DFW?,Thanks for flying with us! Let us know if you need anything on AA2904.
t732,praise other,praise_other,"@customer: @AmericanAir love the new app, smooth checkin",Thanks for flying with us! Let us know if you need anything on AA1279.
t733,checkin boarding,checkin_boarding,"@customer: @AmericanAir cant check in flight AA662, app error, leaves in 2 hours","Check in from 24 hrs in the app; gates close 15 min before departure. Try app refresh, or kiosk with confirmation code. DM your record locator if still blocked."
t734,cancellation,cancellation,"@customer: @AmericanAir cancelled on me at gate MIA, rebook options?",Sorry your flight AA290 was cancelled. You can rebook free on the next available American flight at aa.com/manage or in the app. DM your record locator for help.
t735,complaint service,complaint_service,"@customer: @AmericanAir crew on AA1737 was rude to my mother, unacceptable",I am sorry you experienced this on AA1737. I am escalating to a human specialist with a case number. Please DM your record locator + details.
t736,praise other,praise_other,"@customer: @AmericanAir thanks crew on AA2518, great landing in DFW!",Thanks for flying with us! Let us know if you need anything on AA2518.
t737,booking change,booking_change,@customer: need to change flight aa2264 to tomorrow fare difference? pls help asap,You can change most main-cabin+ tickets at aa.com/manage (fare difference may apply). DM your record locator and new date and I will outline exact steps.
t738,loyalty account,loyalty_account,"@customer: @AmericanAir miles missing for flight AA1161, AAdvantage PKG8QH",Miles post within 48 hrs; request missing miles at aa.com/missingmiles with ticket number. DM details (never share password).
t739,checkin boarding,checkin_boarding,"@customer: @AmericanAir cant check in flight AA2677, app error, leaves in 2 hours","Check in from 24 hrs in the app; gates close 15 min before departure. Try app refresh, or kiosk with confirmation code. DM your record locator if still blocked."
t740,complaint service,complaint_service,"@customer: never flying again, worst service AA1796, filing DOT complaint",I am sorry you experienced this on AA1796. I am escalating to a human specialist with a case number. Please DM your record locator + details.
t741,complaint service,complaint_service,"@customer: @AmericanAir discriminated at gate LAX, want supervisor + case",I am sorry you experienced this on AA639. I am escalating to a human specialist with a case number. Please DM your record locator + details.
t742,loyalty account,loyalty_account,"@customer: @AmericanAir miles missing for flight AA106, AAdvantage 8WTBKP",Miles post within 48 hrs; request missing miles at aa.com/missingmiles with ticket number. DM details (never share password).
t743,cancellation,cancellation,"@customer: @AmericanAir you cancelled flight AA745 to DFW today, need rebook ASAP",Sorry your flight AA745 was cancelled. You can rebook free on the next available American flight at aa.com/manage or in the app. DM your record locator for help.
t744,cancellation,cancellation,"@customer: @AmericanAir cancelled on me at gate LAX, rebook options?",Sorry your flight AA726 was cancelled. You can rebook free on the next available American flight at aa.com/manage or in the app. DM your record locator for help.
t745,flight delay,flight_delay,"@customer: @AmericanAir flight AA505 delayed 6hrs, will I miss my connection in JFK?",Sorry for the delay on AA505. Please check live status in the American app and speak to the gate agent about rebooking/meal voucher if 3+ hrs (aa.com/manage). DM your record locator and I can walk you through options.
t746,flight delay,flight_delay,"@customer: AA AA2010 delayed, need hotel tonight in CLT, who pays?",Sorry for the delay on AA2010. Please check live status in the American app and speak to the gate agent about rebooking/meal voucher if 3+ hrs (aa.com/manage). DM your record locator and I can walk you through options.
t747,booking change,booking_change,"@customer: change name spelling on reservation 6EP9ZQ, how?",You can change most main-cabin+ tickets at aa.com/manage (fare difference may apply). DM your record locator and new date and I will outline exact steps.
t748,loyalty account,loyalty_account,"@customer: @AmericanAir miles missing for flight AA1472, AAdvantage 3A53GX",Miles post within 48 hrs; request missing miles at aa.com/missingmiles with ticket number. DM details (never share password).
t749,cancellation,cancellation,"@customer: @AmericanAir cancelled on me at gate MIA, rebook options?",Sorry your flight AA1953 was cancelled. You can rebook free on the next available American flight at aa.com/manage or in the app. DM your record locator for help.
t750,refund compensation,refund_compensation,"@customer: trip credit not received for AA697, booking 2U2E9U","If we cancelled, you may choose refund or trip credit at aa.com/refunds (refundable to original payment within 7 days). DM your record locator."
t751,refund compensation,refund_compensation,"@customer: trip credit not received for AA2830, booking V79KN8","If we cancelled, you may choose refund or trip credit at aa.com/refunds (refundable to original payment within 7 days). DM your record locator."
t752,checkin boarding,checkin_boarding,@customer: what gate for AA403 at CLT? boarding group 4 when?,"Check in from 24 hrs in the app; gates close 15 min before departure. Try app refresh, or kiosk with confirmation code. DM your record locator if still blocked."
t753,booking change,booking_change,"@customer: @AmericanAir need to change flight AA999 to tomorrow, fare difference?",You can change most main-cabin+ tickets at aa.com/manage (fare difference may apply). DM your record locator and new date and I will outline exact steps.
t754,flight delay,flight_delay,"@customer: @AmericanAir flight AA641 delayed 5hrs, will I miss my connection in JFK?",Sorry for the delay on AA641. Please check live status in the American app and speak to the gate agent about rebooking/meal voucher if 3+ hrs (aa.com/manage). DM your record locator and I can walk you through options.
t755,loyalty account,loyalty_account,"@customer: @AmericanAir miles missing for flight AA477, AAdvantage UY33VC",Miles post within 48 hrs; request missing miles at aa.com/missingmiles with ticket number. DM details (never share password).
t756,baggage,baggage,"@customer: charged $75 bag fee but told free, flight AA2211, refund?",Sorry about your bag. Please file a report at aa.com/baggage within 4 hrs and track in the app; keep receipts for essentials. DM your tag/record locator.
t757,cancellation,cancellation,"@customer: @AmericanAir cancelled on me at gate DFW, rebook options?",Sorry your flight AA637 was cancelled. You can rebook free on the next available American flight at aa.com/manage or in the app. DM your record locator for help.
t758,baggage,baggage,"@customer: charged $75 bag fee but told free, flight AA1046, refund?",Sorry about your bag. Please file a report at aa.com/baggage within 4 hrs and track in the app; keep receipts for essentials. DM your tag/record locator.
t759,cancellation,cancellation,"@customer: flight AA1934 cancelled, stranded in JFK tonight, help",Sorry your flight AA1934 was cancelled. You can rebook free on the next available American flight at aa.com/manage or in the app. DM your record locator for help.
t760,praise other,praise_other,@customer: do you fly to DCA direct from DFW?,Thanks for flying with us! Let us know if you need anything on AA1812.
t761,cancellation,cancellation,"@customer: @AmericanAir you cancelled flight AA405 to DCA today, need rebook ASAP",Sorry your flight AA405 was cancelled. You can rebook free on the next available American flight at aa.com/manage or in the app. DM your record locator for help.
t762,refund compensation,refund_compensation,@customer: @AmericanAir refund for cancelled AA275? nonrefundable but you cancelled,"If we cancelled, you may choose refund or trip credit at aa.com/refunds (refundable to original payment within 7 days). DM your record locator."
t763,booking change,booking_change,"@customer: change name spelling on reservation M83L2P, how?",You can change most main-cabin+ tickets at aa.com/manage (fare difference may apply). DM your record locator and new date and I will outline exact steps.
t764,complaint service,complaint_service,"@customer: never flying again, worst service AA355, filing DOT complaint",I am sorry you experienced this on AA355. I am escalating to a human specialist with a case number. Please DM your record locator + details.
t765,baggage,baggage,"@customer: charged $75 bag fee but told free, flight AA1430, refund?",Sorry about your bag. Please file a report at aa.com/baggage within 4 hrs and track in the app; keep receipts for essentials. DM your tag/record locator.
t766,checkin boarding,checkin_boarding,"@customer: @AmericanAir cant check in flight AA1493, app error, leaves in 2 hours","Check in from 24 hrs in the app; gates close 15 min before departure. Try app refresh, or kiosk with confirmation code. DM your record locator if still blocked."
t767,complaint service,complaint_service,"@customer: @AmericanAir crew on AA1957 was rude to my mother, unacceptable",I am sorry you experienced this on AA1957. I am escalating to a human specialist with a case number. Please DM your record locator + details.
t768,flight delay,flight_delay,"@customer: @AmericanAir stuck at CLT, delay again, crew says 5hr wait, what now?",Sorry for the delay on AA888. Please check live status in the American app and speak to the gate agent about rebooking/meal voucher if 3+ hrs (aa.com/manage). DM your record locator and I can walk you through options.
t769,cancellation,cancellation,"@customer: @AmericanAir cancelled on me at gate DCA, rebook options?",Sorry your flight AA2880 was cancelled. You can rebook free on the next available American flight at aa.com/manage or in the app. DM your record locator for help.
t770,cancellation,cancellation,"@customer: @AmericanAir cancelled on me at gate DFW, rebook options?",Sorry your flight AA1095 was cancelled. You can rebook free on the next available American flight at aa.com/manage or in the app. DM your record locator for help.
t771,baggage,baggage,"@customer: charged $75 bag fee but told free, flight AA1141, refund?",Sorry about your bag. Please file a report at aa.com/baggage within 4 hrs and track in the app; keep receipts for essentials. DM your tag/record locator.
t772,flight delay,flight_delay,"@customer: @AmericanAir flight AA2091 delayed 2hrs, will I miss my connection in DCA?",Sorry for the delay on AA2091. Please check live status in the American app and speak to the gate agent about rebooking/meal voucher if 3+ hrs (aa.com/manage). DM your record locator and I can walk you through options.
t773,checkin boarding,checkin_boarding,@customer: cant check in flight aa1224 app error leaves in 2 hours pls help asap,"Check in from 24 hrs in the app; gates close 15 min before departure. Try app refresh, or kiosk with confirmation code. DM your record locator if still blocked."
t774,checkin boarding,checkin_boarding,"@customer: @AmericanAir cant check in flight AA721, app error, leaves in 2 hours","Check in from 24 hrs in the app; gates close 15 min before departure. Try app refresh, or kiosk with confirmation code. DM your record locator if still blocked."
t775,praise other,praise_other,@customer: love the new app smooth checkin pls help asap,Thanks for flying with us! Let us know if you need anything on AA1142.
t776,refund compensation,refund_compensation,@customer: @AmericanAir refund for cancelled AA1450? nonrefundable but you cancelled,"If we cancelled, you may choose refund or trip credit at aa.com/refunds (refundable to original payment within 7 days). DM your record locator."
t777,loyalty account,loyalty_account,"@customer: gold status not showing, flight AA2264 tomorrow",Miles post within 48 hrs; request missing miles at aa.com/missingmiles with ticket number. DM details (never share password).
t778,flight delay,flight_delay,"@customer: @AmericanAir flight AA629 delayed 4hrs, will I miss my connection in DFW?",Sorry for the delay on AA629. Please check live status in the American app and speak to the gate agent about rebooking/meal voucher if 3+ hrs (aa.com/manage). DM your record locator and I can walk you through options.
t779,cancellation,cancellation,"@customer: @AmericanAir cancelled on me at gate JFK, rebook options?",Sorry your flight AA2786 was cancelled. You can rebook free on the next available American flight at aa.com/manage or in the app. DM your record locator for help.
t780,checkin boarding,checkin_boarding,"@customer: @AmericanAir boarding pass wont load, gate 35 at CLT","Check in from 24 hrs in the app; gates close 15 min before departure. Try app refresh, or kiosk with confirmation code. DM your record locator if still blocked."
t781,flight delay,flight_delay,"@customer: AA AA1501 delayed, need hotel tonight in DCA, who pays?",Sorry for the delay on AA1501. Please check live status in the American app and speak to the gate agent about rebooking/meal voucher if 3+ hrs (aa.com/manage). DM your record locator and I can walk you through options.
t782,refund compensation,refund_compensation,@customer: @AmericanAir want voucher for 5hr delay AA1715 in DFW,"If we cancelled, you may choose refund or trip credit at aa.com/refunds (refundable to original payment within 7 days). DM your record locator."
t783,cancellation,cancellation,"@customer: @AmericanAir cancelled on me at gate ORD, rebook options?",Sorry your flight AA941 was cancelled. You can rebook free on the next available American flight at aa.com/manage or in the app. DM your record locator for help.
t784,checkin boarding,checkin_boarding,@customer: what gate for AA1407 at PHX? boarding group 4 when?,"Check in from 24 hrs in the app; gates close 15 min before departure. Try app refresh, or kiosk with confirmation code. DM your record locator if still blocked."
t785,flight delay,flight_delay,"@customer: @AmericanAir flight AA2112 delayed 3hrs, will I miss my connection in JFK?",Sorry for the delay on AA2112. Please check live status in the American app and speak to the gate agent about rebooking/meal voucher if 3+ hrs (aa.com/manage). DM your record locator and I can walk you through options.
t786,baggage,baggage,"@customer: charged $75 bag fee but told free, flight AA1456, refund?",Sorry about your bag. Please file a report at aa.com/baggage within 4 hrs and track in the app; keep receipts for essentials. DM your tag/record locator.
t787,baggage,baggage,"@customer: @AmericanAir damaged suitcase on AA800, claim process?",Sorry about your bag. Please file a report at aa.com/baggage within 4 hrs and track in the app; keep receipts for essentials. DM your tag/record locator.
t788,booking change,booking_change,"@customer: @AmericanAir need to change flight AA1868 to tomorrow, fare difference?",You can change most main-cabin+ tickets at aa.com/manage (fare difference may apply). DM your record locator and new date and I will outline exact steps.
t789,flight delay,flight_delay,"@customer: @AmericanAir stuck at DFW, delay again, crew says 3hr wait, what now?",Sorry for the delay on AA673. Please check live status in the American app and speak to the gate agent about rebooking/meal voucher if 3+ hrs (aa.com/manage). DM your record locator and I can walk you through options.
t790,checkin boarding,checkin_boarding,"@customer: @AmericanAir boarding pass wont load, gate 51 at CLT","Check in from 24 hrs in the app; gates close 15 min before departure. Try app refresh, or kiosk with confirmation code. DM your record locator if still blocked."
t791,loyalty account,loyalty_account,"@customer: gold status not showing, flight AA1912 tomorrow",Miles post within 48 hrs; request missing miles at aa.com/missingmiles with ticket number. DM details (never share password).
t792,checkin boarding,checkin_boarding,"@customer: @AmericanAir boarding pass wont load, gate 23 at LAX","Check in from 24 hrs in the app; gates close 15 min before departure. Try app refresh, or kiosk with confirmation code. DM your record locator if still blocked."
t793,booking change,booking_change,@customer: need to change flight aa1359 to tomorrow fare difference? pls help asap,You can change most main-cabin+ tickets at aa.com/manage (fare difference may apply). DM your record locator and new date and I will outline exact steps.
t794,complaint service,complaint_service,"@customer: never flying again, worst service AA756, filing DOT complaint",I am sorry you experienced this on AA756. I am escalating to a human specialist with a case number. Please DM your record locator + details.
t795,loyalty account,loyalty_account,"@customer: @AmericanAir miles missing for flight AA2947, AAdvantage 82NMPV",Miles post within 48 hrs; request missing miles at aa.com/missingmiles with ticket number. DM details (never share password).
t796,baggage,baggage,"@customer: @AmericanAir damaged suitcase on AA1756, claim process?",Sorry about your bag. Please file a report at aa.com/baggage within 4 hrs and track in the app; keep receipts for essentials. DM your tag/record locator.
t797,praise other,praise_other,"@customer: @AmericanAir love the new app, smooth checkin",Thanks for flying with us! Let us know if you need anything on AA2104.
t798,checkin boarding,checkin_boarding,"@customer: @AmericanAir boarding pass wont load, gate 1 at ORD","Check in from 24 hrs in the app; gates close 15 min before departure. Try app refresh, or kiosk with confirmation code. DM your record locator if still blocked."
t799,flight delay,flight_delay,"@customer: AA AA411 delayed, need hotel tonight in ORD, who pays?",Sorry for the delay on AA411. Please check live status in the American app and speak to the gate agent about rebooking/meal voucher if 3+ hrs (aa.com/manage). DM your record locator and I can walk you through options.
t800,refund compensation,refund_compensation,@customer: @AmericanAir want voucher for 5hr delay AA1501 in LAX,"If we cancelled, you may choose refund or trip credit at aa.com/refunds (refundable to original payment within 7 days). DM your record locator."
t801,loyalty account,loyalty_account,"@customer: @AmericanAir cant login AAdvantage, reset not working",Miles post within 48 hrs; request missing miles at aa.com/missingmiles with ticket number. DM details (never share password).
t802,booking change,booking_change,@customer: need to change flight aa2319 to tomorrow fare difference? pls help asap,You can change most main-cabin+ tickets at aa.com/manage (fare difference may apply). DM your record locator and new date and I will outline exact steps.
t803,cancellation,cancellation,"@customer: flight AA2955 cancelled, stranded in PHX tonight, help",Sorry your flight AA2955 was cancelled. You can rebook free on the next available American flight at aa.com/manage or in the app. DM your record locator for help.
t804,loyalty account,loyalty_account,"@customer: gold status not showing, flight AA819 tomorrow",Miles post within 48 hrs; request missing miles at aa.com/missingmiles with ticket number. DM details (never share password).
t805,flight delay,flight_delay,"@customer: @AmericanAir flight AA1341 delayed 6hrs, will I miss my connection in CLT?",Sorry for the delay on AA1341. Please check live status in the American app and speak to the gate agent about rebooking/meal voucher if 3+ hrs (aa.com/manage). DM your record locator and I can walk you through options.
t806,praise other,praise_other,"@customer: @AmericanAir thanks crew on AA1292, great landing in LAX!",Thanks for flying with us! Let us know if you need anything on AA1292.
t807,cancellation,cancellation,"@customer: @AmericanAir you cancelled flight AA1748 to DCA today, need rebook ASAP",Sorry your flight AA1748 was cancelled. You can rebook free on the next available American flight at aa.com/manage or in the app. DM your record locator for help.
t808,praise other,praise_other,@customer: do you fly to CLT direct from DFW?,Thanks for flying with us! Let us know if you need anything on AA2134.
t809,loyalty account,loyalty_account,"@customer: @AmericanAir miles missing for flight AA439, AAdvantage M3GRKU",Miles post within 48 hrs; request missing miles at aa.com/missingmiles with ticket number. DM details (never share password).
t810,baggage,baggage,"@customer: @AmericanAir bag missing since yesterday flight AA2747 at PHX, tag W4RT78",Sorry about your bag. Please file a report at aa.com/baggage within 4 hrs and track in the app; keep receipts for essentials. DM your tag/record locator.
t811,baggage,baggage,@customer: charged $75 bag fee but told free flight aa1985 refund? pls help asap,Sorry about your bag. Please file a report at aa.com/baggage within 4 hrs and track in the app; keep receipts for essentials. DM your tag/record locator.
t812,praise other,praise_other,"@customer: @AmericanAir love the new app, smooth checkin",Thanks for flying with us! Let us know if you need anything on AA2143.
t813,cancellation,cancellation,"@customer: flight AA399 cancelled, stranded in CLT tonight, help",Sorry your flight AA399 was cancelled. You can rebook free on the next available American flight at aa.com/manage or in the app. DM your record locator for help.
t814,cancellation,cancellation,"@customer: @AmericanAir cancelled on me at gate ORD, rebook options?",Sorry your flight AA2988 was cancelled. You can rebook free on the next available American flight at aa.com/manage or in the app. DM your record locator for help.
t815,cancellation,cancellation,"@customer: @AmericanAir you cancelled flight AA2379 to PHX today, need rebook ASAP",Sorry your flight AA2379 was cancelled. You can rebook free on the next available American flight at aa.com/manage or in the app. DM your record locator for help.
t816,cancellation,cancellation,@customer: you cancelled flight aa814 to jfk today need rebook asap pls help asap,Sorry your flight AA814 was cancelled. You can rebook free on the next available American flight at aa.com/manage or in the app. DM your record locator for help.
t817,booking change,booking_change,@customer: @AmericanAir can I switch seat / add bag on booking 93DS9V?,You can change most main-cabin+ tickets at aa.com/manage (fare difference may apply). DM your record locator and new date and I will outline exact steps.
t818,complaint service,complaint_service,"@customer: @AmericanAir crew on AA2557 was rude to my mother, unacceptable",I am sorry you experienced this on AA2557. I am escalating to a human specialist with a case number. Please DM your record locator + details.
t819,flight delay,flight_delay,@customer: stuck at phx delay again crew says 1hr wait what now? pls help asap,Sorry for the delay on AA936. Please check live status in the American app and speak to the gate agent about rebooking/meal voucher if 3+ hrs (aa.com/manage). DM your record locator and I can walk you through options.
t820,checkin boarding,checkin_boarding,"@customer: @AmericanAir boarding pass wont load, gate 44 at JFK","Check in from 24 hrs in the app; gates close 15 min before departure. Try app refresh, or kiosk with confirmation code. DM your record locator if still blocked."
t821,flight delay,flight_delay,"@customer: @AmericanAir stuck at JFK, delay again, crew says 4hr wait, what now?",Sorry for the delay on AA1590. Please check live status in the American app and speak to the gate agent about rebooking/meal voucher if 3+ hrs (aa.com/manage). DM your record locator and I can walk you through options.
t822,flight delay,flight_delay,"@customer: AA AA1727 delayed, need hotel tonight in PHX, who pays?",Sorry for the delay on AA1727. Please check live status in the American app and speak to the gate agent about rebooking/meal voucher if 3+ hrs (aa.com/manage). DM your record locator and I can walk you through options.
t823,loyalty account,loyalty_account,@customer: miles missing for flight aa847 aadvantage 77tmvb pls help asap,Miles post within 48 hrs; request missing miles at aa.com/missingmiles with ticket number. DM details (never share password).
t824,booking change,booking_change,"@customer: change name spelling on reservation E8XDFW, how?",You can change most main-cabin+ tickets at aa.com/manage (fare difference may apply). DM your record locator and new date and I will outline exact steps.
t825,praise other,praise_other,"@customer: @AmericanAir love the new app, smooth checkin",Thanks for flying with us! Let us know if you need anything on AA321.
t826,loyalty account,loyalty_account,"@customer: @AmericanAir miles missing for flight AA716, AAdvantage WMN44Z",Miles post within 48 hrs; request missing miles at aa.com/missingmiles with ticket number. DM details (never share password).
t827,cancellation,cancellation,"@customer: flight AA286 cancelled, stranded in LAX tonight, help",Sorry your flight AA286 was cancelled. You can rebook free on the next available American flight at aa.com/manage or in the app. DM your record locator for help.
t828,praise other,praise_other,@customer: love the new app smooth checkin pls help asap,Thanks for flying with us! Let us know if you need anything on AA2951.
t829,flight delay,flight_delay,"@customer: @AmericanAir flight AA1887 delayed 5hrs, will I miss my connection in PHX?",Sorry for the delay on AA1887. Please check live status in the American app and speak to the gate agent about rebooking/meal voucher if 3+ hrs (aa.com/manage). DM your record locator and I can walk you through options.
t830,complaint service,complaint_service,@customer: discriminated at gate dfw want supervisor + case pls help asap,I am sorry you experienced this on AA2631. I am escalating to a human specialist with a case number. Please DM your record locator + details.
t831,complaint service,complaint_service,"@customer: never flying again, worst service AA1294, filing DOT complaint",I am sorry you experienced this on AA1294. I am escalating to a human specialist with a case number. Please DM your record locator + details.
t832,checkin boarding,checkin_boarding,@customer: what gate for AA2245 at DCA? boarding group 4 when?,"Check in from 24 hrs in the app; gates close 15 min before departure. Try app refresh, or kiosk with confirmation code. DM your record locator if still blocked."
t833,flight delay,flight_delay,"@customer: AA AA326 delayed, need hotel tonight in CLT, who pays?",Sorry for the delay on AA326. Please check live status in the American app and speak to the gate agent about rebooking/meal voucher if 3+ hrs (aa.com/manage). DM your record locator and I can walk you through options.
t834,checkin boarding,checkin_boarding,@customer: what gate for AA485 at DFW? boarding group 4 when?,"Check in from 24 hrs in the app; gates close 15 min before departure. Try app refresh, or kiosk with confirmation code. DM your record locator if still blocked."
t835,complaint service,complaint_service,"@customer: @AmericanAir crew on AA2266 was rude to my mother, unacceptable",I am sorry you experienced this on AA2266. I am escalating to a human specialist with a case number. Please DM your record locator + details.
t836,booking change,booking_change,"@customer: change name spelling on reservation 8HY3J6, how?",You can change most main-cabin+ tickets at aa.com/manage (fare difference may apply). DM your record locator and new date and I will outline exact steps.
t837,checkin boarding,checkin_boarding,"@customer: @AmericanAir boarding pass wont load, gate 12 at MIA","Check in from 24 hrs in the app; gates close 15 min before departure. Try app refresh, or kiosk with confirmation code. DM your record locator if still blocked."
t838,flight delay,flight_delay,"@customer: AA AA2640 delayed, need hotel tonight in MIA, who pays?",Sorry for the delay on AA2640. Please check live status in the American app and speak to the gate agent about rebooking/meal voucher if 3+ hrs (aa.com/manage). DM your record locator and I can walk you through options.
t839,booking change,booking_change,"@customer: @AmericanAir need to change flight AA2541 to tomorrow, fare difference?",You can change most main-cabin+ tickets at aa.com/manage (fare difference may apply). DM your record locator and new date and I will outline exact steps.
t840,loyalty account,loyalty_account,"@customer: @AmericanAir cant login AAdvantage, reset not working",Miles post within 48 hrs; request missing miles at aa.com/missingmiles with ticket number. DM details (never share password).
t841,loyalty account,loyalty_account,@customer: gold status not showing flight aa1921 tomorrow pls help asap,Miles post within 48 hrs; request missing miles at aa.com/missingmiles with ticket number. DM details (never share password).
t842,cancellation,cancellation,"@customer: @AmericanAir you cancelled flight AA150 to DCA today, need rebook ASAP",Sorry your flight AA150 was cancelled. You can rebook free on the next available American flight at aa.com/manage or in the app. DM your record locator for help.
t843,booking change,booking_change,@customer: @AmericanAir can I switch seat / add bag on booking MSHPZS?,You can change most main-cabin+ tickets at aa.com/manage (fare difference may apply). DM your record locator and new date and I will outline exact steps.
t844,flight delay,flight_delay,"@customer: @AmericanAir flight AA1687 delayed 2hrs, will I miss my connection in JFK?",Sorry for the delay on AA1687. Please check live status in the American app and speak to the gate agent about rebooking/meal voucher if 3+ hrs (aa.com/manage). DM your record locator and I can walk you through options.
t845,praise other,praise_other,"@customer: @AmericanAir thanks crew on AA1777, great landing in CLT!",Thanks for flying with us! Let us know if you need anything on AA1777.
t846,baggage,baggage,"@customer: @AmericanAir damaged suitcase on AA758, claim process?",Sorry about your bag. Please file a report at aa.com/baggage within 4 hrs and track in the app; keep receipts for essentials. DM your tag/record locator.
t847,refund compensation,refund_compensation,@customer: @AmericanAir want voucher for 5hr delay AA865 in MIA,"If we cancelled, you may choose refund or trip credit at aa.com/refunds (refundable to original payment within 7 days). DM your record locator."
t848,complaint service,complaint_service,"@customer: @AmericanAir discriminated at gate DFW, want supervisor + case",I am sorry you experienced this on AA1915. I am escalating to a human specialist with a case number. Please DM your record locator + details.
t849,praise other,praise_other,"@customer: @AmericanAir love the new app, smooth checkin",Thanks for flying with us! Let us know if you need anything on AA320.
t850,cancellation,cancellation,@customer: you cancelled flight aa1833 to jfk today need rebook asap pls help asap,Sorry your flight AA1833 was cancelled. You can rebook free on the next available American flight at aa.com/manage or in the app. DM your record locator for help.
t851,refund compensation,refund_compensation,"@customer: trip credit not received for AA1555, booking CNZDJG","If we cancelled, you may choose refund or trip credit at aa.com/refunds (refundable to original payment within 7 days). DM your record locator."
t852,cancellation,cancellation,"@customer: @AmericanAir you cancelled flight AA2754 to CLT today, need rebook ASAP",Sorry your flight AA2754 was cancelled. You can rebook free on the next available American flight at aa.com/manage or in the app. DM your record locator for help.
t853,loyalty account,loyalty_account,"@customer: @AmericanAir cant login AAdvantage, reset not working",Miles post within 48 hrs; request missing miles at aa.com/missingmiles with ticket number. DM details (never share password).
t854,booking change,booking_change,@customer: @AmericanAir can I switch seat / add bag on booking Q92SFN?,You can change most main-cabin+ tickets at aa.com/manage (fare difference may apply). DM your record locator and new date and I will outline exact steps.
t855,baggage,baggage,"@customer: @AmericanAir bag missing since yesterday flight AA2420 at ORD, tag NECWWB",Sorry about your bag. Please file a report at aa.com/baggage within 4 hrs and track in the app; keep receipts for essentials. DM your tag/record locator.
t856,checkin boarding,checkin_boarding,@customer: what gate for AA2880 at PHX? boarding group 4 when?,"Check in from 24 hrs in the app; gates close 15 min before departure. Try app refresh, or kiosk with confirmation code. DM your record locator if still blocked."
t857,flight delay,flight_delay,"@customer: @AmericanAir stuck at PHX, delay again, crew says 3hr wait, what now?",Sorry for the delay on AA944. Please check live status in the American app and speak to the gate agent about rebooking/meal voucher if 3+ hrs (aa.com/manage). DM your record locator and I can walk you through options.
t858,refund compensation,refund_compensation,"@customer: trip credit not received for AA2863, booking 6PDA4Q","If we cancelled, you may choose refund or trip credit at aa.com/refunds (refundable to original payment within 7 days). DM your record locator."
t859,flight delay,flight_delay,"@customer: @AmericanAir stuck at PHX, delay again, crew says 2hr wait, what now?",Sorry for the delay on AA294. Please check live status in the American app and speak to the gate agent about rebooking/meal voucher if 3+ hrs (aa.com/manage). DM your record locator and I can walk you through options.
t860,cancellation,cancellation,"@customer: @AmericanAir cancelled on me at gate DFW, rebook options?",Sorry your flight AA1286 was cancelled. You can rebook free on the next available American flight at aa.com/manage or in the app. DM your record locator for help.
t861,complaint service,complaint_service,"@customer: never flying again, worst service AA2573, filing DOT complaint",I am sorry you experienced this on AA2573. I am escalating to a human specialist with a case number. Please DM your record locator + details.
t862,complaint service,complaint_service,"@customer: never flying again, worst service AA222, filing DOT complaint",I am sorry you experienced this on AA222. I am escalating to a human specialist with a case number. Please DM your record locator + details.
t863,booking change,booking_change,"@customer: @AmericanAir need to change flight AA2562 to tomorrow, fare difference?",You can change most main-cabin+ tickets at aa.com/manage (fare difference may apply). DM your record locator and new date and I will outline exact steps.
t864,baggage,baggage,"@customer: @AmericanAir damaged suitcase on AA1894, claim process?",Sorry about your bag. Please file a report at aa.com/baggage within 4 hrs and track in the app; keep receipts for essentials. DM your tag/record locator.
t865,complaint service,complaint_service,"@customer: @AmericanAir crew on AA880 was rude to my mother, unacceptable",I am sorry you experienced this on AA880. I am escalating to a human specialist with a case number. Please DM your record locator + details.
t866,booking change,booking_change,"@customer: change name spelling on reservation T74W4S, how?",You can change most main-cabin+ tickets at aa.com/manage (fare difference may apply). DM your record locator and new date and I will outline exact steps.
t867,praise other,praise_other,"@customer: @AmericanAir thanks crew on AA1964, great landing in PHX!",Thanks for flying with us! Let us know if you need anything on AA1964.
t868,complaint service,complaint_service,"@customer: @AmericanAir crew on AA2107 was rude to my mother, unacceptable",I am sorry you experienced this on AA2107. I am escalating to a human specialist with a case number. Please DM your record locator + details.
t869,refund compensation,refund_compensation,"@customer: trip credit not received for AA1775, booking M9LYMK","If we cancelled, you may choose refund or trip credit at aa.com/refunds (refundable to original payment within 7 days). DM your record locator."
t870,praise other,praise_other,@customer: do you fly to MIA direct from DFW?,Thanks for flying with us! Let us know if you need anything on AA1105.
t871,cancellation,cancellation,"@customer: flight AA1868 cancelled, stranded in JFK tonight, help",Sorry your flight AA1868 was cancelled. You can rebook free on the next available American flight at aa.com/manage or in the app. DM your record locator for help.
t872,flight delay,flight_delay,"@customer: AA AA1471 delayed, need hotel tonight in PHX, who pays?",Sorry for the delay on AA1471. Please check live status in the American app and speak to the gate agent about rebooking/meal voucher if 3+ hrs (aa.com/manage). DM your record locator and I can walk you through options.
t873,checkin boarding,checkin_boarding,"@customer: @AmericanAir boarding pass wont load, gate 37 at MIA","Check in from 24 hrs in the app; gates close 15 min before departure. Try app refresh, or kiosk with confirmation code. DM your record locator if still blocked."
t874,flight delay,flight_delay,"@customer: AA AA1932 delayed, need hotel tonight in DCA, who pays?",Sorry for the delay on AA1932. Please check live status in the American app and speak to the gate agent about rebooking/meal voucher if 3+ hrs (aa.com/manage). DM your record locator and I can walk you through options.
t875,flight delay,flight_delay,"@customer: AA AA1586 delayed, need hotel tonight in JFK, who pays?",Sorry for the delay on AA1586. Please check live status in the American app and speak to the gate agent about rebooking/meal voucher if 3+ hrs (aa.com/manage). DM your record locator and I can walk you through options.
t876,baggage,baggage,"@customer: @AmericanAir bag missing since yesterday flight AA1143 at ORD, tag X5JS2A",Sorry about your bag. Please file a report at aa.com/baggage within 4 hrs and track in the app; keep receipts for essentials. DM your tag/record locator.
t877,praise other,praise_other,"@customer: @AmericanAir thanks crew on AA2174, great landing in CLT!",Thanks for flying with us! Let us know if you need anything on AA2174.
t878,booking change,booking_change,@customer: @AmericanAir can I switch seat / add bag on booking HK2HAT?,You can change most main-cabin+ tickets at aa.com/manage (fare difference may apply). DM your record locator and new date and I will outline exact steps.
t879,baggage,baggage,"@customer: charged $75 bag fee but told free, flight AA1650, refund?",Sorry about your bag. Please file a report at aa.com/baggage within 4 hrs and track in the app; keep receipts for essentials. DM your tag/record locator.
t880,praise other,praise_other,"@customer: @AmericanAir love the new app, smooth checkin",Thanks for flying with us! Let us know if you need anything on AA2114.
t881,loyalty account,loyalty_account,"@customer: @AmericanAir cant login AAdvantage, reset not working",Miles post within 48 hrs; request missing miles at aa.com/missingmiles with ticket number. DM details (never share password).
t882,booking change,booking_change,"@customer: @AmericanAir need to change flight AA1786 to tomorrow, fare difference?",You can change most main-cabin+ tickets at aa.com/manage (fare difference may apply). DM your record locator and new date and I will outline exact steps.
t883,praise other,praise_other,@customer: do you fly to MIA direct from DFW?,Thanks for flying with us! Let us know if you need anything on AA1612.
t884,praise other,praise_other,@customer: love the new app smooth checkin pls help asap,Thanks for flying with us! Let us know if you need anything on AA1957.
t885,loyalty account,loyalty_account,"@customer: @AmericanAir cant login AAdvantage, reset not working",Miles post within 48 hrs; request missing miles at aa.com/missingmiles with ticket number. DM details (never share password).
t886,praise other,praise_other,"@customer: @AmericanAir love the new app, smooth checkin",Thanks for flying with us! Let us know if you need anything on AA1827.
t887,refund compensation,refund_compensation,@customer: @AmericanAir want voucher for 5hr delay AA1102 in MIA,"If we cancelled, you may choose refund or trip credit at aa.com/refunds (refundable to original payment within 7 days). DM your record locator."
t888,checkin boarding,checkin_boarding,"@customer: @AmericanAir boarding pass wont load, gate 42 at ORD","Check in from 24 hrs in the app; gates close 15 min before departure. Try app refresh, or kiosk with confirmation code. DM your record locator if still blocked."
t889,cancellation,cancellation,"@customer: @AmericanAir cancelled on me at gate DFW, rebook options?",Sorry your flight AA2597 was cancelled. You can rebook free on the next available American flight at aa.com/manage or in the app. DM your record locator for help.
t890,booking change,booking_change,"@customer: change name spelling on reservation R7KL3P, how?",You can change most main-cabin+ tickets at aa.com/manage (fare difference may apply). DM your record locator and new date and I will outline exact steps.
t891,refund compensation,refund_compensation,@customer: want voucher for 5hr delay aa756 in clt pls help asap,"If we cancelled, you may choose refund or trip credit at aa.com/refunds (refundable to original payment within 7 days). DM your record locator."
t892,loyalty account,loyalty_account,"@customer: gold status not showing, flight AA2315 tomorrow",Miles post within 48 hrs; request missing miles at aa.com/missingmiles with ticket number. DM details (never share password).
t893,praise other,praise_other,"@customer: @AmericanAir thanks crew on AA1790, great landing in DFW!",Thanks for flying with us! Let us know if you need anything on AA1790.
t894,checkin boarding,checkin_boarding,@customer: what gate for AA1722 at LAX? boarding group 4 when?,"Check in from 24 hrs in the app; gates close 15 min before departure. Try app refresh, or kiosk with confirmation code. DM your record locator if still blocked."
t895,baggage,baggage,@customer: damaged suitcase on aa2970 claim process? pls help asap,Sorry about your bag. Please file a report at aa.com/baggage within 4 hrs and track in the app; keep receipts for essentials. DM your tag/record locator.
t896,refund compensation,refund_compensation,"@customer: trip credit not received for AA458, booking YWRC5Q","If we cancelled, you may choose refund or trip credit at aa.com/refunds (refundable to original payment within 7 days). DM your record locator."
t897,complaint service,complaint_service,"@customer: never flying again, worst service AA2252, filing DOT complaint",I am sorry you experienced this on AA2252. I am escalating to a human specialist with a case number. Please DM your record locator + details.
t898,checkin boarding,checkin_boarding,"@customer: @AmericanAir boarding pass wont load, gate 20 at PHX","Check in from 24 hrs in the app; gates close 15 min before departure. Try app refresh, or kiosk with confirmation code. DM your record locator if still blocked."
t899,praise other,praise_other,"@customer: @AmericanAir thanks crew on AA2552, great landing in LAX!",Thanks for flying with us! Let us know if you need anything on AA2552.
t900,refund compensation,refund_compensation,@customer: want voucher for 5hr delay aa2999 in clt pls help asap,"If we cancelled, you may choose refund or trip credit at aa.com/refunds (refundable to original payment within 7 days). DM your record locator."
t901,flight delay,flight_delay,"@customer: AA AA2359 delayed, need hotel tonight in ORD, who pays?",Sorry for the delay on AA2359. Please check live status in the American app and speak to the gate agent about rebooking/meal voucher if 3+ hrs (aa.com/manage). DM your record locator and I can walk you through options.
t902,booking change,booking_change,"@customer: @AmericanAir need to change flight AA2027 to tomorrow, fare difference?",You can change most main-cabin+ tickets at aa.com/manage (fare difference may apply). DM your record locator and new date and I will outline exact steps.
t903,flight delay,flight_delay,"@customer: @AmericanAir stuck at PHX, delay again, crew says 2hr wait, what now?",Sorry for the delay on AA2965. Please check live status in the American app and speak to the gate agent about rebooking/meal voucher if 3+ hrs (aa.com/manage). DM your record locator and I can walk you through options.
t904,checkin boarding,checkin_boarding,@customer: what gate for aa1572 at jfk? boarding group 4 when? pls help asap,"Check in from 24 hrs in the app; gates close 15 min before departure. Try app refresh, or kiosk with confirmation code. DM your record locator if still blocked."
t905,checkin boarding,checkin_boarding,"@customer: @AmericanAir boarding pass wont load, gate 36 at DFW","Check in from 24 hrs in the app; gates close 15 min before departure. Try app refresh, or kiosk with confirmation code. DM your record locator if still blocked."
t906,praise other,praise_other,@customer: do you fly to PHX direct from DFW?,Thanks for flying with us! Let us know if you need anything on AA2198.
t907,cancellation,cancellation,"@customer: @AmericanAir you cancelled flight AA2158 to LAX today, need rebook ASAP",Sorry your flight AA2158 was cancelled. You can rebook free on the next available American flight at aa.com/manage or in the app. DM your record locator for help.
t908,checkin boarding,checkin_boarding,"@customer: @AmericanAir cant check in flight AA1593, app error, leaves in 2 hours","Check in from 24 hrs in the app; gates close 15 min before departure. Try app refresh, or kiosk with confirmation code. DM your record locator if still blocked."
t909,baggage,baggage,"@customer: @AmericanAir damaged suitcase on AA1405, claim process?",Sorry about your bag. Please file a report at aa.com/baggage within 4 hrs and track in the app; keep receipts for essentials. DM your tag/record locator.
t910,loyalty account,loyalty_account,"@customer: @AmericanAir cant login AAdvantage, reset not working",Miles post within 48 hrs; request missing miles at aa.com/missingmiles with ticket number. DM details (never share password).
t911,loyalty account,loyalty_account,"@customer: gold status not showing, flight AA2597 tomorrow",Miles post within 48 hrs; request missing miles at aa.com/missingmiles with ticket number. DM details (never share password).
t912,checkin boarding,checkin_boarding,"@customer: @AmericanAir boarding pass wont load, gate 19 at LAX","Check in from 24 hrs in the app; gates close 15 min before departure. Try app refresh, or kiosk with confirmation code. DM your record locator if still blocked."
t913,loyalty account,loyalty_account,"@customer: @AmericanAir cant login AAdvantage, reset not working",Miles post within 48 hrs; request missing miles at aa.com/missingmiles with ticket number. DM details (never share password).
t914,flight delay,flight_delay,"@customer: @AmericanAir flight AA2031 delayed 5hrs, will I miss my connection in CLT?",Sorry for the delay on AA2031. Please check live status in the American app and speak to the gate agent about rebooking/meal voucher if 3+ hrs (aa.com/manage). DM your record locator and I can walk you through options.
t915,refund compensation,refund_compensation,@customer: @AmericanAir want voucher for 5hr delay AA640 in DFW,"If we cancelled, you may choose refund or trip credit at aa.com/refunds (refundable to original payment within 7 days). DM your record locator."
t916,refund compensation,refund_compensation,@customer: want voucher for 5hr delay aa783 in dca pls help asap,"If we cancelled, you may choose refund or trip credit at aa.com/refunds (refundable to original payment within 7 days). DM your record locator."
t917,booking change,booking_change,"@customer: change name spelling on reservation JBU7Y5, how?",You can change most main-cabin+ tickets at aa.com/manage (fare difference may apply). DM your record locator and new date and I will outline exact steps.
t918,loyalty account,loyalty_account,"@customer: gold status not showing, flight AA989 tomorrow",Miles post within 48 hrs; request missing miles at aa.com/missingmiles with ticket number. DM details (never share password).
t919,cancellation,cancellation,"@customer: @AmericanAir cancelled on me at gate DCA, rebook options?",Sorry your flight AA1668 was cancelled. You can rebook free on the next available American flight at aa.com/manage or in the app. DM your record locator for help.
t920,loyalty account,loyalty_account,"@customer: @AmericanAir miles missing for flight AA1236, AAdvantage 3KMYFJ",Miles post within 48 hrs; request missing miles at aa.com/missingmiles with ticket number. DM details (never share password).
t921,refund compensation,refund_compensation,"@customer: trip credit not received for AA1408, booking SZXQSE","If we cancelled, you may choose refund or trip credit at aa.com/refunds (refundable to original payment within 7 days). DM your record locator."
t922,refund compensation,refund_compensation,@customer: refund for cancelled aa770? nonrefundable but you cancelled pls help asap,"If we cancelled, you may choose refund or trip credit at aa.com/refunds (refundable to original payment within 7 days). DM your record locator."
t923,complaint service,complaint_service,@customer: never flying again worst service aa2513 filing dot complaint pls help asap,I am sorry you experienced this on AA2513. I am escalating to a human specialist with a case number. Please DM your record locator + details.
t924,loyalty account,loyalty_account,"@customer: @AmericanAir cant login AAdvantage, reset not working",Miles post within 48 hrs; request missing miles at aa.com/missingmiles with ticket number. DM details (never share password).
t925,cancellation,cancellation,"@customer: flight AA465 cancelled, stranded in LAX tonight, help",Sorry your flight AA465 was cancelled. You can rebook free on the next available American flight at aa.com/manage or in the app. DM your record locator for help.
t926,booking change,booking_change,"@customer: change name spelling on reservation DKKQSQ, how?",You can change most main-cabin+ tickets at aa.com/manage (fare difference may apply). DM your record locator and new date and I will outline exact steps.
t927,praise other,praise_other,"@customer: @AmericanAir thanks crew on AA1275, great landing in LAX!",Thanks for flying with us! Let us know if you need anything on AA1275.
t928,flight delay,flight_delay,"@customer: @AmericanAir stuck at PHX, delay again, crew says 3hr wait, what now?",Sorry for the delay on AA1852. Please check live status in the American app and speak to the gate agent about rebooking/meal voucher if 3+ hrs (aa.com/manage). DM your record locator and I can walk you through options.
t929,booking change,booking_change,@customer: change name spelling on reservation t2qgdc how? pls help asap,You can change most main-cabin+ tickets at aa.com/manage (fare difference may apply). DM your record locator and new date and I will outline exact steps.
t930,complaint service,complaint_service,"@customer: never flying again, worst service AA979, filing DOT complaint",I am sorry you experienced this on AA979. I am escalating to a human specialist with a case number. Please DM your record locator + details.
t931,booking change,booking_change,@customer: @AmericanAir can I switch seat / add bag on booking DNQ9NN?,You can change most main-cabin+ tickets at aa.com/manage (fare difference may apply). DM your record locator and new date and I will outline exact steps.
t932,baggage,baggage,"@customer: @AmericanAir bag missing since yesterday flight AA2859 at CLT, tag ERWDRF",Sorry about your bag. Please file a report at aa.com/baggage within 4 hrs and track in the app; keep receipts for essentials. DM your tag/record locator.
t933,loyalty account,loyalty_account,"@customer: @AmericanAir cant login AAdvantage, reset not working",Miles post within 48 hrs; request missing miles at aa.com/missingmiles with ticket number. DM details (never share password).
t934,praise other,praise_other,"@customer: @AmericanAir love the new app, smooth checkin",Thanks for flying with us! Let us know if you need anything on AA2841.
t935,cancellation,cancellation,"@customer: flight AA2838 cancelled, stranded in ORD tonight, help",Sorry your flight AA2838 was cancelled. You can rebook free on the next available American flight at aa.com/manage or in the app. DM your record locator for help.
t936,praise other,praise_other,@customer: love the new app smooth checkin pls help asap,Thanks for flying with us! Let us know if you need anything on AA1577.
t937,praise other,praise_other,@customer: do you fly to JFK direct from DFW?,Thanks for flying with us! Let us know if you need anything on AA2664.
t938,booking change,booking_change,@customer: @AmericanAir can I switch seat / add bag on booking KSDKGZ?,You can change most main-cabin+ tickets at aa.com/manage (fare difference may apply). DM your record locator and new date and I will outline exact steps.
t939,loyalty account,loyalty_account,"@customer: @AmericanAir miles missing for flight AA2000, AAdvantage S2MM7K",Miles post within 48 hrs; request missing miles at aa.com/missingmiles with ticket number. DM details (never share password).
t940,booking change,booking_change,"@customer: change name spelling on reservation 4L4WAN, how?",You can change most main-cabin+ tickets at aa.com/manage (fare difference may apply). DM your record locator and new date and I will outline exact steps.
t941,flight delay,flight_delay,"@customer: @AmericanAir flight AA1537 delayed 4hrs, will I miss my connection in JFK?",Sorry for the delay on AA1537. Please check live status in the American app and speak to the gate agent about rebooking/meal voucher if 3+ hrs (aa.com/manage). DM your record locator and I can walk you through options.
t942,loyalty account,loyalty_account,"@customer: @AmericanAir miles missing for flight AA306, AAdvantage H2SAK8",Miles post within 48 hrs; request missing miles at aa.com/missingmiles with ticket number. DM details (never share password).
t943,complaint service,complaint_service,@customer: discriminated at gate mia want supervisor + case pls help asap,I am sorry you experienced this on AA1343. I am escalating to a human specialist with a case number. Please DM your record locator + details.
t944,cancellation,cancellation,"@customer: @AmericanAir you cancelled flight AA423 to PHX today, need rebook ASAP",Sorry your flight AA423 was cancelled. You can rebook free on the next available American flight at aa.com/manage or in the app. DM your record locator for help.
t945,flight delay,flight_delay,"@customer: @AmericanAir flight AA1675 delayed 5hrs, will I miss my connection in JFK?",Sorry for the delay on AA1675. Please check live status in the American app and speak to the gate agent about rebooking/meal voucher if 3+ hrs (aa.com/manage). DM your record locator and I can walk you through options.
t946,loyalty account,loyalty_account,"@customer: @AmericanAir cant login AAdvantage, reset not working",Miles post within 48 hrs; request missing miles at aa.com/missingmiles with ticket number. DM details (never share password).
t947,cancellation,cancellation,"@customer: @AmericanAir cancelled on me at gate DFW, rebook options?",Sorry your flight AA1370 was cancelled. You can rebook free on the next available American flight at aa.com/manage or in the app. DM your record locator for help.
t948,baggage,baggage,"@customer: @AmericanAir damaged suitcase on AA1876, claim process?",Sorry about your bag. Please file a report at aa.com/baggage within 4 hrs and track in the app; keep receipts for essentials. DM your tag/record locator.
t949,praise other,praise_other,"@customer: @AmericanAir thanks crew on AA330, great landing in LAX!",Thanks for flying with us! Let us know if you need anything on AA330.
t950,loyalty account,loyalty_account,"@customer: @AmericanAir miles missing for flight AA996, AAdvantage NTXWXF",Miles post within 48 hrs; request missing miles at aa.com/missingmiles with ticket number. DM details (never share password).
t951,booking change,booking_change,@customer: @AmericanAir can I switch seat / add bag on booking H3C75A?,You can change most main-cabin+ tickets at aa.com/manage (fare difference may apply). DM your record locator and new date and I will outline exact steps.
t952,refund compensation,refund_compensation,@customer: @AmericanAir want voucher for 5hr delay AA629 in ORD,"If we cancelled, you may choose refund or trip credit at aa.com/refunds (refundable to original payment within 7 days). DM your record locator."
t953,checkin boarding,checkin_boarding,"@customer: @AmericanAir boarding pass wont load, gate 8 at DFW","Check in from 24 hrs in the app; gates close 15 min before departure. Try app refresh, or kiosk with confirmation code. DM your record locator if still blocked."
t954,booking change,booking_change,@customer: need to change flight aa2494 to tomorrow fare difference? pls help asap,You can change most main-cabin+ tickets at aa.com/manage (fare difference may apply). DM your record locator and new date and I will outline exact steps.
t955,booking change,booking_change,"@customer: change name spelling on reservation SFR2T9, how?",You can change most main-cabin+ tickets at aa.com/manage (fare difference may apply). DM your record locator and new date and I will outline exact steps.
t956,baggage,baggage,"@customer: charged $75 bag fee but told free, flight AA2006, refund?",Sorry about your bag. Please file a report at aa.com/baggage within 4 hrs and track in the app; keep receipts for essentials. DM your tag/record locator.
t957,cancellation,cancellation,"@customer: @AmericanAir cancelled on me at gate MIA, rebook options?",Sorry your flight AA2106 was cancelled. You can rebook free on the next available American flight at aa.com/manage or in the app. DM your record locator for help.
t958,flight delay,flight_delay,"@customer: @AmericanAir stuck at DCA, delay again, crew says 4hr wait, what now?",Sorry for the delay on AA2637. Please check live status in the American app and speak to the gate agent about rebooking/meal voucher if 3+ hrs (aa.com/manage). DM your record locator and I can walk you through options.
t959,praise other,praise_other,"@customer: @AmericanAir thanks crew on AA1530, great landing in PHX!",Thanks for flying with us! Let us know if you need anything on AA1530.
t960,complaint service,complaint_service,"@customer: @AmericanAir crew on AA442 was rude to my mother, unacceptable",I am sorry you experienced this on AA442. I am escalating to a human specialist with a case number. Please DM your record locator + details.
t961,complaint service,complaint_service,"@customer: @AmericanAir crew on AA2486 was rude to my mother, unacceptable",I am sorry you experienced this on AA2486. I am escalating to a human specialist with a case number. Please DM your record locator + details.
t962,praise other,praise_other,@customer: do you fly to PHX direct from DFW?,Thanks for flying with us! Let us know if you need anything on AA2744.
t963,baggage,baggage,"@customer: @AmericanAir bag missing since yesterday flight AA2128 at CLT, tag 3EJYU5",Sorry about your bag. Please file a report at aa.com/baggage within 4 hrs and track in the app; keep receipts for essentials. DM your tag/record locator.
t964,praise other,praise_other,@customer: thanks crew on aa2312 great landing in dfw! pls help asap,Thanks for flying with us! Let us know if you need anything on AA2312.
t965,refund compensation,refund_compensation,"@customer: trip credit not received for AA2747, booking 8B3D7C","If we cancelled, you may choose refund or trip credit at aa.com/refunds (refundable to original payment within 7 days). DM your record locator."
t966,complaint service,complaint_service,"@customer: @AmericanAir crew on AA1626 was rude to my mother, unacceptable",I am sorry you experienced this on AA1626. I am escalating to a human specialist with a case number. Please DM your record locator + details.
t967,loyalty account,loyalty_account,@customer: cant login aadvantage reset not working pls help asap,Miles post within 48 hrs; request missing miles at aa.com/missingmiles with ticket number. DM details (never share password).
t968,baggage,baggage,"@customer: charged $75 bag fee but told free, flight AA720, refund?",Sorry about your bag. Please file a report at aa.com/baggage within 4 hrs and track in the app; keep receipts for essentials. DM your tag/record locator.
t969,refund compensation,refund_compensation,@customer: @AmericanAir want voucher for 5hr delay AA1702 in LAX,"If we cancelled, you may choose refund or trip credit at aa.com/refunds (refundable to original payment within 7 days). DM your record locator."
t970,checkin boarding,checkin_boarding,"@customer: @AmericanAir cant check in flight AA2960, app error, leaves in 2 hours","Check in from 24 hrs in the app; gates close 15 min before departure. Try app refresh, or kiosk with confirmation code. DM your record locator if still blocked."
t971,flight delay,flight_delay,"@customer: @AmericanAir flight AA845 delayed 3hrs, will I miss my connection in ORD?",Sorry for the delay on AA845. Please check live status in the American app and speak to the gate agent about rebooking/meal voucher if 3+ hrs (aa.com/manage). DM your record locator and I can walk you through options.
t972,baggage,baggage,"@customer: charged $75 bag fee but told free, flight AA1154, refund?",Sorry about your bag. Please file a report at aa.com/baggage within 4 hrs and track in the app; keep receipts for essentials. DM your tag/record locator.
t973,loyalty account,loyalty_account,"@customer: gold status not showing, flight AA922 tomorrow",Miles post within 48 hrs; request missing miles at aa.com/missingmiles with ticket number. DM details (never share password).
t974,booking change,booking_change,"@customer: change name spelling on reservation J9J3ZW, how?",You can change most main-cabin+ tickets at aa.com/manage (fare difference may apply). DM your record locator and new date and I will outline exact steps.
t975,praise other,praise_other,@customer: do you fly to DFW direct from DFW?,Thanks for flying with us! Let us know if you need anything on AA2275.
t976,checkin boarding,checkin_boarding,"@customer: @AmericanAir boarding pass wont load, gate 4 at DFW","Check in from 24 hrs in the app; gates close 15 min before departure. Try app refresh, or kiosk with confirmation code. DM your record locator if still blocked."
t977,praise other,praise_other,@customer: thanks crew on aa1461 great landing in ord! pls help asap,Thanks for flying with us! Let us know if you need anything on AA1461.
t978,booking change,booking_change,"@customer: change name spelling on reservation B9TF9R, how?",You can change most main-cabin+ tickets at aa.com/manage (fare difference may apply). DM your record locator and new date and I will outline exact steps.
t979,checkin boarding,checkin_boarding,@customer: what gate for AA2667 at MIA? boarding group 4 when?,"Check in from 24 hrs in the app; gates close 15 min before departure. Try app refresh, or kiosk with confirmation code. DM your record locator if still blocked."
t980,cancellation,cancellation,"@customer: @AmericanAir you cancelled flight AA2134 to DCA today, need rebook ASAP",Sorry your flight AA2134 was cancelled. You can rebook free on the next available American flight at aa.com/manage or in the app. DM your record locator for help.
t981,baggage,baggage,"@customer: charged $75 bag fee but told free, flight AA2818, refund?",Sorry about your bag. Please file a report at aa.com/baggage within 4 hrs and track in the app; keep receipts for essentials. DM your tag/record locator.
t982,praise other,praise_other,"@customer: @AmericanAir thanks crew on AA1428, great landing in LAX!",Thanks for flying with us! Let us know if you need anything on AA1428.
t983,refund compensation,refund_compensation,@customer: @AmericanAir refund for cancelled AA2515? nonrefundable but you cancelled,"If we cancelled, you may choose refund or trip credit at aa.com/refunds (refundable to original payment within 7 days). DM your record locator."
t984,cancellation,cancellation,@customer: you cancelled flight aa196 to mia today need rebook asap pls help asap,Sorry your flight AA196 was cancelled. You can rebook free on the next available American flight at aa.com/manage or in the app. DM your record locator for help.
t985,baggage,baggage,"@customer: @AmericanAir bag missing since yesterday flight AA831 at PHX, tag HSJRSJ",Sorry about your bag. Please file a report at aa.com/baggage within 4 hrs and track in the app; keep receipts for essentials. DM your tag/record locator.
t986,booking change,booking_change,"@customer: change name spelling on reservation T6ZBKS, how?",You can change most main-cabin+ tickets at aa.com/manage (fare difference may apply). DM your record locator and new date and I will outline exact steps.
t987,complaint service,complaint_service,@customer: never flying again worst service aa1393 filing dot complaint pls help asap,I am sorry you experienced this on AA1393. I am escalating to a human specialist with a case number. Please DM your record locator + details.
t988,loyalty account,loyalty_account,"@customer: gold status not showing, flight AA1342 tomorrow",Miles post within 48 hrs; request missing miles at aa.com/missingmiles with ticket number. DM details (never share password).
t989,flight delay,flight_delay,"@customer: @AmericanAir stuck at CLT, delay again, crew says 2hr wait, what now?",Sorry for the delay on AA1836. Please check live status in the American app and speak to the gate agent about rebooking/meal voucher if 3+ hrs (aa.com/manage). DM your record locator and I can walk you through options.
t990,refund compensation,refund_compensation,@customer: @AmericanAir refund for cancelled AA567? nonrefundable but you cancelled,"If we cancelled, you may choose refund or trip credit at aa.com/refunds (refundable to original payment within 7 days). DM your record locator."
t991,booking change,booking_change,@customer: can i switch seat / add bag on booking e6jf5z? pls help asap,You can change most main-cabin+ tickets at aa.com/manage (fare difference may apply). DM your record locator and new date and I will outline exact steps.
t992,checkin boarding,checkin_boarding,"@customer: @AmericanAir cant check in flight AA2634, app error, leaves in 2 hours","Check in from 24 hrs in the app; gates close 15 min before departure. Try app refresh, or kiosk with confirmation code. DM your record locator if still blocked."
t993,baggage,baggage,"@customer: @AmericanAir bag missing since yesterday flight AA1208 at MIA, tag JLJVJ5",Sorry about your bag. Please file a report at aa.com/baggage within 4 hrs and track in the app; keep receipts for essentials. DM your tag/record locator.
t994,loyalty account,loyalty_account,"@customer: @AmericanAir cant login AAdvantage, reset not working",Miles post within 48 hrs; request missing miles at aa.com/missingmiles with ticket number. DM details (never share password).
t995,praise other,praise_other,@customer: love the new app smooth checkin pls help asap,Thanks for flying with us! Let us know if you need anything on AA1866.
t996,complaint service,complaint_service,"@customer: @AmericanAir discriminated at gate PHX, want supervisor + case",I am sorry you experienced this on AA227. I am escalating to a human specialist with a case number. Please DM your record locator + details.
t997,praise other,praise_other,"@customer: @AmericanAir thanks crew on AA1733, great landing in PHX!",Thanks for flying with us! Let us know if you need anything on AA1733.
t998,baggage,baggage,@customer: bag missing since yesterday flight aa781 at clt tag hjpt48 pls help asap,Sorry about your bag. Please file a report at aa.com/baggage within 4 hrs and track in the app; keep receipts for essentials. DM your tag/record locator.
t999,complaint service,complaint_service,"@customer: @AmericanAir discriminated at gate CLT, want supervisor + case",I am sorry you experienced this on AA2879. I am escalating to a human specialist with a case number. Please DM your record locator + details.
t1000,refund compensation,refund_compensation,@customer: @AmericanAir refund for cancelled AA1952? nonrefundable but you cancelled,"If we cancelled, you may choose refund or trip credit at aa.com/refunds (refundable to original payment within 7 days). DM your record locator."
t1001,complaint service,complaint_service,@customer: discriminated at gate dfw want supervisor + case pls help asap,I am sorry you experienced this on AA1802. I am escalating to a human specialist with a case number. Please DM your record locator + details.
t1002,loyalty account,loyalty_account,"@customer: @AmericanAir miles missing for flight AA1946, AAdvantage 5479LW",Miles post within 48 hrs; request missing miles at aa.com/missingmiles with ticket number. DM details (never share password).
t1003,flight delay,flight_delay,"@customer: @AmericanAir flight AA704 delayed 2hrs, will I miss my connection in ORD?",Sorry for the delay on AA704. Please check live status in the American app and speak to the gate agent about rebooking/meal voucher if 3+ hrs (aa.com/manage). DM your record locator and I can walk you through options.
t1004,baggage,baggage,"@customer: @AmericanAir bag missing since yesterday flight AA2932 at PHX, tag Y7GHEG",Sorry about your bag. Please file a report at aa.com/baggage within 4 hrs and track in the app; keep receipts for essentials. DM your tag/record locator.
t1005,booking change,booking_change,"@customer: @AmericanAir need to change flight AA2061 to tomorrow, fare difference?",You can change most main-cabin+ tickets at aa.com/manage (fare difference may apply). DM your record locator and new date and I will outline exact steps.
t1006,baggage,baggage,"@customer: charged $75 bag fee but told free, flight AA1354, refund?",Sorry about your bag. Please file a report at aa.com/baggage within 4 hrs and track in the app; keep receipts for essentials. DM your tag/record locator.
t1007,cancellation,cancellation,"@customer: flight AA778 cancelled, stranded in CLT tonight, help",Sorry your flight AA778 was cancelled. You can rebook free on the next available American flight at aa.com/manage or in the app. DM your record locator for help.
t1008,booking change,booking_change,"@customer: change name spelling on reservation MKCF6R, how?",You can change most main-cabin+ tickets at aa.com/manage (fare difference may apply). DM your record locator and new date and I will outline exact steps.
t1009,booking change,booking_change,"@customer: @AmericanAir need to change flight AA238 to tomorrow, fare difference?",You can change most main-cabin+ tickets at aa.com/manage (fare difference may apply). DM your record locator and new date and I will outline exact steps.
t1010,loyalty account,loyalty_account,"@customer: @AmericanAir miles missing for flight AA948, AAdvantage 7T68H9",Miles post within 48 hrs; request missing miles at aa.com/missingmiles with ticket number. DM details (never share password).
t1011,checkin boarding,checkin_boarding,"@customer: @AmericanAir boarding pass wont load, gate 56 at DCA","Check in from 24 hrs in the app; gates close 15 min before departure. Try app refresh, or kiosk with confirmation code. DM your record locator if still blocked."
t1012,praise other,praise_other,"@customer: @AmericanAir thanks crew on AA1017, great landing in PHX!",Thanks for flying with us! Let us know if you need anything on AA1017.
t1013,praise other,praise_other,@customer: do you fly to LAX direct from DFW?,Thanks for flying with us! Let us know if you need anything on AA1084.
t1014,baggage,baggage,"@customer: @AmericanAir bag missing since yesterday flight AA1648 at PHX, tag UVPJMH",Sorry about your bag. Please file a report at aa.com/baggage within 4 hrs and track in the app; keep receipts for essentials. DM your tag/record locator.
t1015,praise other,praise_other,@customer: thanks crew on aa1310 great landing in mia! pls help asap,Thanks for flying with us! Let us know if you need anything on AA1310.
t1016,complaint service,complaint_service,"@customer: never flying again, worst service AA2431, filing DOT complaint",I am sorry you experienced this on AA2431. I am escalating to a human specialist with a case number. Please DM your record locator + details.
t1017,loyalty account,loyalty_account,"@customer: @AmericanAir cant login AAdvantage, reset not working",Miles post within 48 hrs; request missing miles at aa.com/missingmiles with ticket number. DM details (never share password).
t1018,booking change,booking_change,@customer: @AmericanAir can I switch seat / add bag on booking WXKX7Q?,You can change most main-cabin+ tickets at aa.com/manage (fare difference may apply). DM your record locator and new date and I will outline exact steps.
t1019,refund compensation,refund_compensation,@customer: @AmericanAir refund for cancelled AA2856? nonrefundable but you cancelled,"If we cancelled, you may choose refund or trip credit at aa.com/refunds (refundable to original payment within 7 days). DM your record locator."
t1020,checkin boarding,checkin_boarding,"@customer: @AmericanAir cant check in flight AA368, app error, leaves in 2 hours","Check in from 24 hrs in the app; gates close 15 min before departure. Try app refresh, or kiosk with confirmation code. DM your record locator if still blocked."
t1021,checkin boarding,checkin_boarding,@customer: boarding pass wont load gate 12 at mia pls help asap,"Check in from 24 hrs in the app; gates close 15 min before departure. Try app refresh, or kiosk with confirmation code. DM your record locator if still blocked."
t1022,baggage,baggage,"@customer: @AmericanAir bag missing since yesterday flight AA2373 at ORD, tag ZY9BY3",Sorry about your bag. Please file a report at aa.com/baggage within 4 hrs and track in the app; keep receipts for essentials. DM your tag/record locator.
t1023,booking change,booking_change,@customer: @AmericanAir can I switch seat / add bag on booking TVRYSL?,You can change most main-cabin+ tickets at aa.com/manage (fare difference may apply). DM your record locator and new date and I will outline exact steps.
t1024,flight delay,flight_delay,"@customer: @AmericanAir stuck at ORD, delay again, crew says 6hr wait, what now?",Sorry for the delay on AA1553. Please check live status in the American app and speak to the gate agent about rebooking/meal voucher if 3+ hrs (aa.com/manage). DM your record locator and I can walk you through options.
t1025,cancellation,cancellation,"@customer: flight AA498 cancelled, stranded in ORD tonight, help",Sorry your flight AA498 was cancelled. You can rebook free on the next available American flight at aa.com/manage or in the app. DM your record locator for help.
t1026,flight delay,flight_delay,"@customer: AA AA1852 delayed, need hotel tonight in CLT, who pays?",Sorry for the delay on AA1852. Please check live status in the American app and speak to the gate agent about rebooking/meal voucher if 3+ hrs (aa.com/manage). DM your record locator and I can walk you through options.
t1027,booking change,booking_change,"@customer: change name spelling on reservation DEDMPX, how?",You can change most main-cabin+ tickets at aa.com/manage (fare difference may apply). DM your record locator and new date and I will outline exact steps.
t1028,loyalty account,loyalty_account,"@customer: @AmericanAir cant login AAdvantage, reset not working",Miles post within 48 hrs; request missing miles at aa.com/missingmiles with ticket number. DM details (never share password).
t1029,loyalty account,loyalty_account,"@customer: @AmericanAir cant login AAdvantage, reset not working",Miles post within 48 hrs; request missing miles at aa.com/missingmiles with ticket number. DM details (never share password).
t1030,baggage,baggage,"@customer: charged $75 bag fee but told free, flight AA657, refund?",Sorry about your bag. Please file a report at aa.com/baggage within 4 hrs and track in the app; keep receipts for essentials. DM your tag/record locator.
t1031,refund compensation,refund_compensation,@customer: @AmericanAir refund for cancelled AA321? nonrefundable but you cancelled,"If we cancelled, you may choose refund or trip credit at aa.com/refunds (refundable to original payment within 7 days). DM your record locator."
t1032,checkin boarding,checkin_boarding,@customer: what gate for AA1742 at DFW? boarding group 4 when?,"Check in from 24 hrs in the app; gates close 15 min before departure. Try app refresh, or kiosk with confirmation code. DM your record locator if still blocked."
t1033,checkin boarding,checkin_boarding,@customer: what gate for AA2321 at ORD? boarding group 4 when?,"Check in from 24 hrs in the app; gates close 15 min before departure. Try app refresh, or kiosk with confirmation code. DM your record locator if still blocked."
t1034,cancellation,cancellation,"@customer: flight AA1254 cancelled, stranded in LAX tonight, help",Sorry your flight AA1254 was cancelled. You can rebook free on the next available American flight at aa.com/manage or in the app. DM your record locator for help.
t1035,flight delay,flight_delay,"@customer: AA AA782 delayed, need hotel tonight in ORD, who pays?",Sorry for the delay on AA782. Please check live status in the American app and speak to the gate agent about rebooking/meal voucher if 3+ hrs (aa.com/manage). DM your record locator and I can walk you through options.
t1036,complaint service,complaint_service,"@customer: @AmericanAir discriminated at gate PHX, want supervisor + case",I am sorry you experienced this on AA1778. I am escalating to a human specialist with a case number. Please DM your record locator + details.
t1037,cancellation,cancellation,"@customer: @AmericanAir you cancelled flight AA2756 to MIA today, need rebook ASAP",Sorry your flight AA2756 was cancelled. You can rebook free on the next available American flight at aa.com/manage or in the app. DM your record locator for help.
t1038,loyalty account,loyalty_account,@customer: gold status not showing flight aa111 tomorrow pls help asap,Miles post within 48 hrs; request missing miles at aa.com/missingmiles with ticket number. DM details (never share password).
t1039,praise other,praise_other,@customer: do you fly to ORD direct from DFW?,Thanks for flying with us! Let us know if you need anything on AA2914.
t1040,refund compensation,refund_compensation,@customer: @AmericanAir refund for cancelled AA2038? nonrefundable but you cancelled,"If we cancelled, you may choose refund or trip credit at aa.com/refunds (refundable to original payment within 7 days). DM your record locator."
t1041,loyalty account,loyalty_account,@customer: miles missing for flight aa1002 aadvantage 7fxf93 pls help asap,Miles post within 48 hrs; request missing miles at aa.com/missingmiles with ticket number. DM details (never share password).
t1042,praise other,praise_other,"@customer: @AmericanAir thanks crew on AA118, great landing in LAX!",Thanks for flying with us! Let us know if you need anything on AA118.
t1043,booking change,booking_change,@customer: @AmericanAir can I switch seat / add bag on booking QNFNTG?,You can change most main-cabin+ tickets at aa.com/manage (fare difference may apply). DM your record locator and new date and I will outline exact steps.
t1044,checkin boarding,checkin_boarding,@customer: cant check in flight aa2221 app error leaves in 2 hours pls help asap,"Check in from 24 hrs in the app; gates close 15 min before departure. Try app refresh, or kiosk with confirmation code. DM your record locator if still blocked."
t1045,praise other,praise_other,"@customer: @AmericanAir love the new app, smooth checkin",Thanks for flying with us! Let us know if you need anything on AA2579.
t1046,complaint service,complaint_service,"@customer: @AmericanAir discriminated at gate LAX, want supervisor + case",I am sorry you experienced this on AA111. I am escalating to a human specialist with a case number. Please DM your record locator + details.
t1047,loyalty account,loyalty_account,"@customer: @AmericanAir cant login AAdvantage, reset not working",Miles post within 48 hrs; request missing miles at aa.com/missingmiles with ticket number. DM details (never share password).
t1048,loyalty account,loyalty_account,"@customer: @AmericanAir miles missing for flight AA2684, AAdvantage 7KNAQE",Miles post within 48 hrs; request missing miles at aa.com/missingmiles with ticket number. DM details (never share password).
t1049,refund compensation,refund_compensation,"@customer: trip credit not received for AA539, booking 9PT4Q8","If we cancelled, you may choose refund or trip credit at aa.com/refunds (refundable to original payment within 7 days). DM your record locator."
t1050,checkin boarding,checkin_boarding,"@customer: @AmericanAir boarding pass wont load, gate 44 at JFK","Check in from 24 hrs in the app; gates close 15 min before departure. Try app refresh, or kiosk with confirmation code. DM your record locator if still blocked."
t1051,cancellation,cancellation,"@customer: flight AA1159 cancelled, stranded in JFK tonight, help",Sorry your flight AA1159 was cancelled. You can rebook free on the next available American flight at aa.com/manage or in the app. DM your record locator for help.
t1052,flight delay,flight_delay,@customer: stuck at mia delay again crew says 4hr wait what now? pls help asap,Sorry for the delay on AA2971. Please check live status in the American app and speak to the gate agent about rebooking/meal voucher if 3+ hrs (aa.com/manage). DM your record locator and I can walk you through options.
t1053,praise other,praise_other,@customer: do you fly to MIA direct from DFW?,Thanks for flying with us! Let us know if you need anything on AA1122.
t1054,baggage,baggage,"@customer: @AmericanAir bag missing since yesterday flight AA927 at PHX, tag KXC9YB",Sorry about your bag. Please file a report at aa.com/baggage within 4 hrs and track in the app; keep receipts for essentials. DM your tag/record locator.
t1055,complaint service,complaint_service,"@customer: @AmericanAir discriminated at gate PHX, want supervisor + case",I am sorry you experienced this on AA1435. I am escalating to a human specialist with a case number. Please DM your record locator + details.
t1056,baggage,baggage,"@customer: charged $75 bag fee but told free, flight AA2713, refund?",Sorry about your bag. Please file a report at aa.com/baggage within 4 hrs and track in the app; keep receipts for essentials. DM your tag/record locator.
t1057,cancellation,cancellation,"@customer: flight AA558 cancelled, stranded in ORD tonight, help",Sorry your flight AA558 was cancelled. You can rebook free on the next available American flight at aa.com/manage or in the app. DM your record locator for help.
t1058,loyalty account,loyalty_account,"@customer: gold status not showing, flight AA2547 tomorrow",Miles post within 48 hrs; request missing miles at aa.com/missingmiles with ticket number. DM details (never share password).
t1059,flight delay,flight_delay,"@customer: @AmericanAir flight AA1427 delayed 3hrs, will I miss my connection in JFK?",Sorry for the delay on AA1427. Please check live status in the American app and speak to the gate agent about rebooking/meal voucher if 3+ hrs (aa.com/manage). DM your record locator and I can walk you through options.
t1060,complaint service,complaint_service,"@customer: never flying again, worst service AA319, filing DOT complaint",I am sorry you experienced this on AA319. I am escalating to a human specialist with a case number. Please DM your record locator + details.
t1061,loyalty account,loyalty_account,"@customer: @AmericanAir miles missing for flight AA2625, AAdvantage 5P3DYF",Miles post within 48 hrs; request missing miles at aa.com/missingmiles with ticket number. DM details (never share password).
t1062,flight delay,flight_delay,"@customer: @AmericanAir stuck at CLT, delay again, crew says 6hr wait, what now?",Sorry for the delay on AA2533. Please check live status in the American app and speak to the gate agent about rebooking/meal voucher if 3+ hrs (aa.com/manage). DM your record locator and I can walk you through options.
t1063,praise other,praise_other,"@customer: @AmericanAir love the new app, smooth checkin",Thanks for flying with us! Let us know if you need anything on AA2890.
t1064,booking change,booking_change,"@customer: change name spelling on reservation RQYT9D, how?",You can change most main-cabin+ tickets at aa.com/manage (fare difference may apply). DM your record locator and new date and I will outline exact steps.
t1065,baggage,baggage,@customer: bag missing since yesterday flight aa2092 at clt tag skmhje pls help asap,Sorry about your bag. Please file a report at aa.com/baggage within 4 hrs and track in the app; keep receipts for essentials. DM your tag/record locator.
t1066,flight delay,flight_delay,"@customer: @AmericanAir stuck at ORD, delay again, crew says 5hr wait, what now?",Sorry for the delay on AA488. Please check live status in the American app and speak to the gate agent about rebooking/meal voucher if 3+ hrs (aa.com/manage). DM your record locator and I can walk you through options.
t1067,baggage,baggage,@customer: bag missing since yesterday flight aa1466 at ord tag evzyel pls help asap,Sorry about your bag. Please file a report at aa.com/baggage within 4 hrs and track in the app; keep receipts for essentials. DM your tag/record locator.
t1068,refund compensation,refund_compensation,@customer: @AmericanAir refund for cancelled AA1398? nonrefundable but you cancelled,"If we cancelled, you may choose refund or trip credit at aa.com/refunds (refundable to original payment within 7 days). DM your record locator."
t1069,booking change,booking_change,"@customer: @AmericanAir need to change flight AA1378 to tomorrow, fare difference?",You can change most main-cabin+ tickets at aa.com/manage (fare difference may apply). DM your record locator and new date and I will outline exact steps.
t1070,cancellation,cancellation,"@customer: @AmericanAir cancelled on me at gate PHX, rebook options?",Sorry your flight AA458 was cancelled. You can rebook free on the next available American flight at aa.com/manage or in the app. DM your record locator for help.
t1071,complaint service,complaint_service,"@customer: never flying again, worst service AA934, filing DOT complaint",I am sorry you experienced this on AA934. I am escalating to a human specialist with a case number. Please DM your record locator + details.
t1072,baggage,baggage,"@customer: @AmericanAir bag missing since yesterday flight AA1412 at JFK, tag 49A4GC",Sorry about your bag. Please file a report at aa.com/baggage within 4 hrs and track in the app; keep receipts for essentials. DM your tag/record locator.
t1073,refund compensation,refund_compensation,@customer: trip credit not received for aa693 booking l39tl8 pls help asap,"If we cancelled, you may choose refund or trip credit at aa.com/refunds (refundable to original payment within 7 days). DM your record locator."
t1074,praise other,praise_other,"@customer: @AmericanAir love the new app, smooth checkin",Thanks for flying with us! Let us know if you need anything on AA729.
t1075,complaint service,complaint_service,@customer: discriminated at gate lax want supervisor + case pls help asap,I am sorry you experienced this on AA1349. I am escalating to a human specialist with a case number. Please DM your record locator + details.
t1076,complaint service,complaint_service,"@customer: @AmericanAir crew on AA1451 was rude to my mother, unacceptable",I am sorry you experienced this on AA1451. I am escalating to a human specialist with a case number. Please DM your record locator + details.
t1077,flight delay,flight_delay,"@customer: @AmericanAir flight AA709 delayed 2hrs, will I miss my connection in DFW?",Sorry for the delay on AA709. Please check live status in the American app and speak to the gate agent about rebooking/meal voucher if 3+ hrs (aa.com/manage). DM your record locator and I can walk you through options.
t1078,baggage,baggage,"@customer: @AmericanAir bag missing since yesterday flight AA2925 at DCA, tag TRLDJ8",Sorry about your bag. Please file a report at aa.com/baggage within 4 hrs and track in the app; keep receipts for essentials. DM your tag/record locator.
t1079,flight delay,flight_delay,"@customer: @AmericanAir stuck at MIA, delay again, crew says 2hr wait, what now?",Sorry for the delay on AA2129. Please check live status in the American app and speak to the gate agent about rebooking/meal voucher if 3+ hrs (aa.com/manage). DM your record locator and I can walk you through options.
t1080,flight delay,flight_delay,"@customer: @AmericanAir stuck at MIA, delay again, crew says 4hr wait, what now?",Sorry for the delay on AA2677. Please check live status in the American app and speak to the gate agent about rebooking/meal voucher if 3+ hrs (aa.com/manage). DM your record locator and I can walk you through options.
t1081,cancellation,cancellation,"@customer: @AmericanAir cancelled on me at gate PHX, rebook options?",Sorry your flight AA914 was cancelled. You can rebook free on the next available American flight at aa.com/manage or in the app. DM your record locator for help.
t1082,flight delay,flight_delay,"@customer: @AmericanAir stuck at DCA, delay again, crew says 2hr wait, what now?",Sorry for the delay on AA785. Please check live status in the American app and speak to the gate agent about rebooking/meal voucher if 3+ hrs (aa.com/manage). DM your record locator and I can walk you through options.
t1083,cancellation,cancellation,"@customer: flight AA2920 cancelled, stranded in MIA tonight, help",Sorry your flight AA2920 was cancelled. You can rebook free on the next available American flight at aa.com/manage or in the app. DM your record locator for help.
t1084,flight delay,flight_delay,@customer: stuck at dca delay again crew says 3hr wait what now? pls help asap,Sorry for the delay on AA2800. Please check live status in the American app and speak to the gate agent about rebooking/meal voucher if 3+ hrs (aa.com/manage). DM your record locator and I can walk you through options.
t1085,loyalty account,loyalty_account,"@customer: gold status not showing, flight AA2030 tomorrow",Miles post within 48 hrs; request missing miles at aa.com/missingmiles with ticket number. DM details (never share password).
t1086,cancellation,cancellation,"@customer: flight AA383 cancelled, stranded in MIA tonight, help",Sorry your flight AA383 was cancelled. You can rebook free on the next available American flight at aa.com/manage or in the app. DM your record locator for help.
t1087,complaint service,complaint_service,"@customer: @AmericanAir discriminated at gate MIA, want supervisor + case",I am sorry you experienced this on AA2593. I am escalating to a human specialist with a case number. Please DM your record locator + details.
t1088,checkin boarding,checkin_boarding,"@customer: @AmericanAir cant check in flight AA1057, app error, leaves in 2 hours","Check in from 24 hrs in the app; gates close 15 min before departure. Try app refresh, or kiosk with confirmation code. DM your record locator if still blocked."
t1089,loyalty account,loyalty_account,@customer: miles missing for flight aa1424 aadvantage emm6jk pls help asap,Miles post within 48 hrs; request missing miles at aa.com/missingmiles with ticket number. DM details (never share password).
t1090,flight delay,flight_delay,"@customer: AA AA1841 delayed, need hotel tonight in ORD, who pays?",Sorry for the delay on AA1841. Please check live status in the American app and speak to the gate agent about rebooking/meal voucher if 3+ hrs (aa.com/manage). DM your record locator and I can walk you through options.
t1091,loyalty account,loyalty_account,"@customer: gold status not showing, flight AA179 tomorrow",Miles post within 48 hrs; request missing miles at aa.com/missingmiles with ticket number. DM details (never share password).
t1092,checkin boarding,checkin_boarding,"@customer: @AmericanAir boarding pass wont load, gate 12 at JFK","Check in from 24 hrs in the app; gates close 15 min before departure. Try app refresh, or kiosk with confirmation code. DM your record locator if still blocked."
t1093,booking change,booking_change,"@customer: change name spelling on reservation 4XQF75, how?",You can change most main-cabin+ tickets at aa.com/manage (fare difference may apply). DM your record locator and new date and I will outline exact steps.
t1094,complaint service,complaint_service,"@customer: @AmericanAir discriminated at gate DFW, want supervisor + case",I am sorry you experienced this on AA234. I am escalating to a human specialist with a case number. Please DM your record locator + details.
t1095,refund compensation,refund_compensation,@customer: @AmericanAir refund for cancelled AA1197? nonrefundable but you cancelled,"If we cancelled, you may choose refund or trip credit at aa.com/refunds (refundable to original payment within 7 days). DM your record locator."
t1096,baggage,baggage,"@customer: @AmericanAir damaged suitcase on AA2780, claim process?",Sorry about your bag. Please file a report at aa.com/baggage within 4 hrs and track in the app; keep receipts for essentials. DM your tag/record locator.
t1097,flight delay,flight_delay,"@customer: @AmericanAir flight AA555 delayed 6hrs, will I miss my connection in MIA?",Sorry for the delay on AA555. Please check live status in the American app and speak to the gate agent about rebooking/meal voucher if 3+ hrs (aa.com/manage). DM your record locator and I can walk you through options.
t1098,complaint service,complaint_service,"@customer: @AmericanAir crew on AA498 was rude to my mother, unacceptable",I am sorry you experienced this on AA498. I am escalating to a human specialist with a case number. Please DM your record locator + details.
t1099,flight delay,flight_delay,"@customer: @AmericanAir flight AA1054 delayed 6hrs, will I miss my connection in CLT?",Sorry for the delay on AA1054. Please check live status in the American app and speak to the gate agent about rebooking/meal voucher if 3+ hrs (aa.com/manage). DM your record locator and I can walk you through options.
t1100,flight delay,flight_delay,"@customer: AA AA998 delayed, need hotel tonight in JFK, who pays?",Sorry for the delay on AA998. Please check live status in the American app and speak to the gate agent about rebooking/meal voucher if 3+ hrs (aa.com/manage). DM your record locator and I can walk you through options.
t1101,booking change,booking_change,"@customer: change name spelling on reservation WVUXAR, how?",You can change most main-cabin+ tickets at aa.com/manage (fare difference may apply). DM your record locator and new date and I will outline exact steps.
t1102,checkin boarding,checkin_boarding,"@customer: @AmericanAir cant check in flight AA814, app error, leaves in 2 hours","Check in from 24 hrs in the app; gates close 15 min before departure. Try app refresh, or kiosk with confirmation code. DM your record locator if still blocked."
t1103,flight delay,flight_delay,"@customer: AA AA2907 delayed, need hotel tonight in LAX, who pays?",Sorry for the delay on AA2907. Please check live status in the American app and speak to the gate agent about rebooking/meal voucher if 3+ hrs (aa.com/manage). DM your record locator and I can walk you through options.
t1104,checkin boarding,checkin_boarding,@customer: what gate for AA2989 at DCA? boarding group 4 when?,"Check in from 24 hrs in the app; gates close 15 min before departure. Try app refresh, or kiosk with confirmation code. DM your record locator if still blocked."
t1105,flight delay,flight_delay,"@customer: AA AA342 delayed, need hotel tonight in DFW, who pays?",Sorry for the delay on AA342. Please check live status in the American app and speak to the gate agent about rebooking/meal voucher if 3+ hrs (aa.com/manage). DM your record locator and I can walk you through options.
t1106,praise other,praise_other,@customer: thanks crew on aa865 great landing in jfk! pls help asap,Thanks for flying with us! Let us know if you need anything on AA865.
t1107,loyalty account,loyalty_account,"@customer: gold status not showing, flight AA2003 tomorrow",Miles post within 48 hrs; request missing miles at aa.com/missingmiles with ticket number. DM details (never share password).
t1108,flight delay,flight_delay,"@customer: @AmericanAir flight AA2109 delayed 2hrs, will I miss my connection in LAX?",Sorry for the delay on AA2109. Please check live status in the American app and speak to the gate agent about rebooking/meal voucher if 3+ hrs (aa.com/manage). DM your record locator and I can walk you through options.
t1109,cancellation,cancellation,"@customer: @AmericanAir cancelled on me at gate DCA, rebook options?",Sorry your flight AA2707 was cancelled. You can rebook free on the next available American flight at aa.com/manage or in the app. DM your record locator for help.
t1110,baggage,baggage,"@customer: @AmericanAir damaged suitcase on AA2737, claim process?",Sorry about your bag. Please file a report at aa.com/baggage within 4 hrs and track in the app; keep receipts for essentials. DM your tag/record locator.
t1111,loyalty account,loyalty_account,"@customer: @AmericanAir cant login AAdvantage, reset not working",Miles post within 48 hrs; request missing miles at aa.com/missingmiles with ticket number. DM details (never share password).
t1112,booking change,booking_change,@customer: can i switch seat / add bag on booking 67snm2? pls help asap,You can change most main-cabin+ tickets at aa.com/manage (fare difference may apply). DM your record locator and new date and I will outline exact steps.
t1113,complaint service,complaint_service,@customer: discriminated at gate clt want supervisor + case pls help asap,I am sorry you experienced this on AA1158. I am escalating to a human specialist with a case number. Please DM your record locator + details.
t1114,flight delay,flight_delay,"@customer: AA AA543 delayed, need hotel tonight in ORD, who pays?",Sorry for the delay on AA543. Please check live status in the American app and speak to the gate agent about rebooking/meal voucher if 3+ hrs (aa.com/manage). DM your record locator and I can walk you through options.
t1115,loyalty account,loyalty_account,"@customer: @AmericanAir miles missing for flight AA2823, AAdvantage HYJR3R",Miles post within 48 hrs; request missing miles at aa.com/missingmiles with ticket number. DM details (never share password).
t1116,cancellation,cancellation,"@customer: @AmericanAir cancelled on me at gate DFW, rebook options?",Sorry your flight AA2121 was cancelled. You can rebook free on the next available American flight at aa.com/manage or in the app. DM your record locator for help.
t1117,refund compensation,refund_compensation,@customer: @AmericanAir want voucher for 5hr delay AA2454 in DFW,"If we cancelled, you may choose refund or trip credit at aa.com/refunds (refundable to original payment within 7 days). DM your record locator."
t1118,praise other,praise_other,@customer: do you fly to mia direct from dfw? pls help asap,Thanks for flying with us! Let us know if you need anything on AA131.
t1119,complaint service,complaint_service,"@customer: @AmericanAir discriminated at gate JFK, want supervisor + case",I am sorry you experienced this on AA784. I am escalating to a human specialist with a case number. Please DM your record locator + details.
t1120,flight delay,flight_delay,"@customer: AA AA106 delayed, need hotel tonight in JFK, who pays?",Sorry for the delay on AA106. Please check live status in the American app and speak to the gate agent about rebooking/meal voucher if 3+ hrs (aa.com/manage). DM your record locator and I can walk you through options.
t1121,flight delay,flight_delay,"@customer: AA AA1091 delayed, need hotel tonight in MIA, who pays?",Sorry for the delay on AA1091. Please check live status in the American app and speak to the gate agent about rebooking/meal voucher if 3+ hrs (aa.com/manage). DM your record locator and I can walk you through options.
t1122,baggage,baggage,"@customer: @AmericanAir damaged suitcase on AA2971, claim process?",Sorry about your bag. Please file a report at aa.com/baggage within 4 hrs and track in the app; keep receipts for essentials. DM your tag/record locator.
t1123,flight delay,flight_delay,"@customer: @AmericanAir stuck at DFW, delay again, crew says 5hr wait, what now?",Sorry for the delay on AA2944. Please check live status in the American app and speak to the gate agent about rebooking/meal voucher if 3+ hrs (aa.com/manage). DM your record locator and I can walk you through options.
t1124,refund compensation,refund_compensation,@customer: @AmericanAir want voucher for 5hr delay AA2980 in ORD,"If we cancelled, you may choose refund or trip credit at aa.com/refunds (refundable to original payment within 7 days). DM your record locator."
t1125,refund compensation,refund_compensation,"@customer: trip credit not received for AA1634, booking LLFPUD","If we cancelled, you may choose refund or trip credit at aa.com/refunds (refundable to original payment within 7 days). DM your record locator."
t1126,booking change,booking_change,@customer: @AmericanAir can I switch seat / add bag on booking AYN4XQ?,You can change most main-cabin+ tickets at aa.com/manage (fare difference may apply). DM your record locator and new date and I will outline exact steps.
t1127,baggage,baggage,"@customer: charged $75 bag fee but told free, flight AA2776, refund?",Sorry about your bag. Please file a report at aa.com/baggage within 4 hrs and track in the app; keep receipts for essentials. DM your tag/record locator.
t1128,praise other,praise_other,"@customer: @AmericanAir thanks crew on AA2544, great landing in ORD!",Thanks for flying with us! Let us know if you need anything on AA2544.
t1129,refund compensation,refund_compensation,@customer: @AmericanAir refund for cancelled AA2152? nonrefundable but you cancelled,"If we cancelled, you may choose refund or trip credit at aa.com/refunds (refundable to original payment within 7 days). DM your record locator."
t1130,booking change,booking_change,@customer: @AmericanAir can I switch seat / add bag on booking K38755?,You can change most main-cabin+ tickets at aa.com/manage (fare difference may apply). DM your record locator and new date and I will outline exact steps.
t1131,booking change,booking_change,"@customer: @AmericanAir need to change flight AA574 to tomorrow, fare difference?",You can change most main-cabin+ tickets at aa.com/manage (fare difference may apply). DM your record locator and new date and I will outline exact steps.
t1132,praise other,praise_other,"@customer: @AmericanAir love the new app, smooth checkin",Thanks for flying with us! Let us know if you need anything on AA223.
t1133,booking change,booking_change,"@customer: @AmericanAir need to change flight AA2005 to tomorrow, fare difference?",You can change most main-cabin+ tickets at aa.com/manage (fare difference may apply). DM your record locator and new date and I will outline exact steps.
t1134,booking change,booking_change,"@customer: @AmericanAir need to change flight AA1415 to tomorrow, fare difference?",You can change most main-cabin+ tickets at aa.com/manage (fare difference may apply). DM your record locator and new date and I will outline exact steps.
t1135,flight delay,flight_delay,"@customer: @AmericanAir flight AA1821 delayed 6hrs, will I miss my connection in JFK?",Sorry for the delay on AA1821. Please check live status in the American app and speak to the gate agent about rebooking/meal voucher if 3+ hrs (aa.com/manage). DM your record locator and I can walk you through options.
t1136,praise other,praise_other,@customer: do you fly to MIA direct from DFW?,Thanks for flying with us! Let us know if you need anything on AA2939.
t1137,checkin boarding,checkin_boarding,"@customer: @AmericanAir boarding pass wont load, gate 13 at CLT","Check in from 24 hrs in the app; gates close 15 min before departure. Try app refresh, or kiosk with confirmation code. DM your record locator if still blocked."
t1138,complaint service,complaint_service,"@customer: never flying again, worst service AA2568, filing DOT complaint",I am sorry you experienced this on AA2568. I am escalating to a human specialist with a case number. Please DM your record locator + details.
t1139,complaint service,complaint_service,@customer: crew on aa617 was rude to my mother unacceptable pls help asap,I am sorry you experienced this on AA617. I am escalating to a human specialist with a case number. Please DM your record locator + details.
t1140,baggage,baggage,"@customer: @AmericanAir bag missing since yesterday flight AA886 at DFW, tag S8RDC5",Sorry about your bag. Please file a report at aa.com/baggage within 4 hrs and track in the app; keep receipts for essentials. DM your tag/record locator.
t1141,loyalty account,loyalty_account,@customer: cant login aadvantage reset not working pls help asap,Miles post within 48 hrs; request missing miles at aa.com/missingmiles with ticket number. DM details (never share password).
t1142,praise other,praise_other,@customer: do you fly to LAX direct from DFW?,Thanks for flying with us! Let us know if you need anything on AA343.
t1143,flight delay,flight_delay,@customer: aa aa528 delayed need hotel tonight in dca who pays? pls help asap,Sorry for the delay on AA528. Please check live status in the American app and speak to the gate agent about rebooking/meal voucher if 3+ hrs (aa.com/manage). DM your record locator and I can walk you through options.
t1144,baggage,baggage,"@customer: charged $75 bag fee but told free, flight AA1085, refund?",Sorry about your bag. Please file a report at aa.com/baggage within 4 hrs and track in the app; keep receipts for essentials. DM your tag/record locator.
t1145,refund compensation,refund_compensation,"@customer: trip credit not received for AA1376, booking SRYRUK","If we cancelled, you may choose refund or trip credit at aa.com/refunds (refundable to original payment within 7 days). DM your record locator."
t1146,booking change,booking_change,"@customer: change name spelling on reservation AFUS96, how?",You can change most main-cabin+ tickets at aa.com/manage (fare difference may apply). DM your record locator and new date and I will outline exact steps.
t1147,checkin boarding,checkin_boarding,"@customer: @AmericanAir boarding pass wont load, gate 51 at CLT","Check in from 24 hrs in the app; gates close 15 min before departure. Try app refresh, or kiosk with confirmation code. DM your record locator if still blocked."
t1148,loyalty account,loyalty_account,"@customer: gold status not showing, flight AA1916 tomorrow",Miles post within 48 hrs; request missing miles at aa.com/missingmiles with ticket number. DM details (never share password).
t1149,praise other,praise_other,"@customer: @AmericanAir thanks crew on AA1036, great landing in CLT!",Thanks for flying with us! Let us know if you need anything on AA1036.
t1150,flight delay,flight_delay,"@customer: @AmericanAir stuck at DFW, delay again, crew says 2hr wait, what now?",Sorry for the delay on AA699. Please check live status in the American app and speak to the gate agent about rebooking/meal voucher if 3+ hrs (aa.com/manage). DM your record locator and I can walk you through options.
t1151,flight delay,flight_delay,"@customer: @AmericanAir flight AA1490 delayed 5hrs, will I miss my connection in PHX?",Sorry for the delay on AA1490. Please check live status in the American app and speak to the gate agent about rebooking/meal voucher if 3+ hrs (aa.com/manage). DM your record locator and I can walk you through options.
t1152,refund compensation,refund_compensation,@customer: @AmericanAir want voucher for 5hr delay AA455 in PHX,"If we cancelled, you may choose refund or trip credit at aa.com/refunds (refundable to original payment within 7 days). DM your record locator."
t1153,booking change,booking_change,@customer: @AmericanAir can I switch seat / add bag on booking V8VG83?,You can change most main-cabin+ tickets at aa.com/manage (fare difference may apply). DM your record locator and new date and I will outline exact steps.
t1154,checkin boarding,checkin_boarding,"@customer: @AmericanAir cant check in flight AA993, app error, leaves in 2 hours","Check in from 24 hrs in the app; gates close 15 min before departure. Try app refresh, or kiosk with confirmation code. DM your record locator if still blocked."
t1155,checkin boarding,checkin_boarding,@customer: what gate for AA674 at ORD? boarding group 4 when?,"Check in from 24 hrs in the app; gates close 15 min before departure. Try app refresh, or kiosk with confirmation code. DM your record locator if still blocked."
t1156,flight delay,flight_delay,"@customer: @AmericanAir flight AA363 delayed 4hrs, will I miss my connection in LAX?",Sorry for the delay on AA363. Please check live status in the American app and speak to the gate agent about rebooking/meal voucher if 3+ hrs (aa.com/manage). DM your record locator and I can walk you through options.
t1157,booking change,booking_change,"@customer: change name spelling on reservation 3M3ESM, how?",You can change most main-cabin+ tickets at aa.com/manage (fare difference may apply). DM your record locator and new date and I will outline exact steps.
t1158,praise other,praise_other,@customer: love the new app smooth checkin pls help asap,Thanks for flying with us! Let us know if you need anything on AA547.
t1159,refund compensation,refund_compensation,"@customer: trip credit not received for AA1032, booking FYCXH4","If we cancelled, you may choose refund or trip credit at aa.com/refunds (refundable to original payment within 7 days). DM your record locator."
t1160,loyalty account,loyalty_account,"@customer: gold status not showing, flight AA2751 tomorrow",Miles post within 48 hrs; request missing miles at aa.com/missingmiles with ticket number. DM details (never share password).
t1161,loyalty account,loyalty_account,"@customer: @AmericanAir cant login AAdvantage, reset not working",Miles post within 48 hrs; request missing miles at aa.com/missingmiles with ticket number. DM details (never share password).
t1162,booking change,booking_change,@customer: @AmericanAir can I switch seat / add bag on booking FECCYB?,You can change most main-cabin+ tickets at aa.com/manage (fare difference may apply). DM your record locator and new date and I will outline exact steps.
t1163,flight delay,flight_delay,"@customer: @AmericanAir flight AA2005 delayed 6hrs, will I miss my connection in ORD?",Sorry for the delay on AA2005. Please check live status in the American app and speak to the gate agent about rebooking/meal voucher if 3+ hrs (aa.com/manage). DM your record locator and I can walk you through options.
t1164,booking change,booking_change,"@customer: @AmericanAir need to change flight AA2384 to tomorrow, fare difference?",You can change most main-cabin+ tickets at aa.com/manage (fare difference may apply). DM your record locator and new date and I will outline exact steps.
t1165,cancellation,cancellation,"@customer: @AmericanAir cancelled on me at gate DFW, rebook options?",Sorry your flight AA352 was cancelled. You can rebook free on the next available American flight at aa.com/manage or in the app. DM your record locator for help.
t1166,refund compensation,refund_compensation,"@customer: trip credit not received for AA2671, booking 9SU2HB","If we cancelled, you may choose refund or trip credit at aa.com/refunds (refundable to original payment within 7 days). DM your record locator."
t1167,baggage,baggage,"@customer: @AmericanAir bag missing since yesterday flight AA1443 at ORD, tag W8T5BF",Sorry about your bag. Please file a report at aa.com/baggage within 4 hrs and track in the app; keep receipts for essentials. DM your tag/record locator.
t1168,cancellation,cancellation,"@customer: @AmericanAir you cancelled flight AA2382 to DFW today, need rebook ASAP",Sorry your flight AA2382 was cancelled. You can rebook free on the next available American flight at aa.com/manage or in the app. DM your record locator for help.
t1169,praise other,praise_other,@customer: do you fly to PHX direct from DFW?,Thanks for flying with us! Let us know if you need anything on AA1254.
t1170,loyalty account,loyalty_account,"@customer: @AmericanAir cant login AAdvantage, reset not working",Miles post within 48 hrs; request missing miles at aa.com/missingmiles with ticket number. DM details (never share password).
t1171,checkin boarding,checkin_boarding,"@customer: @AmericanAir cant check in flight AA875, app error, leaves in 2 hours","Check in from 24 hrs in the app; gates close 15 min before departure. Try app refresh, or kiosk with confirmation code. DM your record locator if still blocked."
t1172,loyalty account,loyalty_account,"@customer: @AmericanAir cant login AAdvantage, reset not working",Miles post within 48 hrs; request missing miles at aa.com/missingmiles with ticket number. DM details (never share password).
t1173,checkin boarding,checkin_boarding,"@customer: @AmericanAir boarding pass wont load, gate 43 at PHX","Check in from 24 hrs in the app; gates close 15 min before departure. Try app refresh, or kiosk with confirmation code. DM your record locator if still blocked."
t1174,booking change,booking_change,@customer: @AmericanAir can I switch seat / add bag on booking 4C43US?,You can change most main-cabin+ tickets at aa.com/manage (fare difference may apply). DM your record locator and new date and I will outline exact steps.
t1175,flight delay,flight_delay,@customer: flight aa1993 delayed 5hrs will i miss my connection in dfw? pls help asap,Sorry for the delay on AA1993. Please check live status in the American app and speak to the gate agent about rebooking/meal voucher if 3+ hrs (aa.com/manage). DM your record locator and I can walk you through options.
t1176,checkin boarding,checkin_boarding,"@customer: @AmericanAir cant check in flight AA1511, app error, leaves in 2 hours","Check in from 24 hrs in the app; gates close 15 min before departure. Try app refresh, or kiosk with confirmation code. DM your record locator if still blocked."
t1177,loyalty account,loyalty_account,"@customer: gold status not showing, flight AA1341 tomorrow",Miles post within 48 hrs; request missing miles at aa.com/missingmiles with ticket number. DM details (never share password).
t1178,cancellation,cancellation,"@customer: @AmericanAir you cancelled flight AA674 to LAX today, need rebook ASAP",Sorry your flight AA674 was cancelled. You can rebook free on the next available American flight at aa.com/manage or in the app. DM your record locator for help.
t1179,refund compensation,refund_compensation,@customer: want voucher for 5hr delay aa308 in jfk pls help asap,"If we cancelled, you may choose refund or trip credit at aa.com/refunds (refundable to original payment within 7 days). DM your record locator."
t1180,refund compensation,refund_compensation,"@customer: trip credit not received for AA1923, booking 4PYNU4","If we cancelled, you may choose refund or trip credit at aa.com/refunds (refundable to original payment within 7 days). DM your record locator."
t1181,loyalty account,loyalty_account,"@customer: @AmericanAir cant login AAdvantage, reset not working",Miles post within 48 hrs; request missing miles at aa.com/missingmiles with ticket number. DM details (never share password).
t1182,booking change,booking_change,"@customer: change name spelling on reservation CNEVSC, how?",You can change most main-cabin+ tickets at aa.com/manage (fare difference may apply). DM your record locator and new date and I will outline exact steps.
t1183,checkin boarding,checkin_boarding,"@customer: @AmericanAir boarding pass wont load, gate 29 at DFW","Check in from 24 hrs in the app; gates close 15 min before departure. Try app refresh, or kiosk with confirmation code. DM your record locator if still blocked."
t1184,baggage,baggage,"@customer: @AmericanAir bag missing since yesterday flight AA2534 at LAX, tag ZR96FM",Sorry about your bag. Please file a report at aa.com/baggage within 4 hrs and track in the app; keep receipts for essentials. DM your tag/record locator.
t1185,cancellation,cancellation,"@customer: @AmericanAir you cancelled flight AA256 to DFW today, need rebook ASAP",Sorry your flight AA256 was cancelled. You can rebook free on the next available American flight at aa.com/manage or in the app. DM your record locator for help.
t1186,flight delay,flight_delay,@customer: stuck at clt delay again crew says 4hr wait what now? pls help asap,Sorry for the delay on AA234. Please check live status in the American app and speak to the gate agent about rebooking/meal voucher if 3+ hrs (aa.com/manage). DM your record locator and I can walk you through options.
t1187,refund compensation,refund_compensation,"@customer: trip credit not received for AA2672, booking 8QPNVA","If we cancelled, you may choose refund or trip credit at aa.com/refunds (refundable to original payment within 7 days). DM your record locator."
t1188,baggage,baggage,"@customer: @AmericanAir damaged suitcase on AA697, claim process?",Sorry about your bag. Please file a report at aa.com/baggage within 4 hrs and track in the app; keep receipts for essentials. DM your tag/record locator.
t1189,baggage,baggage,"@customer: @AmericanAir damaged suitcase on AA148, claim process?",Sorry about your bag. Please file a report at aa.com/baggage within 4 hrs and track in the app; keep receipts for essentials. DM your tag/record locator.
t1190,loyalty account,loyalty_account,"@customer: gold status not showing, flight AA976 tomorrow",Miles post within 48 hrs; request missing miles at aa.com/missingmiles with ticket number. DM details (never share password).
t1191,complaint service,complaint_service,"@customer: never flying again, worst service AA2876, filing DOT complaint",I am sorry you experienced this on AA2876. I am escalating to a human specialist with a case number. Please DM your record locator + details.
t1192,complaint service,complaint_service,"@customer: @AmericanAir discriminated at gate JFK, want supervisor + case",I am sorry you experienced this on AA2765. I am escalating to a human specialist with a case number. Please DM your record locator + details.
t1193,booking change,booking_change,@customer: can i switch seat / add bag on booking gk3xcs? pls help asap,You can change most main-cabin+ tickets at aa.com/manage (fare difference may apply). DM your record locator and new date and I will outline exact steps.
t1194,refund compensation,refund_compensation,@customer: @AmericanAir want voucher for 5hr delay AA1564 in ORD,"If we cancelled, you may choose refund or trip credit at aa.com/refunds (refundable to original payment within 7 days). DM your record locator."
t1195,baggage,baggage,"@customer: @AmericanAir bag missing since yesterday flight AA1508 at PHX, tag 9VNYGF",Sorry about your bag. Please file a report at aa.com/baggage within 4 hrs and track in the app; keep receipts for essentials. DM your tag/record locator.
t1196,baggage,baggage,"@customer: charged $75 bag fee but told free, flight AA341, refund?",Sorry about your bag. Please file a report at aa.com/baggage within 4 hrs and track in the app; keep receipts for essentials. DM your tag/record locator.
t1197,flight delay,flight_delay,"@customer: @AmericanAir flight AA2431 delayed 3hrs, will I miss my connection in LAX?",Sorry for the delay on AA2431. Please check live status in the American app and speak to the gate agent about rebooking/meal voucher if 3+ hrs (aa.com/manage). DM your record locator and I can walk you through options.
t1198,baggage,baggage,"@customer: @AmericanAir bag missing since yesterday flight AA1508 at CLT, tag PG9QQ2",Sorry about your bag. Please file a report at aa.com/baggage within 4 hrs and track in the app; keep receipts for essentials. DM your tag/record locator.
t1199,booking change,booking_change,@customer: @AmericanAir can I switch seat / add bag on booking P78XVC?,You can change most main-cabin+ tickets at aa.com/manage (fare difference may apply). DM your record locator and new date and I will outline exact steps.
t1200,cancellation,cancellation,"@customer: @AmericanAir you cancelled flight AA2747 to ORD today, need rebook ASAP",Sorry your flight AA2747 was cancelled. You can rebook free on the next available American flight at aa.com/manage or in the app. DM your record locator for help.
t1201,baggage,baggage,"@customer: @AmericanAir damaged suitcase on AA243, claim process?",Sorry about your bag. Please file a report at aa.com/baggage within 4 hrs and track in the app; keep receipts for essentials. DM your tag/record locator.
t1202,refund compensation,refund_compensation,"@customer: trip credit not received for AA2611, booking HMPPKE","If we cancelled, you may choose refund or trip credit at aa.com/refunds (refundable to original payment within 7 days). DM your record locator."
t1203,booking change,booking_change,@customer: @AmericanAir can I switch seat / add bag on booking XGDAL3?,You can change most main-cabin+ tickets at aa.com/manage (fare difference may apply). DM your record locator and new date and I will outline exact steps.
t1204,praise other,praise_other,"@customer: @AmericanAir thanks crew on AA594, great landing in DCA!",Thanks for flying with us! Let us know if you need anything on AA594.
t1205,baggage,baggage,@customer: damaged suitcase on aa1989 claim process? pls help asap,Sorry about your bag. Please file a report at aa.com/baggage within 4 hrs and track in the app; keep receipts for essentials. DM your tag/record locator.
t1206,loyalty account,loyalty_account,"@customer: @AmericanAir miles missing for flight AA2583, AAdvantage HLGAJJ",Miles post within 48 hrs; request missing miles at aa.com/missingmiles with ticket number. DM details (never share password).
t1207,refund compensation,refund_compensation,@customer: @AmericanAir refund for cancelled AA920? nonrefundable but you cancelled,"If we cancelled, you may choose refund or trip credit at aa.com/refunds (refundable to original payment within 7 days). DM your record locator."
t1208,booking change,booking_change,@customer: @AmericanAir can I switch seat / add bag on booking FC2STX?,You can change most main-cabin+ tickets at aa.com/manage (fare difference may apply). DM your record locator and new date and I will outline exact steps.
t1209,flight delay,flight_delay,"@customer: @AmericanAir flight AA1568 delayed 3hrs, will I miss my connection in MIA?",Sorry for the delay on AA1568. Please check live status in the American app and speak to the gate agent about rebooking/meal voucher if 3+ hrs (aa.com/manage). DM your record locator and I can walk you through options.
t1210,flight delay,flight_delay,"@customer: @AmericanAir stuck at LAX, delay again, crew says 5hr wait, what now?",Sorry for the delay on AA306. Please check live status in the American app and speak to the gate agent about rebooking/meal voucher if 3+ hrs (aa.com/manage). DM your record locator and I can walk you through options.
t1211,refund compensation,refund_compensation,"@customer: trip credit not received for AA2568, booking SVLZZX","If we cancelled, you may choose refund or trip credit at aa.com/refunds (refundable to original payment within 7 days). DM your record locator."
t1212,cancellation,cancellation,@customer: you cancelled flight aa388 to dca today need rebook asap pls help asap,Sorry your flight AA388 was cancelled. You can rebook free on the next available American flight at aa.com/manage or in the app. DM your record locator for help.
t1213,praise other,praise_other,"@customer: @AmericanAir love the new app, smooth checkin",Thanks for flying with us! Let us know if you need anything on AA497.
t1214,baggage,baggage,"@customer: charged $75 bag fee but told free, flight AA1350, refund?",Sorry about your bag. Please file a report at aa.com/baggage within 4 hrs and track in the app; keep receipts for essentials. DM your tag/record locator.
t1215,loyalty account,loyalty_account,"@customer: @AmericanAir cant login AAdvantage, reset not working",Miles post within 48 hrs; request missing miles at aa.com/missingmiles with ticket number. DM details (never share password).
t1216,flight delay,flight_delay,"@customer: @AmericanAir stuck at LAX, delay again, crew says 3hr wait, what now?",Sorry for the delay on AA1877. Please check live status in the American app and speak to the gate agent about rebooking/meal voucher if 3+ hrs (aa.com/manage). DM your record locator and I can walk you through options.
t1217,complaint service,complaint_service,"@customer: @AmericanAir crew on AA1582 was rude to my mother, unacceptable",I am sorry you experienced this on AA1582. I am escalating to a human specialist with a case number. Please DM your record locator + details.
t1218,cancellation,cancellation,"@customer: flight AA328 cancelled, stranded in JFK tonight, help",Sorry your flight AA328 was cancelled. You can rebook free on the next available American flight at aa.com/manage or in the app. DM your record locator for help.
t1219,complaint service,complaint_service,"@customer: @AmericanAir crew on AA154 was rude to my mother, unacceptable",I am sorry you experienced this on AA154. I am escalating to a human specialist with a case number. Please DM your record locator + details.
t1220,loyalty account,loyalty_account,"@customer: gold status not showing, flight AA1680 tomorrow",Miles post within 48 hrs; request missing miles at aa.com/missingmiles with ticket number. DM details (never share password).
t1221,booking change,booking_change,@customer: @AmericanAir can I switch seat / add bag on booking 25WS68?,You can change most main-cabin+ tickets at aa.com/manage (fare difference may apply). DM your record locator and new date and I will outline exact steps.
t1222,praise other,praise_other,"@customer: @AmericanAir love the new app, smooth checkin",Thanks for flying with us! Let us know if you need anything on AA228.
t1223,refund compensation,refund_compensation,"@customer: trip credit not received for AA1243, booking B739XT","If we cancelled, you may choose refund or trip credit at aa.com/refunds (refundable to original payment within 7 days). DM your record locator."
t1224,refund compensation,refund_compensation,@customer: @AmericanAir refund for cancelled AA2263? nonrefundable but you cancelled,"If we cancelled, you may choose refund or trip credit at aa.com/refunds (refundable to original payment within 7 days). DM your record locator."
t1225,cancellation,cancellation,"@customer: @AmericanAir cancelled on me at gate DFW, rebook options?",Sorry your flight AA1358 was cancelled. You can rebook free on the next available American flight at aa.com/manage or in the app. DM your record locator for help.
t1226,refund compensation,refund_compensation,@customer: @AmericanAir refund for cancelled AA2146? nonrefundable but you cancelled,"If we cancelled, you may choose refund or trip credit at aa.com/refunds (refundable to original payment within 7 days). DM your record locator."
t1227,complaint service,complaint_service,"@customer: @AmericanAir discriminated at gate DCA, want supervisor + case",I am sorry you experienced this on AA1262. I am escalating to a human specialist with a case number. Please DM your record locator + details.
t1228,praise other,praise_other,"@customer: @AmericanAir thanks crew on AA163, great landing in DCA!",Thanks for flying with us! Let us know if you need anything on AA163.
t1229,baggage,baggage,"@customer: @AmericanAir damaged suitcase on AA1724, claim process?",Sorry about your bag. Please file a report at aa.com/baggage within 4 hrs and track in the app; keep receipts for essentials. DM your tag/record locator.
t1230,refund compensation,refund_compensation,"@customer: trip credit not received for AA909, booking FZKJM2","If we cancelled, you may choose refund or trip credit at aa.com/refunds (refundable to original payment within 7 days). DM your record locator."
t1231,loyalty account,loyalty_account,"@customer: @AmericanAir miles missing for flight AA1490, AAdvantage 5SW5GQ",Miles post within 48 hrs; request missing miles at aa.com/missingmiles with ticket number. DM details (never share password).
t1232,praise other,praise_other,@customer: do you fly to DCA direct from DFW?,Thanks for flying with us! Let us know if you need anything on AA1939.
t1233,complaint service,complaint_service,"@customer: @AmericanAir crew on AA790 was rude to my mother, unacceptable",I am sorry you experienced this on AA790. I am escalating to a human specialist with a case number. Please DM your record locator + details.
t1234,checkin boarding,checkin_boarding,"@customer: @AmericanAir cant check in flight AA439, app error, leaves in 2 hours","Check in from 24 hrs in the app; gates close 15 min before departure. Try app refresh, or kiosk with confirmation code. DM your record locator if still blocked."
t1235,loyalty account,loyalty_account,"@customer: @AmericanAir miles missing for flight AA494, AAdvantage UDFP9N",Miles post within 48 hrs; request missing miles at aa.com/missingmiles with ticket number. DM details (never share password).
t1236,booking change,booking_change,@customer: @AmericanAir can I switch seat / add bag on booking 36A7BW?,You can change most main-cabin+ tickets at aa.com/manage (fare difference may apply). DM your record locator and new date and I will outline exact steps.
t1237,checkin boarding,checkin_boarding,"@customer: @AmericanAir cant check in flight AA2654, app error, leaves in 2 hours","Check in from 24 hrs in the app; gates close 15 min before departure. Try app refresh, or kiosk with confirmation code. DM your record locator if still blocked."
t1238,baggage,baggage,"@customer: @AmericanAir damaged suitcase on AA1481, claim process?",Sorry about your bag. Please file a report at aa.com/baggage within 4 hrs and track in the app; keep receipts for essentials. DM your tag/record locator.
t1239,booking change,booking_change,"@customer: change name spelling on reservation 8TEACQ, how?",You can change most main-cabin+ tickets at aa.com/manage (fare difference may apply). DM your record locator and new date and I will outline exact steps.
t1240,booking change,booking_change,"@customer: @AmericanAir need to change flight AA2345 to tomorrow, fare difference?",You can change most main-cabin+ tickets at aa.com/manage (fare difference may apply). DM your record locator and new date and I will outline exact steps.
t1241,baggage,baggage,"@customer: @AmericanAir damaged suitcase on AA1348, claim process?",Sorry about your bag. Please file a report at aa.com/baggage within 4 hrs and track in the app; keep receipts for essentials. DM your tag/record locator.
t1242,loyalty account,loyalty_account,"@customer: gold status not showing, flight AA2553 tomorrow",Miles post within 48 hrs; request missing miles at aa.com/missingmiles with ticket number. DM details (never share password).
t1243,flight delay,flight_delay,"@customer: @AmericanAir flight AA564 delayed 1hrs, will I miss my connection in DFW?",Sorry for the delay on AA564. Please check live status in the American app and speak to the gate agent about rebooking/meal voucher if 3+ hrs (aa.com/manage). DM your record locator and I can walk you through options.
t1244,complaint service,complaint_service,"@customer: @AmericanAir discriminated at gate LAX, want supervisor + case",I am sorry you experienced this on AA2846. I am escalating to a human specialist with a case number. Please DM your record locator + details.
t1245,checkin boarding,checkin_boarding,@customer: what gate for aa1104 at dca? boarding group 4 when? pls help asap,"Check in from 24 hrs in the app; gates close 15 min before departure. Try app refresh, or kiosk with confirmation code. DM your record locator if still blocked."
t1246,baggage,baggage,"@customer: @AmericanAir damaged suitcase on AA1243, claim process?",Sorry about your bag. Please file a report at aa.com/baggage within 4 hrs and track in the app; keep receipts for essentials. DM your tag/record locator.
t1247,loyalty account,loyalty_account,"@customer: @AmericanAir cant login AAdvantage, reset not working",Miles post within 48 hrs; request missing miles at aa.com/missingmiles with ticket number. DM details (never share password).
t1248,booking change,booking_change,@customer: @AmericanAir can I switch seat / add bag on booking HQGEUL?,You can change most main-cabin+ tickets at aa.com/manage (fare difference may apply). DM your record locator and new date and I will outline exact steps.
t1249,flight delay,flight_delay,"@customer: AA AA1245 delayed, need hotel tonight in MIA, who pays?",Sorry for the delay on AA1245. Please check live status in the American app and speak to the gate agent about rebooking/meal voucher if 3+ hrs (aa.com/manage). DM your record locator and I can walk you through options.
t1250,checkin boarding,checkin_boarding,"@customer: @AmericanAir boarding pass wont load, gate 48 at PHX","Check in from 24 hrs in the app; gates close 15 min before departure. Try app refresh, or kiosk with confirmation code. DM your record locator if still blocked."
t1251,refund compensation,refund_compensation,"@customer: trip credit not received for AA447, booking UVL2UX","If we cancelled, you may choose refund or trip credit at aa.com/refunds (refundable to original payment within 7 days). DM your record locator."
t1252,checkin boarding,checkin_boarding,"@customer: @AmericanAir cant check in flight AA2802, app error, leaves in 2 hours","Check in from 24 hrs in the app; gates close 15 min before departure. Try app refresh, or kiosk with confirmation code. DM your record locator if still blocked."
t1253,complaint service,complaint_service,"@customer: never flying again, worst service AA410, filing DOT complaint",I am sorry you experienced this on AA410. I am escalating to a human specialist with a case number. Please DM your record locator + details.
t1254,flight delay,flight_delay,"@customer: @AmericanAir flight AA846 delayed 3hrs, will I miss my connection in DCA?",Sorry for the delay on AA846. Please check live status in the American app and speak to the gate agent about rebooking/meal voucher if 3+ hrs (aa.com/manage). DM your record locator and I can walk you through options.
t1255,checkin boarding,checkin_boarding,@customer: cant check in flight aa2456 app error leaves in 2 hours pls help asap,"Check in from 24 hrs in the app; gates close 15 min before departure. Try app refresh, or kiosk with confirmation code. DM your record locator if still blocked."
t1256,loyalty account,loyalty_account,"@customer: @AmericanAir cant login AAdvantage, reset not working",Miles post within 48 hrs; request missing miles at aa.com/missingmiles with ticket number. DM details (never share password).
t1257,flight delay,flight_delay,"@customer: AA AA187 delayed, need hotel tonight in LAX, who pays?",Sorry for the delay on AA187. Please check live status in the American app and speak to the gate agent about rebooking/meal voucher if 3+ hrs (aa.com/manage). DM your record locator and I can walk you through options.
t1258,booking change,booking_change,"@customer: change name spelling on reservation FWBY3P, how?",You can change most main-cabin+ tickets at aa.com/manage (fare difference may apply). DM your record locator and new date and I will outline exact steps.
t1259,booking change,booking_change,@customer: @AmericanAir can I switch seat / add bag on booking LM9CD2?,You can change most main-cabin+ tickets at aa.com/manage (fare difference may apply). DM your record locator and new date and I will outline exact steps.
t1260,checkin boarding,checkin_boarding,@customer: cant check in flight aa1895 app error leaves in 2 hours pls help asap,"Check in from 24 hrs in the app; gates close 15 min before departure. Try app refresh, or kiosk with confirmation code. DM your record locator if still blocked."
t1261,baggage,baggage,"@customer: @AmericanAir damaged suitcase on AA2179, claim process?",Sorry about your bag. Please file a report at aa.com/baggage within 4 hrs and track in the app; keep receipts for essentials. DM your tag/record locator.
t1262,flight delay,flight_delay,"@customer: AA AA2786 delayed, need hotel tonight in LAX, who pays?",Sorry for the delay on AA2786. Please check live status in the American app and speak to the gate agent about rebooking/meal voucher if 3+ hrs (aa.com/manage). DM your record locator and I can walk you through options.
t1263,flight delay,flight_delay,@customer: stuck at ord delay again crew says 6hr wait what now? pls help asap,Sorry for the delay on AA1112. Please check live status in the American app and speak to the gate agent about rebooking/meal voucher if 3+ hrs (aa.com/manage). DM your record locator and I can walk you through options.
t1264,loyalty account,loyalty_account,@customer: gold status not showing flight aa2510 tomorrow pls help asap,Miles post within 48 hrs; request missing miles at aa.com/missingmiles with ticket number. DM details (never share password).
t1265,baggage,baggage,"@customer: @AmericanAir damaged suitcase on AA331, claim process?",Sorry about your bag. Please file a report at aa.com/baggage within 4 hrs and track in the app; keep receipts for essentials. DM your tag/record locator.
t1266,baggage,baggage,"@customer: charged $75 bag fee but told free, flight AA643, refund?",Sorry about your bag. Please file a report at aa.com/baggage within 4 hrs and track in the app; keep receipts for essentials. DM your tag/record locator.
t1267,booking change,booking_change,"@customer: @AmericanAir need to change flight AA2338 to tomorrow, fare difference?",You can change most main-cabin+ tickets at aa.com/manage (fare difference may apply). DM your record locator and new date and I will outline exact steps.
t1268,booking change,booking_change,@customer: @AmericanAir can I switch seat / add bag on booking 3BP7BE?,You can change most main-cabin+ tickets at aa.com/manage (fare difference may apply). DM your record locator and new date and I will outline exact steps.
t1269,checkin boarding,checkin_boarding,@customer: what gate for AA2501 at JFK? boarding group 4 when?,"Check in from 24 hrs in the app; gates close 15 min before departure. Try app refresh, or kiosk with confirmation code. DM your record locator if still blocked."
t1270,loyalty account,loyalty_account,"@customer: @AmericanAir cant login AAdvantage, reset not working",Miles post within 48 hrs; request missing miles at aa.com/missingmiles with ticket number. DM details (never share password).
t1271,booking change,booking_change,"@customer: @AmericanAir need to change flight AA587 to tomorrow, fare difference?",You can change most main-cabin+ tickets at aa.com/manage (fare difference may apply). DM your record locator and new date and I will outline exact steps.
t1272,refund compensation,refund_compensation,"@customer: trip credit not received for AA2188, booking JMKKKA","If we cancelled, you may choose refund or trip credit at aa.com/refunds (refundable to original payment within 7 days). DM your record locator."
t1273,loyalty account,loyalty_account,"@customer: gold status not showing, flight AA2324 tomorrow",Miles post within 48 hrs; request missing miles at aa.com/missingmiles with ticket number. DM details (never share password).
t1274,booking change,booking_change,"@customer: change name spelling on reservation VSNX4A, how?",You can change most main-cabin+ tickets at aa.com/manage (fare difference may apply). DM your record locator and new date and I will outline exact steps.
t1275,flight delay,flight_delay,"@customer: @AmericanAir flight AA1980 delayed 2hrs, will I miss my connection in JFK?",Sorry for the delay on AA1980. Please check live status in the American app and speak to the gate agent about rebooking/meal voucher if 3+ hrs (aa.com/manage). DM your record locator and I can walk you through options.
t1276,complaint service,complaint_service,"@customer: @AmericanAir discriminated at gate CLT, want supervisor + case",I am sorry you experienced this on AA1754. I am escalating to a human specialist with a case number. Please DM your record locator + details.
t1277,loyalty account,loyalty_account,"@customer: @AmericanAir cant login AAdvantage, reset not working",Miles post within 48 hrs; request missing miles at aa.com/missingmiles with ticket number. DM details (never share password).
t1278,flight delay,flight_delay,"@customer: @AmericanAir stuck at MIA, delay again, crew says 6hr wait, what now?",Sorry for the delay on AA719. Please check live status in the American app and speak to the gate agent about rebooking/meal voucher if 3+ hrs (aa.com/manage). DM your record locator and I can walk you through options.
t1279,booking change,booking_change,@customer: @AmericanAir can I switch seat / add bag on booking 3YVHA5?,You can change most main-cabin+ tickets at aa.com/manage (fare difference may apply). DM your record locator and new date and I will outline exact steps.
t1280,refund compensation,refund_compensation,@customer: @AmericanAir want voucher for 5hr delay AA475 in DCA,"If we cancelled, you may choose refund or trip credit at aa.com/refunds (refundable to original payment within 7 days). DM your record locator."
t1281,loyalty account,loyalty_account,"@customer: @AmericanAir cant login AAdvantage, reset not working",Miles post within 48 hrs; request missing miles at aa.com/missingmiles with ticket number. DM details (never share password).
t1282,booking change,booking_change,"@customer: @AmericanAir need to change flight AA659 to tomorrow, fare difference?",You can change most main-cabin+ tickets at aa.com/manage (fare difference may apply). DM your record locator and new date and I will outline exact steps.
t1283,booking change,booking_change,"@customer: change name spelling on reservation H2TT9T, how?",You can change most main-cabin+ tickets at aa.com/manage (fare difference may apply). DM your record locator and new date and I will outline exact steps.
t1284,checkin boarding,checkin_boarding,@customer: what gate for AA975 at DCA? boarding group 4 when?,"Check in from 24 hrs in the app; gates close 15 min before departure. Try app refresh, or kiosk with confirmation code. DM your record locator if still blocked."
t1285,refund compensation,refund_compensation,"@customer: trip credit not received for AA1460, booking 94ZSW3","If we cancelled, you may choose refund or trip credit at aa.com/refunds (refundable to original payment within 7 days). DM your record locator."
t1286,cancellation,cancellation,"@customer: @AmericanAir cancelled on me at gate LAX, rebook options?",Sorry your flight AA1981 was cancelled. You can rebook free on the next available American flight at aa.com/manage or in the app. DM your record locator for help.
t1287,checkin boarding,checkin_boarding,"@customer: @AmericanAir boarding pass wont load, gate 8 at DFW","Check in from 24 hrs in the app; gates close 15 min before departure. Try app refresh, or kiosk with confirmation code. DM your record locator if still blocked."
t1288,refund compensation,refund_compensation,@customer: @AmericanAir refund for cancelled AA514? nonrefundable but you cancelled,"If we cancelled, you may choose refund or trip credit at aa.com/refunds (refundable to original payment within 7 days). DM your record locator."
t1289,checkin boarding,checkin_boarding,"@customer: @AmericanAir cant check in flight AA2582, app error, leaves in 2 hours","Check in from 24 hrs in the app; gates close 15 min before departure. Try app refresh, or kiosk with confirmation code. DM your record locator if still blocked."
t1290,refund compensation,refund_compensation,@customer: @AmericanAir want voucher for 5hr delay AA1585 in CLT,"If we cancelled, you may choose refund or trip credit at aa.com/refunds (refundable to original payment within 7 days). DM your record locator."
t1291,loyalty account,loyalty_account,"@customer: @AmericanAir cant login AAdvantage, reset not working",Miles post within 48 hrs; request missing miles at aa.com/missingmiles with ticket number. DM details (never share password).
t1292,refund compensation,refund_compensation,@customer: @AmericanAir want voucher for 5hr delay AA677 in LAX,"If we cancelled, you may choose refund or trip credit at aa.com/refunds (refundable to original payment within 7 days). DM your record locator."
t1293,flight delay,flight_delay,"@customer: @AmericanAir stuck at JFK, delay again, crew says 4hr wait, what now?",Sorry for the delay on AA969. Please check live status in the American app and speak to the gate agent about rebooking/meal voucher if 3+ hrs (aa.com/manage). DM your record locator and I can walk you through options.
t1294,cancellation,cancellation,"@customer: @AmericanAir cancelled on me at gate MIA, rebook options?",Sorry your flight AA2924 was cancelled. You can rebook free on the next available American flight at aa.com/manage or in the app. DM your record locator for help.
t1295,refund compensation,refund_compensation,@customer: @AmericanAir refund for cancelled AA1275? nonrefundable but you cancelled,"If we cancelled, you may choose refund or trip credit at aa.com/refunds (refundable to original payment within 7 days). DM your record locator."
t1296,cancellation,cancellation,"@customer: @AmericanAir cancelled on me at gate MIA, rebook options?",Sorry your flight AA138 was cancelled. You can rebook free on the next available American flight at aa.com/manage or in the app. DM your record locator for help.
t1297,cancellation,cancellation,"@customer: @AmericanAir you cancelled flight AA2620 to PHX today, need rebook ASAP",Sorry your flight AA2620 was cancelled. You can rebook free on the next available American flight at aa.com/manage or in the app. DM your record locator for help.
t1298,baggage,baggage,"@customer: @AmericanAir bag missing since yesterday flight AA1161 at JFK, tag MGBEES",Sorry about your bag. Please file a report at aa.com/baggage within 4 hrs and track in the app; keep receipts for essentials. DM your tag/record locator.
t1299,praise other,praise_other,"@customer: @AmericanAir love the new app, smooth checkin",Thanks for flying with us! Let us know if you need anything on AA1810.
t1300,cancellation,cancellation,"@customer: @AmericanAir you cancelled flight AA2152 to DFW today, need rebook ASAP",Sorry your flight AA2152 was cancelled. You can rebook free on the next available American flight at aa.com/manage or in the app. DM your record locator for help.
t1301,flight delay,flight_delay,"@customer: AA AA2893 delayed, need hotel tonight in DFW, who pays?",Sorry for the delay on AA2893. Please check live status in the American app and speak to the gate agent about rebooking/meal voucher if 3+ hrs (aa.com/manage). DM your record locator and I can walk you through options.
t1302,baggage,baggage,"@customer: charged $75 bag fee but told free, flight AA1663, refund?",Sorry about your bag. Please file a report at aa.com/baggage within 4 hrs and track in the app; keep receipts for essentials. DM your tag/record locator.
t1303,flight delay,flight_delay,"@customer: @AmericanAir flight AA2358 delayed 2hrs, will I miss my connection in MIA?",Sorry for the delay on AA2358. Please check live status in the American app and speak to the gate agent about rebooking/meal voucher if 3+ hrs (aa.com/manage). DM your record locator and I can walk you through options.
t1304,flight delay,flight_delay,"@customer: @AmericanAir flight AA2096 delayed 3hrs, will I miss my connection in MIA?",Sorry for the delay on AA2096. Please check live status in the American app and speak to the gate agent about rebooking/meal voucher if 3+ hrs (aa.com/manage). DM your record locator and I can walk you through options.
t1305,praise other,praise_other,"@customer: @AmericanAir love the new app, smooth checkin",Thanks for flying with us! Let us know if you need anything on AA650.
t1306,loyalty account,loyalty_account,@customer: miles missing for flight aa1477 aadvantage 6u5xly pls help asap,Miles post within 48 hrs; request missing miles at aa.com/missingmiles with ticket number. DM details (never share password).
t1307,loyalty account,loyalty_account,"@customer: @AmericanAir miles missing for flight AA805, AAdvantage 2TWDSC",Miles post within 48 hrs; request missing miles at aa.com/missingmiles with ticket number. DM details (never share password).
t1308,complaint service,complaint_service,"@customer: @AmericanAir discriminated at gate MIA, want supervisor + case",I am sorry you experienced this on AA1096. I am escalating to a human specialist with a case number. Please DM your record locator + details.
t1309,checkin boarding,checkin_boarding,@customer: what gate for AA1055 at JFK? boarding group 4 when?,"Check in from 24 hrs in the app; gates close 15 min before departure. Try app refresh, or kiosk with confirmation code. DM your record locator if still blocked."
t1310,praise other,praise_other,@customer: do you fly to PHX direct from DFW?,Thanks for flying with us! Let us know if you need anything on AA2693.
t1311,flight delay,flight_delay,"@customer: @AmericanAir flight AA1929 delayed 6hrs, will I miss my connection in DCA?",Sorry for the delay on AA1929. Please check live status in the American app and speak to the gate agent about rebooking/meal voucher if 3+ hrs (aa.com/manage). DM your record locator and I can walk you through options.
t1312,loyalty account,loyalty_account,"@customer: gold status not showing, flight AA510 tomorrow",Miles post within 48 hrs; request missing miles at aa.com/missingmiles with ticket number. DM details (never share password).
t1313,loyalty account,loyalty_account,"@customer: @AmericanAir miles missing for flight AA2693, AAdvantage JH6QTL",Miles post within 48 hrs; request missing miles at aa.com/missingmiles with ticket number. DM details (never share password).
t1314,flight delay,flight_delay,"@customer: @AmericanAir flight AA1418 delayed 2hrs, will I miss my connection in MIA?",Sorry for the delay on AA1418. Please check live status in the American app and speak to the gate agent about rebooking/meal voucher if 3+ hrs (aa.com/manage). DM your record locator and I can walk you through options.
t1315,cancellation,cancellation,"@customer: @AmericanAir you cancelled flight AA2253 to LAX today, need rebook ASAP",Sorry your flight AA2253 was cancelled. You can rebook free on the next available American flight at aa.com/manage or in the app. DM your record locator for help.
t1316,baggage,baggage,"@customer: @AmericanAir damaged suitcase on AA741, claim process?",Sorry about your bag. Please file a report at aa.com/baggage within 4 hrs and track in the app; keep receipts for essentials. DM your tag/record locator.
t1317,baggage,baggage,"@customer: @AmericanAir damaged suitcase on AA2319, claim process?",Sorry about your bag. Please file a report at aa.com/baggage within 4 hrs and track in the app; keep receipts for essentials. DM your tag/record locator.
t1318,loyalty account,loyalty_account,"@customer: gold status not showing, flight AA842 tomorrow",Miles post within 48 hrs; request missing miles at aa.com/missingmiles with ticket number. DM details (never share password).
t1319,complaint service,complaint_service,"@customer: @AmericanAir crew on AA2879 was rude to my mother, unacceptable",I am sorry you experienced this on AA2879. I am escalating to a human specialist with a case number. Please DM your record locator + details.
t1320,loyalty account,loyalty_account,"@customer: @AmericanAir miles missing for flight AA1600, AAdvantage D4DTHS",Miles post within 48 hrs; request missing miles at aa.com/missingmiles with ticket number. DM details (never share password).
t1321,checkin boarding,checkin_boarding,"@customer: @AmericanAir boarding pass wont load, gate 48 at CLT","Check in from 24 hrs in the app; gates close 15 min before departure. Try app refresh, or kiosk with confirmation code. DM your record locator if still blocked."
t1322,loyalty account,loyalty_account,"@customer: gold status not showing, flight AA2579 tomorrow",Miles post within 48 hrs; request missing miles at aa.com/missingmiles with ticket number. DM details (never share password).
t1323,cancellation,cancellation,@customer: flight aa1486 cancelled stranded in dca tonight help pls help asap,Sorry your flight AA1486 was cancelled. You can rebook free on the next available American flight at aa.com/manage or in the app. DM your record locator for help.
t1324,praise other,praise_other,@customer: thanks crew on aa186 great landing in dfw! pls help asap,Thanks for flying with us! Let us know if you need anything on AA186.
t1325,booking change,booking_change,"@customer: @AmericanAir need to change flight AA2672 to tomorrow, fare difference?",You can change most main-cabin+ tickets at aa.com/manage (fare difference may apply). DM your record locator and new date and I will outline exact steps.
t1326,refund compensation,refund_compensation,@customer: @AmericanAir refund for cancelled AA1869? nonrefundable but you cancelled,"If we cancelled, you may choose refund or trip credit at aa.com/refunds (refundable to original payment within 7 days). DM your record locator."
t1327,refund compensation,refund_compensation,@customer: @AmericanAir want voucher for 5hr delay AA2744 in PHX,"If we cancelled, you may choose refund or trip credit at aa.com/refunds (refundable to original payment within 7 days). DM your record locator."
t1328,booking change,booking_change,"@customer: @AmericanAir need to change flight AA1388 to tomorrow, fare difference?",You can change most main-cabin+ tickets at aa.com/manage (fare difference may apply). DM your record locator and new date and I will outline exact steps.
t1329,booking change,booking_change,"@customer: @AmericanAir need to change flight AA2405 to tomorrow, fare difference?",You can change most main-cabin+ tickets at aa.com/manage (fare difference may apply). DM your record locator and new date and I will outline exact steps.
t1330,complaint service,complaint_service,"@customer: @AmericanAir crew on AA2914 was rude to my mother, unacceptable",I am sorry you experienced this on AA2914. I am escalating to a human specialist with a case number. Please DM your record locator + details.
t1331,refund compensation,refund_compensation,@customer: refund for cancelled aa2193? nonrefundable but you cancelled pls help asap,"If we cancelled, you may choose refund or trip credit at aa.com/refunds (refundable to original payment within 7 days). DM your record locator."
t1332,praise other,praise_other,"@customer: @AmericanAir love the new app, smooth checkin",Thanks for flying with us! Let us know if you need anything on AA208.
t1333,praise other,praise_other,"@customer: @AmericanAir love the new app, smooth checkin",Thanks for flying with us! Let us know if you need anything on AA1668.
t1334,loyalty account,loyalty_account,"@customer: @AmericanAir cant login AAdvantage, reset not working",Miles post within 48 hrs; request missing miles at aa.com/missingmiles with ticket number. DM details (never share password).
t1335,checkin boarding,checkin_boarding,"@customer: @AmericanAir cant check in flight AA194, app error, leaves in 2 hours","Check in from 24 hrs in the app; gates close 15 min before departure. Try app refresh, or kiosk with confirmation code. DM your record locator if still blocked."
t1336,complaint service,complaint_service,"@customer: never flying again, worst service AA201, filing DOT complaint",I am sorry you experienced this on AA201. I am escalating to a human specialist with a case number. Please DM your record locator + details.
t1337,booking change,booking_change,"@customer: @AmericanAir need to change flight AA2084 to tomorrow, fare difference?",You can change most main-cabin+ tickets at aa.com/manage (fare difference may apply). DM your record locator and new date and I will outline exact steps.
t1338,cancellation,cancellation,"@customer: @AmericanAir cancelled on me at gate MIA, rebook options?",Sorry your flight AA342 was cancelled. You can rebook free on the next available American flight at aa.com/manage or in the app. DM your record locator for help.
t1339,refund compensation,refund_compensation,@customer: want voucher for 5hr delay aa1787 in ord pls help asap,"If we cancelled, you may choose refund or trip credit at aa.com/refunds (refundable to original payment within 7 days). DM your record locator."
t1340,praise other,praise_other,"@customer: @AmericanAir love the new app, smooth checkin",Thanks for flying with us! Let us know if you need anything on AA2706.
t1341,praise other,praise_other,@customer: do you fly to JFK direct from DFW?,Thanks for flying with us! Let us know if you need anything on AA410.
t1342,loyalty account,loyalty_account,"@customer: gold status not showing, flight AA2619 tomorrow",Miles post within 48 hrs; request missing miles at aa.com/missingmiles with ticket number. DM details (never share password).
t1343,baggage,baggage,"@customer: @AmericanAir bag missing since yesterday flight AA1237 at CLT, tag 6BFZPK",Sorry about your bag. Please file a report at aa.com/baggage within 4 hrs and track in the app; keep receipts for essentials. DM your tag/record locator.
t1344,flight delay,flight_delay,"@customer: @AmericanAir stuck at ORD, delay again, crew says 1hr wait, what now?",Sorry for the delay on AA1100. Please check live status in the American app and speak to the gate agent about rebooking/meal voucher if 3+ hrs (aa.com/manage). DM your record locator and I can walk you through options.
t1345,flight delay,flight_delay,"@customer: @AmericanAir flight AA2263 delayed 5hrs, will I miss my connection in MIA?",Sorry for the delay on AA2263. Please check live status in the American app and speak to the gate agent about rebooking/meal voucher if 3+ hrs (aa.com/manage). DM your record locator and I can walk you through options.
t1346,praise other,praise_other,"@customer: @AmericanAir love the new app, smooth checkin",Thanks for flying with us! Let us know if you need anything on AA2957.
t1347,loyalty account,loyalty_account,"@customer: gold status not showing, flight AA1139 tomorrow",Miles post within 48 hrs; request missing miles at aa.com/missingmiles with ticket number. DM details (never share password).
t1348,booking change,booking_change,"@customer: change name spelling on reservation 3JHGWS, how?",You can change most main-cabin+ tickets at aa.com/manage (fare difference may apply). DM your record locator and new date and I will outline exact steps.
t1349,flight delay,flight_delay,"@customer: AA AA1076 delayed, need hotel tonight in ORD, who pays?",Sorry for the delay on AA1076. Please check live status in the American app and speak to the gate agent about rebooking/meal voucher if 3+ hrs (aa.com/manage). DM your record locator and I can walk you through options.
t1350,praise other,praise_other,"@customer: @AmericanAir love the new app, smooth checkin",Thanks for flying with us! Let us know if you need anything on AA1830.
t1351,complaint service,complaint_service,"@customer: @AmericanAir discriminated at gate DFW, want supervisor + case",I am sorry you experienced this on AA171. I am escalating to a human specialist with a case number. Please DM your record locator + details.
t1352,praise other,praise_other,@customer: do you fly to DCA direct from DFW?,Thanks for flying with us! Let us know if you need anything on AA611.
t1353,praise other,praise_other,"@customer: @AmericanAir love the new app, smooth checkin",Thanks for flying with us! Let us know if you need anything on AA312.
t1354,baggage,baggage,"@customer: @AmericanAir bag missing since yesterday flight AA1853 at DCA, tag QN5JA9",Sorry about your bag. Please file a report at aa.com/baggage within 4 hrs and track in the app; keep receipts for essentials. DM your tag/record locator.
t1355,praise other,praise_other,"@customer: @AmericanAir thanks crew on AA2838, great landing in ORD!",Thanks for flying with us! Let us know if you need anything on AA2838.
t1356,complaint service,complaint_service,"@customer: @AmericanAir discriminated at gate ORD, want supervisor + case",I am sorry you experienced this on AA987. I am escalating to a human specialist with a case number. Please DM your record locator + details.
t1357,checkin boarding,checkin_boarding,@customer: cant check in flight aa785 app error leaves in 2 hours pls help asap,"Check in from 24 hrs in the app; gates close 15 min before departure. Try app refresh, or kiosk with confirmation code. DM your record locator if still blocked."
t1358,praise other,praise_other,@customer: do you fly to DCA direct from DFW?,Thanks for flying with us! Let us know if you need anything on AA1488.
t1359,cancellation,cancellation,"@customer: @AmericanAir cancelled on me at gate CLT, rebook options?",Sorry your flight AA142 was cancelled. You can rebook free on the next available American flight at aa.com/manage or in the app. DM your record locator for help.
t1360,loyalty account,loyalty_account,"@customer: @AmericanAir cant login AAdvantage, reset not working",Miles post within 48 hrs; request missing miles at aa.com/missingmiles with ticket number. DM details (never share password).
t1361,baggage,baggage,"@customer: @AmericanAir damaged suitcase on AA669, claim process?",Sorry about your bag. Please file a report at aa.com/baggage within 4 hrs and track in the app; keep receipts for essentials. DM your tag/record locator.
t1362,complaint service,complaint_service,"@customer: never flying again, worst service AA2750, filing DOT complaint",I am sorry you experienced this on AA2750. I am escalating to a human specialist with a case number. Please DM your record locator + details.
t1363,booking change,booking_change,@customer: @AmericanAir can I switch seat / add bag on booking H7AM8Y?,You can change most main-cabin+ tickets at aa.com/manage (fare difference may apply). DM your record locator and new date and I will outline exact steps.
t1364,cancellation,cancellation,"@customer: flight AA280 cancelled, stranded in CLT tonight, help",Sorry your flight AA280 was cancelled. You can rebook free on the next available American flight at aa.com/manage or in the app. DM your record locator for help.
t1365,booking change,booking_change,"@customer: @AmericanAir need to change flight AA2520 to tomorrow, fare difference?",You can change most main-cabin+ tickets at aa.com/manage (fare difference may apply). DM your record locator and new date and I will outline exact steps.
t1366,flight delay,flight_delay,"@customer: @AmericanAir flight AA2827 delayed 3hrs, will I miss my connection in MIA?",Sorry for the delay on AA2827. Please check live status in the American app and speak to the gate agent about rebooking/meal voucher if 3+ hrs (aa.com/manage). DM your record locator and I can walk you through options.
t1367,baggage,baggage,"@customer: @AmericanAir bag missing since yesterday flight AA647 at CLT, tag 6DMSZ9",Sorry about your bag. Please file a report at aa.com/baggage within 4 hrs and track in the app; keep receipts for essentials. DM your tag/record locator.
t1368,flight delay,flight_delay,"@customer: @AmericanAir flight AA1298 delayed 6hrs, will I miss my connection in JFK?",Sorry for the delay on AA1298. Please check live status in the American app and speak to the gate agent about rebooking/meal voucher if 3+ hrs (aa.com/manage). DM your record locator and I can walk you through options.
t1369,baggage,baggage,"@customer: @AmericanAir damaged suitcase on AA2549, claim process?",Sorry about your bag. Please file a report at aa.com/baggage within 4 hrs and track in the app; keep receipts for essentials. DM your tag/record locator.
t1370,flight delay,flight_delay,@customer: flight aa1928 delayed 4hrs will i miss my connection in clt? pls help asap,Sorry for the delay on AA1928. Please check live status in the American app and speak to the gate agent about rebooking/meal voucher if 3+ hrs (aa.com/manage). DM your record locator and I can walk you through options.
t1371,booking change,booking_change,@customer: @AmericanAir can I switch seat / add bag on booking VL62TN?,You can change most main-cabin+ tickets at aa.com/manage (fare difference may apply). DM your record locator and new date and I will outline exact steps.
t1372,flight delay,flight_delay,"@customer: AA AA2131 delayed, need hotel tonight in MIA, who pays?",Sorry for the delay on AA2131. Please check live status in the American app and speak to the gate agent about rebooking/meal voucher if 3+ hrs (aa.com/manage). DM your record locator and I can walk you through options.
t1373,baggage,baggage,"@customer: @AmericanAir damaged suitcase on AA2099, claim process?",Sorry about your bag. Please file a report at aa.com/baggage within 4 hrs and track in the app; keep receipts for essentials. DM your tag/record locator.
t1374,praise other,praise_other,"@customer: @AmericanAir thanks crew on AA2686, great landing in MIA!",Thanks for flying with us! Let us know if you need anything on AA2686.
t1375,booking change,booking_change,"@customer: @AmericanAir need to change flight AA1622 to tomorrow, fare difference?",You can change most main-cabin+ tickets at aa.com/manage (fare difference may apply). DM your record locator and new date and I will outline exact steps.
t1376,checkin boarding,checkin_boarding,@customer: what gate for AA1157 at ORD? boarding group 4 when?,"Check in from 24 hrs in the app; gates close 15 min before departure. Try app refresh, or kiosk with confirmation code. DM your record locator if still blocked."
t1377,praise other,praise_other,"@customer: @AmericanAir love the new app, smooth checkin",Thanks for flying with us! Let us know if you need anything on AA2417.
t1378,refund compensation,refund_compensation,@customer: want voucher for 5hr delay aa2603 in clt pls help asap,"If we cancelled, you may choose refund or trip credit at aa.com/refunds (refundable to original payment within 7 days). DM your record locator."
t1379,baggage,baggage,"@customer: @AmericanAir bag missing since yesterday flight AA777 at MIA, tag F9PL7D",Sorry about your bag. Please file a report at aa.com/baggage within 4 hrs and track in the app; keep receipts for essentials. DM your tag/record locator.
t1380,checkin boarding,checkin_boarding,@customer: what gate for AA2969 at LAX? boarding group 4 when?,"Check in from 24 hrs in the app; gates close 15 min before departure. Try app refresh, or kiosk with confirmation code. DM your record locator if still blocked."
t1381,loyalty account,loyalty_account,"@customer: @AmericanAir cant login AAdvantage, reset not working",Miles post within 48 hrs; request missing miles at aa.com/missingmiles with ticket number. DM details (never share password).
t1382,complaint service,complaint_service,"@customer: never flying again, worst service AA364, filing DOT complaint",I am sorry you experienced this on AA364. I am escalating to a human specialist with a case number. Please DM your record locator + details.
t1383,refund compensation,refund_compensation,@customer: @AmericanAir want voucher for 5hr delay AA179 in DFW,"If we cancelled, you may choose refund or trip credit at aa.com/refunds (refundable to original payment within 7 days). DM your record locator."
t1384,loyalty account,loyalty_account,"@customer: @AmericanAir miles missing for flight AA2699, AAdvantage RRGS85",Miles post within 48 hrs; request missing miles at aa.com/missingmiles with ticket number. DM details (never share password).
t1385,baggage,baggage,"@customer: @AmericanAir bag missing since yesterday flight AA404 at LAX, tag VACJQ6",Sorry about your bag. Please file a report at aa.com/baggage within 4 hrs and track in the app; keep receipts for essentials. DM your tag/record locator.
t1386,cancellation,cancellation,"@customer: flight AA1992 cancelled, stranded in CLT tonight, help",Sorry your flight AA1992 was cancelled. You can rebook free on the next available American flight at aa.com/manage or in the app. DM your record locator for help.
t1387,flight delay,flight_delay,"@customer: @AmericanAir flight AA2014 delayed 6hrs, will I miss my connection in DCA?",Sorry for the delay on AA2014. Please check live status in the American app and speak to the gate agent about rebooking/meal voucher if 3+ hrs (aa.com/manage). DM your record locator and I can walk you through options.
t1388,cancellation,cancellation,"@customer: flight AA996 cancelled, stranded in MIA tonight, help",Sorry your flight AA996 was cancelled. You can rebook free on the next available American flight at aa.com/manage or in the app. DM your record locator for help.
t1389,praise other,praise_other,@customer: do you fly to LAX direct from DFW?,Thanks for flying with us! Let us know if you need anything on AA2663.
t1390,complaint service,complaint_service,"@customer: never flying again, worst service AA982, filing DOT complaint",I am sorry you experienced this on AA982. I am escalating to a human specialist with a case number. Please DM your record locator + details.
t1391,refund compensation,refund_compensation,"@customer: trip credit not received for AA653, booking 5K6JRX","If we cancelled, you may choose refund or trip credit at aa.com/refunds (refundable to original payment within 7 days). DM your record locator."
t1392,loyalty account,loyalty_account,@customer: cant login aadvantage reset not working pls help asap,Miles post within 48 hrs; request missing miles at aa.com/missingmiles with ticket number. DM details (never share password).
t1393,checkin boarding,checkin_boarding,"@customer: @AmericanAir boarding pass wont load, gate 57 at CLT","Check in from 24 hrs in the app; gates close 15 min before departure. Try app refresh, or kiosk with confirmation code. DM your record locator if still blocked."
t1394,refund compensation,refund_compensation,@customer: @AmericanAir want voucher for 5hr delay AA1723 in PHX,"If we cancelled, you may choose refund or trip credit at aa.com/refunds (refundable to original payment within 7 days). DM your record locator."
t1395,loyalty account,loyalty_account,"@customer: @AmericanAir cant login AAdvantage, reset not working",Miles post within 48 hrs; request missing miles at aa.com/missingmiles with ticket number. DM details (never share password).
t1396,loyalty account,loyalty_account,"@customer: gold status not showing, flight AA981 tomorrow",Miles post within 48 hrs; request missing miles at aa.com/missingmiles with ticket number. DM details (never share password).
t1397,booking change,booking_change,"@customer: @AmericanAir need to change flight AA1224 to tomorrow, fare difference?",You can change most main-cabin+ tickets at aa.com/manage (fare difference may apply). DM your record locator and new date and I will outline exact steps.
t1398,praise other,praise_other,"@customer: @AmericanAir love the new app, smooth checkin",Thanks for flying with us! Let us know if you need anything on AA1607.
t1399,booking change,booking_change,@customer: @AmericanAir can I switch seat / add bag on booking XQUKG5?,You can change most main-cabin+ tickets at aa.com/manage (fare difference may apply). DM your record locator and new date and I will outline exact steps.
t1400,checkin boarding,checkin_boarding,@customer: what gate for AA2201 at LAX? boarding group 4 when?,"Check in from 24 hrs in the app; gates close 15 min before departure. Try app refresh, or kiosk with confirmation code. DM your record locator if still blocked."
t1401,loyalty account,loyalty_account,"@customer: @AmericanAir cant login AAdvantage, reset not working",Miles post within 48 hrs; request missing miles at aa.com/missingmiles with ticket number. DM details (never share password).
t1402,refund compensation,refund_compensation,@customer: @AmericanAir want voucher for 5hr delay AA2284 in JFK,"If we cancelled, you may choose refund or trip credit at aa.com/refunds (refundable to original payment within 7 days). DM your record locator."
t1403,booking change,booking_change,"@customer: change name spelling on reservation XH96NG, how?",You can change most main-cabin+ tickets at aa.com/manage (fare difference may apply). DM your record locator and new date and I will outline exact steps.
t1404,checkin boarding,checkin_boarding,"@customer: @AmericanAir boarding pass wont load, gate 45 at DCA","Check in from 24 hrs in the app; gates close 15 min before departure. Try app refresh, or kiosk with confirmation code. DM your record locator if still blocked."
t1405,booking change,booking_change,@customer: @AmericanAir can I switch seat / add bag on booking FCWWQ7?,You can change most main-cabin+ tickets at aa.com/manage (fare difference may apply). DM your record locator and new date and I will outline exact steps.
t1406,flight delay,flight_delay,"@customer: AA AA460 delayed, need hotel tonight in CLT, who pays?",Sorry for the delay on AA460. Please check live status in the American app and speak to the gate agent about rebooking/meal voucher if 3+ hrs (aa.com/manage). DM your record locator and I can walk you through options.
t1407,flight delay,flight_delay,"@customer: @AmericanAir flight AA2012 delayed 2hrs, will I miss my connection in LAX?",Sorry for the delay on AA2012. Please check live status in the American app and speak to the gate agent about rebooking/meal voucher if 3+ hrs (aa.com/manage). DM your record locator and I can walk you through options.
t1408,checkin boarding,checkin_boarding,"@customer: @AmericanAir cant check in flight AA1068, app error, leaves in 2 hours","Check in from 24 hrs in the app; gates close 15 min before departure. Try app refresh, or kiosk with confirmation code. DM your record locator if still blocked."
t1409,cancellation,cancellation,@customer: flight aa1473 cancelled stranded in lax tonight help pls help asap,Sorry your flight AA1473 was cancelled. You can rebook free on the next available American flight at aa.com/manage or in the app. DM your record locator for help.
t1410,checkin boarding,checkin_boarding,@customer: what gate for AA2132 at CLT? boarding group 4 when?,"Check in from 24 hrs in the app; gates close 15 min before departure. Try app refresh, or kiosk with confirmation code. DM your record locator if still blocked."
t1411,baggage,baggage,"@customer: @AmericanAir bag missing since yesterday flight AA258 at ORD, tag ZZXBJA",Sorry about your bag. Please file a report at aa.com/baggage within 4 hrs and track in the app; keep receipts for essentials. DM your tag/record locator.
t1412,booking change,booking_change,"@customer: @AmericanAir need to change flight AA933 to tomorrow, fare difference?",You can change most main-cabin+ tickets at aa.com/manage (fare difference may apply). DM your record locator and new date and I will outline exact steps.
t1413,loyalty account,loyalty_account,"@customer: @AmericanAir cant login AAdvantage, reset not working",Miles post within 48 hrs; request missing miles at aa.com/missingmiles with ticket number. DM details (never share password).
t1414,complaint service,complaint_service,"@customer: @AmericanAir discriminated at gate MIA, want supervisor + case",I am sorry you experienced this on AA277. I am escalating to a human specialist with a case number. Please DM your record locator + details.
t1415,praise other,praise_other,"@customer: @AmericanAir love the new app, smooth checkin",Thanks for flying with us! Let us know if you need anything on AA1917.
t1416,booking change,booking_change,@customer: @AmericanAir can I switch seat / add bag on booking FUSZSK?,You can change most main-cabin+ tickets at aa.com/manage (fare difference may apply). DM your record locator and new date and I will outline exact steps.
t1417,praise other,praise_other,@customer: do you fly to MIA direct from DFW?,Thanks for flying with us! Let us know if you need anything on AA423.
t1418,loyalty account,loyalty_account,"@customer: gold status not showing, flight AA1647 tomorrow",Miles post within 48 hrs; request missing miles at aa.com/missingmiles with ticket number. DM details (never share password).
t1419,loyalty account,loyalty_account,"@customer: @AmericanAir miles missing for flight AA2314, AAdvantage CRVNP7",Miles post within 48 hrs; request missing miles at aa.com/missingmiles with ticket number. DM details (never share password).
t1420,refund compensation,refund_compensation,"@customer: trip credit not received for AA2625, booking WWY3NH","If we cancelled, you may choose refund or trip credit at aa.com/refunds (refundable to original payment within 7 days). DM your record locator."
t1421,baggage,baggage,"@customer: @AmericanAir bag missing since yesterday flight AA794 at ORD, tag CJSA7A",Sorry about your bag. Please file a report at aa.com/baggage within 4 hrs and track in the app; keep receipts for essentials. DM your tag/record locator.
t1422,loyalty account,loyalty_account,@customer: miles missing for flight aa1157 aadvantage qfprcb pls help asap,Miles post within 48 hrs; request missing miles at aa.com/missingmiles with ticket number. DM details (never share password).
t1423,refund compensation,refund_compensation,@customer: @AmericanAir want voucher for 5hr delay AA1125 in CLT,"If we cancelled, you may choose refund or trip credit at aa.com/refunds (refundable to original payment within 7 days). DM your record locator."
t1424,complaint service,complaint_service,"@customer: @AmericanAir crew on AA252 was rude to my mother, unacceptable",I am sorry you experienced this on AA252. I am escalating to a human specialist with a case number. Please DM your record locator + details.
t1425,checkin boarding,checkin_boarding,@customer: cant check in flight aa1089 app error leaves in 2 hours pls help asap,"Check in from 24 hrs in the app; gates close 15 min before departure. Try app refresh, or kiosk with confirmation code. DM your record locator if still blocked."
t1426,cancellation,cancellation,"@customer: flight AA2212 cancelled, stranded in DCA tonight, help",Sorry your flight AA2212 was cancelled. You can rebook free on the next available American flight at aa.com/manage or in the app. DM your record locator for help.
t1427,complaint service,complaint_service,"@customer: @AmericanAir discriminated at gate DCA, want supervisor + case",I am sorry you experienced this on AA1715. I am escalating to a human specialist with a case number. Please DM your record locator + details.
t1428,booking change,booking_change,"@customer: @AmericanAir need to change flight AA2346 to tomorrow, fare difference?",You can change most main-cabin+ tickets at aa.com/manage (fare difference may apply). DM your record locator and new date and I will outline exact steps.
t1429,booking change,booking_change,"@customer: @AmericanAir need to change flight AA855 to tomorrow, fare difference?",You can change most main-cabin+ tickets at aa.com/manage (fare difference may apply). DM your record locator and new date and I will outline exact steps.
t1430,booking change,booking_change,@customer: need to change flight aa2861 to tomorrow fare difference? pls help asap,You can change most main-cabin+ tickets at aa.com/manage (fare difference may apply). DM your record locator and new date and I will outline exact steps.
t1431,praise other,praise_other,@customer: do you fly to LAX direct from DFW?,Thanks for flying with us! Let us know if you need anything on AA1603.
t1432,flight delay,flight_delay,"@customer: @AmericanAir stuck at PHX, delay again, crew says 4hr wait, what now?",Sorry for the delay on AA2959. Please check live status in the American app and speak to the gate agent about rebooking/meal voucher if 3+ hrs (aa.com/manage). DM your record locator and I can walk you through options.
t1433,praise other,praise_other,"@customer: @AmericanAir thanks crew on AA960, great landing in PHX!",Thanks for flying with us! Let us know if you need anything on AA960.
t1434,checkin boarding,checkin_boarding,"@customer: @AmericanAir boarding pass wont load, gate 19 at ORD","Check in from 24 hrs in the app; gates close 15 min before departure. Try app refresh, or kiosk with confirmation code. DM your record locator if still blocked."
t1435,baggage,baggage,@customer: charged $75 bag fee but told free flight aa675 refund? pls help asap,Sorry about your bag. Please file a report at aa.com/baggage within 4 hrs and track in the app; keep receipts for essentials. DM your tag/record locator.
t1436,booking change,booking_change,@customer: @AmericanAir can I switch seat / add bag on booking 67L22X?,You can change most main-cabin+ tickets at aa.com/manage (fare difference may apply). DM your record locator and new date and I will outline exact steps.
t1437,refund compensation,refund_compensation,"@customer: trip credit not received for AA2934, booking MNLEJX","If we cancelled, you may choose refund or trip credit at aa.com/refunds (refundable to original payment within 7 days). DM your record locator."
t1438,refund compensation,refund_compensation,@customer: @AmericanAir refund for cancelled AA972? nonrefundable but you cancelled,"If we cancelled, you may choose refund or trip credit at aa.com/refunds (refundable to original payment within 7 days). DM your record locator."
t1439,loyalty account,loyalty_account,"@customer: @AmericanAir miles missing for flight AA1563, AAdvantage 4K42DK",Miles post within 48 hrs; request missing miles at aa.com/missingmiles with ticket number. DM details (never share password).
t1440,baggage,baggage,"@customer: @AmericanAir bag missing since yesterday flight AA1527 at PHX, tag EF67A9",Sorry about your bag. Please file a report at aa.com/baggage within 4 hrs and track in the app; keep receipts for essentials. DM your tag/record locator.
t1441,loyalty account,loyalty_account,"@customer: gold status not showing, flight AA1675 tomorrow",Miles post within 48 hrs; request missing miles at aa.com/missingmiles with ticket number. DM details (never share password).
t1442,praise other,praise_other,@customer: do you fly to PHX direct from DFW?,Thanks for flying with us! Let us know if you need anything on AA879.
t1443,praise other,praise_other,"@customer: @AmericanAir love the new app, smooth checkin",Thanks for flying with us! Let us know if you need anything on AA2793.
t1444,flight delay,flight_delay,"@customer: AA AA1176 delayed, need hotel tonight in CLT, who pays?",Sorry for the delay on AA1176. Please check live status in the American app and speak to the gate agent about rebooking/meal voucher if 3+ hrs (aa.com/manage). DM your record locator and I can walk you through options.
t1445,complaint service,complaint_service,"@customer: @AmericanAir discriminated at gate MIA, want supervisor + case",I am sorry you experienced this on AA887. I am escalating to a human specialist with a case number. Please DM your record locator + details.
t1446,flight delay,flight_delay,"@customer: AA AA1025 delayed, need hotel tonight in DFW, who pays?",Sorry for the delay on AA1025. Please check live status in the American app and speak to the gate agent about rebooking/meal voucher if 3+ hrs (aa.com/manage). DM your record locator and I can walk you through options.
t1447,refund compensation,refund_compensation,"@customer: trip credit not received for AA829, booking QDJXWX","If we cancelled, you may choose refund or trip credit at aa.com/refunds (refundable to original payment within 7 days). DM your record locator."
t1448,complaint service,complaint_service,"@customer: @AmericanAir discriminated at gate DCA, want supervisor + case",I am sorry you experienced this on AA493. I am escalating to a human specialist with a case number. Please DM your record locator + details.
t1449,baggage,baggage,"@customer: @AmericanAir damaged suitcase on AA828, claim process?",Sorry about your bag. Please file a report at aa.com/baggage within 4 hrs and track in the app; keep receipts for essentials. DM your tag/record locator.
t1450,refund compensation,refund_compensation,@customer: @AmericanAir refund for cancelled AA2130? nonrefundable but you cancelled,"If we cancelled, you may choose refund or trip credit at aa.com/refunds (refundable to original payment within 7 days). DM your record locator."
t1451,baggage,baggage,"@customer: charged $75 bag fee but told free, flight AA863, refund?",Sorry about your bag. Please file a report at aa.com/baggage within 4 hrs and track in the app; keep receipts for essentials. DM your tag/record locator.
t1452,checkin boarding,checkin_boarding,"@customer: @AmericanAir boarding pass wont load, gate 11 at ORD","Check in from 24 hrs in the app; gates close 15 min before departure. Try app refresh, or kiosk with confirmation code. DM your record locator if still blocked."
t1453,refund compensation,refund_compensation,"@customer: trip credit not received for AA1859, booking HTXTM2","If we cancelled, you may choose refund or trip credit at aa.com/refunds (refundable to original payment within 7 days). DM your record locator."
t1454,cancellation,cancellation,"@customer: @AmericanAir you cancelled flight AA1865 to DFW today, need rebook ASAP",Sorry your flight AA1865 was cancelled. You can rebook free on the next available American flight at aa.com/manage or in the app. DM your record locator for help.
t1455,refund compensation,refund_compensation,@customer: @AmericanAir want voucher for 5hr delay AA1235 in JFK,"If we cancelled, you may choose refund or trip credit at aa.com/refunds (refundable to original payment within 7 days). DM your record locator."
t1456,loyalty account,loyalty_account,"@customer: gold status not showing, flight AA1351 tomorrow",Miles post within 48 hrs; request missing miles at aa.com/missingmiles with ticket number. DM details (never share password).
t1457,cancellation,cancellation,"@customer: @AmericanAir you cancelled flight AA1491 to JFK today, need rebook ASAP",Sorry your flight AA1491 was cancelled. You can rebook free on the next available American flight at aa.com/manage or in the app. DM your record locator for help.
t1458,cancellation,cancellation,"@customer: flight AA2924 cancelled, stranded in CLT tonight, help",Sorry your flight AA2924 was cancelled. You can rebook free on the next available American flight at aa.com/manage or in the app. DM your record locator for help.
t1459,booking change,booking_change,"@customer: @AmericanAir need to change flight AA2970 to tomorrow, fare difference?",You can change most main-cabin+ tickets at aa.com/manage (fare difference may apply). DM your record locator and new date and I will outline exact steps.
t1460,praise other,praise_other,@customer: love the new app smooth checkin pls help asap,Thanks for flying with us! Let us know if you need anything on AA1842.
t1461,praise other,praise_other,"@customer: @AmericanAir thanks crew on AA2747, great landing in MIA!",Thanks for flying with us! Let us know if you need anything on AA2747.
t1462,cancellation,cancellation,"@customer: @AmericanAir you cancelled flight AA589 to DCA today, need rebook ASAP",Sorry your flight AA589 was cancelled. You can rebook free on the next available American flight at aa.com/manage or in the app. DM your record locator for help.
t1463,refund compensation,refund_compensation,@customer: @AmericanAir refund for cancelled AA634? nonrefundable but you cancelled,"If we cancelled, you may choose refund or trip credit at aa.com/refunds (refundable to original payment within 7 days). DM your record locator."
t1464,refund compensation,refund_compensation,@customer: @AmericanAir want voucher for 5hr delay AA1792 in PHX,"If we cancelled, you may choose refund or trip credit at aa.com/refunds (refundable to original payment within 7 days). DM your record locator."
t1465,booking change,booking_change,"@customer: change name spelling on reservation VXFCBT, how?",You can change most main-cabin+ tickets at aa.com/manage (fare difference may apply). DM your record locator and new date and I will outline exact steps.
t1466,loyalty account,loyalty_account,@customer: miles missing for flight aa2906 aadvantage tcg2uh pls help asap,Miles post within 48 hrs; request missing miles at aa.com/missingmiles with ticket number. DM details (never share password).
t1467,checkin boarding,checkin_boarding,"@customer: @AmericanAir boarding pass wont load, gate 48 at DFW","Check in from 24 hrs in the app; gates close 15 min before departure. Try app refresh, or kiosk with confirmation code. DM your record locator if still blocked."
t1468,baggage,baggage,@customer: damaged suitcase on aa2299 claim process? pls help asap,Sorry about your bag. Please file a report at aa.com/baggage within 4 hrs and track in the app; keep receipts for essentials. DM your tag/record locator.
t1469,baggage,baggage,"@customer: @AmericanAir damaged suitcase on AA2796, claim process?",Sorry about your bag. Please file a report at aa.com/baggage within 4 hrs and track in the app; keep receipts for essentials. DM your tag/record locator.
t1470,flight delay,flight_delay,"@customer: @AmericanAir stuck at PHX, delay again, crew says 3hr wait, what now?",Sorry for the delay on AA260. Please check live status in the American app and speak to the gate agent about rebooking/meal voucher if 3+ hrs (aa.com/manage). DM your record locator and I can walk you through options.
t1471,refund compensation,refund_compensation,"@customer: trip credit not received for AA619, booking GJGPJN","If we cancelled, you may choose refund or trip credit at aa.com/refunds (refundable to original payment within 7 days). DM your record locator."
t1472,praise other,praise_other,"@customer: @AmericanAir love the new app, smooth checkin",Thanks for flying with us! Let us know if you need anything on AA1255.
t1473,flight delay,flight_delay,@customer: aa aa280 delayed need hotel tonight in dca who pays? pls help asap,Sorry for the delay on AA280. Please check live status in the American app and speak to the gate agent about rebooking/meal voucher if 3+ hrs (aa.com/manage). DM your record locator and I can walk you through options.
t1474,loyalty account,loyalty_account,"@customer: gold status not showing, flight AA2213 tomorrow",Miles post within 48 hrs; request missing miles at aa.com/missingmiles with ticket number. DM details (never share password).
t1475,praise other,praise_other,"@customer: @AmericanAir thanks crew on AA1672, great landing in ORD!",Thanks for flying with us! Let us know if you need anything on AA1672.
t1476,refund compensation,refund_compensation,@customer: @AmericanAir refund for cancelled AA1880? nonrefundable but you cancelled,"If we cancelled, you may choose refund or trip credit at aa.com/refunds (refundable to original payment within 7 days). DM your record locator."
t1477,flight delay,flight_delay,"@customer: @AmericanAir flight AA1920 delayed 2hrs, will I miss my connection in JFK?",Sorry for the delay on AA1920. Please check live status in the American app and speak to the gate agent about rebooking/meal voucher if 3+ hrs (aa.com/manage). DM your record locator and I can walk you through options.
t1478,complaint service,complaint_service,@customer: crew on aa723 was rude to my mother unacceptable pls help asap,I am sorry you experienced this on AA723. I am escalating to a human specialist with a case number. Please DM your record locator + details.
t1479,praise other,praise_other,@customer: do you fly to DFW direct from DFW?,Thanks for flying with us! Let us know if you need anything on AA1060.
t1480,checkin boarding,checkin_boarding,"@customer: @AmericanAir boarding pass wont load, gate 20 at LAX","Check in from 24 hrs in the app; gates close 15 min before departure. Try app refresh, or kiosk with confirmation code. DM your record locator if still blocked."
t1481,booking change,booking_change,"@customer: @AmericanAir need to change flight AA2952 to tomorrow, fare difference?",You can change most main-cabin+ tickets at aa.com/manage (fare difference may apply). DM your record locator and new date and I will outline exact steps.
t1482,baggage,baggage,"@customer: @AmericanAir bag missing since yesterday flight AA2701 at LAX, tag QX5LWR",Sorry about your bag. Please file a report at aa.com/baggage within 4 hrs and track in the app; keep receipts for essentials. DM your tag/record locator.
t1483,refund compensation,refund_compensation,@customer: trip credit not received for aa1059 booking pmf67y pls help asap,"If we cancelled, you may choose refund or trip credit at aa.com/refunds (refundable to original payment within 7 days). DM your record locator."
t1484,complaint service,complaint_service,"@customer: @AmericanAir discriminated at gate LAX, want supervisor + case",I am sorry you experienced this on AA2901. I am escalating to a human specialist with a case number. Please DM your record locator + details.
t1485,complaint service,complaint_service,@customer: discriminated at gate dfw want supervisor + case pls help asap,I am sorry you experienced this on AA2948. I am escalating to a human specialist with a case number. Please DM your record locator + details.
t1486,baggage,baggage,"@customer: @AmericanAir bag missing since yesterday flight AA2102 at CLT, tag 2E2GYB",Sorry about your bag. Please file a report at aa.com/baggage within 4 hrs and track in the app; keep receipts for essentials. DM your tag/record locator.
t1487,cancellation,cancellation,"@customer: flight AA2147 cancelled, stranded in CLT tonight, help",Sorry your flight AA2147 was cancelled. You can rebook free on the next available American flight at aa.com/manage or in the app. DM your record locator for help.
t1488,praise other,praise_other,"@customer: @AmericanAir love the new app, smooth checkin",Thanks for flying with us! Let us know if you need anything on AA1920.
t1489,flight delay,flight_delay,"@customer: @AmericanAir stuck at MIA, delay again, crew says 3hr wait, what now?",Sorry for the delay on AA847. Please check live status in the American app and speak to the gate agent about rebooking/meal voucher if 3+ hrs (aa.com/manage). DM your record locator and I can walk you through options.
t1490,cancellation,cancellation,@customer: you cancelled flight aa2788 to lax today need rebook asap pls help asap,Sorry your flight AA2788 was cancelled. You can rebook free on the next available American flight at aa.com/manage or in the app. DM your record locator for help.
t1491,praise other,praise_other,"@customer: @AmericanAir love the new app, smooth checkin",Thanks for flying with us! Let us know if you need anything on AA1434.
t1492,checkin boarding,checkin_boarding,"@customer: @AmericanAir boarding pass wont load, gate 57 at DFW","Check in from 24 hrs in the app; gates close 15 min before departure. Try app refresh, or kiosk with confirmation code. DM your record locator if still blocked."
t1493,praise other,praise_other,@customer: do you fly to ORD direct from DFW?,Thanks for flying with us! Let us know if you need anything on AA2058.
t1494,praise other,praise_other,@customer: love the new app smooth checkin pls help asap,Thanks for flying with us! Let us know if you need anything on AA2516.
t1495,checkin boarding,checkin_boarding,"@customer: @AmericanAir boarding pass wont load, gate 38 at DCA","Check in from 24 hrs in the app; gates close 15 min before departure. Try app refresh, or kiosk with confirmation code. DM your record locator if still blocked."
t1496,cancellation,cancellation,"@customer: @AmericanAir you cancelled flight AA2708 to LAX today, need rebook ASAP",Sorry your flight AA2708 was cancelled. You can rebook free on the next available American flight at aa.com/manage or in the app. DM your record locator for help.
t1497,cancellation,cancellation,"@customer: flight AA1251 cancelled, stranded in DCA tonight, help",Sorry your flight AA1251 was cancelled. You can rebook free on the next available American flight at aa.com/manage or in the app. DM your record locator for help.
t1498,refund compensation,refund_compensation,"@customer: trip credit not received for AA414, booking TGTC85","If we cancelled, you may choose refund or trip credit at aa.com/refunds (refundable to original payment within 7 days). DM your record locator."
t1499,loyalty account,loyalty_account,"@customer: @AmericanAir cant login AAdvantage, reset not working",Miles post within 48 hrs; request missing miles at aa.com/missingmiles with ticket number. DM details (never share password).
t1500,refund compensation,refund_compensation,@customer: @AmericanAir want voucher for 5hr delay AA791 in DFW,"If we cancelled, you may choose refund or trip credit at aa.com/refunds (refundable to original payment within 7 days). DM your record locator."
t1501,baggage,baggage,"@customer: @AmericanAir damaged suitcase on AA2597, claim process?",Sorry about your bag. Please file a report at aa.com/baggage within 4 hrs and track in the app; keep receipts for essentials. DM your tag/record locator.
t1502,booking change,booking_change,"@customer: change name spelling on reservation CSHTNF, how?",You can change most main-cabin+ tickets at aa.com/manage (fare difference may apply). DM your record locator and new date and I will outline exact steps.
t1503,praise other,praise_other,"@customer: @AmericanAir love the new app, smooth checkin",Thanks for flying with us! Let us know if you need anything on AA2810.
t1504,praise other,praise_other,"@customer: @AmericanAir thanks crew on AA1265, great landing in MIA!",Thanks for flying with us! Let us know if you need anything on AA1265.
t1505,cancellation,cancellation,"@customer: @AmericanAir cancelled on me at gate PHX, rebook options?",Sorry your flight AA1214 was cancelled. You can rebook free on the next available American flight at aa.com/manage or in the app. DM your record locator for help.
t1506,cancellation,cancellation,"@customer: flight AA699 cancelled, stranded in CLT tonight, help",Sorry your flight AA699 was cancelled. You can rebook free on the next available American flight at aa.com/manage or in the app. DM your record locator for help.
t1507,praise other,praise_other,@customer: thanks crew on aa672 great landing in jfk! pls help asap,Thanks for flying with us! Let us know if you need anything on AA672.
t1508,flight delay,flight_delay,@customer: aa aa507 delayed need hotel tonight in phx who pays? pls help asap,Sorry for the delay on AA507. Please check live status in the American app and speak to the gate agent about rebooking/meal voucher if 3+ hrs (aa.com/manage). DM your record locator and I can walk you through options.
t1509,booking change,booking_change,@customer: @AmericanAir can I switch seat / add bag on booking VMLM59?,You can change most main-cabin+ tickets at aa.com/manage (fare difference may apply). DM your record locator and new date and I will outline exact steps.
t1510,flight delay,flight_delay,"@customer: AA AA2197 delayed, need hotel tonight in PHX, who pays?",Sorry for the delay on AA2197. Please check live status in the American app and speak to the gate agent about rebooking/meal voucher if 3+ hrs (aa.com/manage). DM your record locator and I can walk you through options.
t1511,booking change,booking_change,"@customer: change name spelling on reservation R7FVYP, how?",You can change most main-cabin+ tickets at aa.com/manage (fare difference may apply). DM your record locator and new date and I will outline exact steps.
t1512,booking change,booking_change,"@customer: change name spelling on reservation CPPLD7, how?",You can change most main-cabin+ tickets at aa.com/manage (fare difference may apply). DM your record locator and new date and I will outline exact steps.
t1513,loyalty account,loyalty_account,@customer: gold status not showing flight aa2263 tomorrow pls help asap,Miles post within 48 hrs; request missing miles at aa.com/missingmiles with ticket number. DM details (never share password).
t1514,checkin boarding,checkin_boarding,@customer: what gate for AA2088 at MIA? boarding group 4 when?,"Check in from 24 hrs in the app; gates close 15 min before departure. Try app refresh, or kiosk with confirmation code. DM your record locator if still blocked."
t1515,praise other,praise_other,"@customer: @AmericanAir love the new app, smooth checkin",Thanks for flying with us! Let us know if you need anything on AA1338.
t1516,flight delay,flight_delay,"@customer: @AmericanAir stuck at PHX, delay again, crew says 6hr wait, what now?",Sorry for the delay on AA2145. Please check live status in the American app and speak to the gate agent about rebooking/meal voucher if 3+ hrs (aa.com/manage). DM your record locator and I can walk you through options.
t1517,refund compensation,refund_compensation,@customer: @AmericanAir want voucher for 5hr delay AA2870 in ORD,"If we cancelled, you may choose refund or trip credit at aa.com/refunds (refundable to original payment within 7 days). DM your record locator."
t1518,refund compensation,refund_compensation,"@customer: trip credit not received for AA2700, booking 4LB3XD","If we cancelled, you may choose refund or trip credit at aa.com/refunds (refundable to original payment within 7 days). DM your record locator."
t1519,cancellation,cancellation,"@customer: flight AA707 cancelled, stranded in JFK tonight, help",Sorry your flight AA707 was cancelled. You can rebook free on the next available American flight at aa.com/manage or in the app. DM your record locator for help.
t1520,praise other,praise_other,"@customer: @AmericanAir thanks crew on AA658, great landing in PHX!",Thanks for flying with us! Let us know if you need anything on AA658.
t1521,cancellation,cancellation,"@customer: @AmericanAir cancelled on me at gate MIA, rebook options?",Sorry your flight AA486 was cancelled. You can rebook free on the next available American flight at aa.com/manage or in the app. DM your record locator for help.
t1522,baggage,baggage,"@customer: charged $75 bag fee but told free, flight AA2383, refund?",Sorry about your bag. Please file a report at aa.com/baggage within 4 hrs and track in the app; keep receipts for essentials. DM your tag/record locator.
t1523,cancellation,cancellation,"@customer: flight AA2620 cancelled, stranded in PHX tonight, help",Sorry your flight AA2620 was cancelled. You can rebook free on the next available American flight at aa.com/manage or in the app. DM your record locator for help.
t1524,flight delay,flight_delay,"@customer: AA AA2928 delayed, need hotel tonight in MIA, who pays?",Sorry for the delay on AA2928. Please check live status in the American app and speak to the gate agent about rebooking/meal voucher if 3+ hrs (aa.com/manage). DM your record locator and I can walk you through options.
t1525,flight delay,flight_delay,"@customer: @AmericanAir flight AA696 delayed 5hrs, will I miss my connection in CLT?",Sorry for the delay on AA696. Please check live status in the American app and speak to the gate agent about rebooking/meal voucher if 3+ hrs (aa.com/manage). DM your record locator and I can walk you through options.
t1526,booking change,booking_change,@customer: @AmericanAir can I switch seat / add bag on booking WTUBHK?,You can change most main-cabin+ tickets at aa.com/manage (fare difference may apply). DM your record locator and new date and I will outline exact steps.
t1527,complaint service,complaint_service,"@customer: never flying again, worst service AA1567, filing DOT complaint",I am sorry you experienced this on AA1567. I am escalating to a human specialist with a case number. Please DM your record locator + details.
t1528,refund compensation,refund_compensation,@customer: @AmericanAir want voucher for 5hr delay AA2454 in DFW,"If we cancelled, you may choose refund or trip credit at aa.com/refunds (refundable to original payment within 7 days). DM your record locator."
t1529,refund compensation,refund_compensation,@customer: @AmericanAir want voucher for 5hr delay AA1057 in PHX,"If we cancelled, you may choose refund or trip credit at aa.com/refunds (refundable to original payment within 7 days). DM your record locator."
t1530,complaint service,complaint_service,"@customer: never flying again, worst service AA852, filing DOT complaint",I am sorry you experienced this on AA852. I am escalating to a human specialist with a case number. Please DM your record locator + details.
t1531,complaint service,complaint_service,"@customer: @AmericanAir discriminated at gate ORD, want supervisor + case",I am sorry you experienced this on AA2152. I am escalating to a human specialist with a case number. Please DM your record locator + details.
t1532,baggage,baggage,@customer: charged $75 bag fee but told free flight aa987 refund? pls help asap,Sorry about your bag. Please file a report at aa.com/baggage within 4 hrs and track in the app; keep receipts for essentials. DM your tag/record locator.
t1533,refund compensation,refund_compensation,"@customer: trip credit not received for AA2443, booking GQRW7Z","If we cancelled, you may choose refund or trip credit at aa.com/refunds (refundable to original payment within 7 days). DM your record locator."
t1534,praise other,praise_other,"@customer: @AmericanAir love the new app, smooth checkin",Thanks for flying with us! Let us know if you need anything on AA1711.
t1535,cancellation,cancellation,"@customer: flight AA1930 cancelled, stranded in MIA tonight, help",Sorry your flight AA1930 was cancelled. You can rebook free on the next available American flight at aa.com/manage or in the app. DM your record locator for help.
t1536,booking change,booking_change,"@customer: @AmericanAir need to change flight AA626 to tomorrow, fare difference?",You can change most main-cabin+ tickets at aa.com/manage (fare difference may apply). DM your record locator and new date and I will outline exact steps.
t1537,flight delay,flight_delay,"@customer: @AmericanAir flight AA174 delayed 6hrs, will I miss my connection in CLT?",Sorry for the delay on AA174. Please check live status in the American app and speak to the gate agent about rebooking/meal voucher if 3+ hrs (aa.com/manage). DM your record locator and I can walk you through options.
t1538,loyalty account,loyalty_account,"@customer: @AmericanAir miles missing for flight AA1893, AAdvantage MRVSJL",Miles post within 48 hrs; request missing miles at aa.com/missingmiles with ticket number. DM details (never share password).
t1539,loyalty account,loyalty_account,"@customer: @AmericanAir miles missing for flight AA2350, AAdvantage P5FSGD",Miles post within 48 hrs; request missing miles at aa.com/missingmiles with ticket number. DM details (never share password).
t1540,checkin boarding,checkin_boarding,@customer: what gate for AA2880 at LAX? boarding group 4 when?,"Check in from 24 hrs in the app; gates close 15 min before departure. Try app refresh, or kiosk with confirmation code. DM your record locator if still blocked."
t1541,loyalty account,loyalty_account,"@customer: @AmericanAir cant login AAdvantage, reset not working",Miles post within 48 hrs; request missing miles at aa.com/missingmiles with ticket number. DM details (never share password).
t1542,cancellation,cancellation,"@customer: @AmericanAir cancelled on me at gate ORD, rebook options?",Sorry your flight AA750 was cancelled. You can rebook free on the next available American flight at aa.com/manage or in the app. DM your record locator for help.
t1543,checkin boarding,checkin_boarding,"@customer: @AmericanAir cant check in flight AA1678, app error, leaves in 2 hours","Check in from 24 hrs in the app; gates close 15 min before departure. Try app refresh, or kiosk with confirmation code. DM your record locator if still blocked."
t1544,complaint service,complaint_service,"@customer: @AmericanAir discriminated at gate LAX, want supervisor + case",I am sorry you experienced this on AA783. I am escalating to a human specialist with a case number. Please DM your record locator + details.
t1545,baggage,baggage,"@customer: @AmericanAir damaged suitcase on AA100, claim process?",Sorry about your bag. Please file a report at aa.com/baggage within 4 hrs and track in the app; keep receipts for essentials. DM your tag/record locator.
t1546,cancellation,cancellation,"@customer: flight AA1354 cancelled, stranded in MIA tonight, help",Sorry your flight AA1354 was cancelled. You can rebook free on the next available American flight at aa.com/manage or in the app. DM your record locator for help.
t1547,refund compensation,refund_compensation,"@customer: trip credit not received for AA610, booking YPGGCC","If we cancelled, you may choose refund or trip credit at aa.com/refunds (refundable to original payment within 7 days). DM your record locator."
t1548,complaint service,complaint_service,"@customer: @AmericanAir discriminated at gate JFK, want supervisor + case",I am sorry you experienced this on AA1310. I am escalating to a human specialist with a case number. Please DM your record locator + details.
t1549,checkin boarding,checkin_boarding,"@customer: @AmericanAir boarding pass wont load, gate 50 at ORD","Check in from 24 hrs in the app; gates close 15 min before departure. Try app refresh, or kiosk with confirmation code. DM your record locator if still blocked."
t1550,checkin boarding,checkin_boarding,"@customer: @AmericanAir boarding pass wont load, gate 38 at MIA","Check in from 24 hrs in the app; gates close 15 min before departure. Try app refresh, or kiosk with confirmation code. DM your record locator if still blocked."
t1551,cancellation,cancellation,"@customer: @AmericanAir cancelled on me at gate PHX, rebook options?",Sorry your flight AA2416 was cancelled. You can rebook free on the next available American flight at aa.com/manage or in the app. DM your record locator for help.
t1552,checkin boarding,checkin_boarding,"@customer: @AmericanAir cant check in flight AA635, app error, leaves in 2 hours","Check in from 24 hrs in the app; gates close 15 min before departure. Try app refresh, or kiosk with confirmation code. DM your record locator if still blocked."
t1553,checkin boarding,checkin_boarding,"@customer: @AmericanAir cant check in flight AA2347, app error, leaves in 2 hours","Check in from 24 hrs in the app; gates close 15 min before departure. Try app refresh, or kiosk with confirmation code. DM your record locator if still blocked."
t1554,baggage,baggage,"@customer: @AmericanAir bag missing since yesterday flight AA421 at MIA, tag A96TJ2",Sorry about your bag. Please file a report at aa.com/baggage within 4 hrs and track in the app; keep receipts for essentials. DM your tag/record locator.
t1555,flight delay,flight_delay,@customer: flight aa2065 delayed 1hrs will i miss my connection in jfk? pls help asap,Sorry for the delay on AA2065. Please check live status in the American app and speak to the gate agent about rebooking/meal voucher if 3+ hrs (aa.com/manage). DM your record locator and I can walk you through options.
t1556,loyalty account,loyalty_account,"@customer: @AmericanAir cant login AAdvantage, reset not working",Miles post within 48 hrs; request missing miles at aa.com/missingmiles with ticket number. DM details (never share password).
t1557,complaint service,complaint_service,"@customer: @AmericanAir discriminated at gate DCA, want supervisor + case",I am sorry you experienced this on AA2383. I am escalating to a human specialist with a case number. Please DM your record locator + details.
t1558,loyalty account,loyalty_account,"@customer: @AmericanAir cant login AAdvantage, reset not working",Miles post within 48 hrs; request missing miles at aa.com/missingmiles with ticket number. DM details (never share password).
t1559,checkin boarding,checkin_boarding,@customer: what gate for AA2068 at CLT? boarding group 4 when?,"Check in from 24 hrs in the app; gates close 15 min before departure. Try app refresh, or kiosk with confirmation code. DM your record locator if still blocked."
t1560,checkin boarding,checkin_boarding,@customer: what gate for AA307 at DFW? boarding group 4 when?,"Check in from 24 hrs in the app; gates close 15 min before departure. Try app refresh, or kiosk with confirmation code. DM your record locator if still blocked."
t1561,booking change,booking_change,@customer: @AmericanAir can I switch seat / add bag on booking JTHSN6?,You can change most main-cabin+ tickets at aa.com/manage (fare difference may apply). DM your record locator and new date and I will outline exact steps.
t1562,praise other,praise_other,"@customer: @AmericanAir love the new app, smooth checkin",Thanks for flying with us! Let us know if you need anything on AA2262.
t1563,baggage,baggage,"@customer: @AmericanAir bag missing since yesterday flight AA1042 at PHX, tag 7EFTQ5",Sorry about your bag. Please file a report at aa.com/baggage within 4 hrs and track in the app; keep receipts for essentials. DM your tag/record locator.
t1564,cancellation,cancellation,"@customer: flight AA2076 cancelled, stranded in MIA tonight, help",Sorry your flight AA2076 was cancelled. You can rebook free on the next available American flight at aa.com/manage or in the app. DM your record locator for help.
t1565,booking change,booking_change,"@customer: change name spelling on reservation LGHBPE, how?",You can change most main-cabin+ tickets at aa.com/manage (fare difference may apply). DM your record locator and new date and I will outline exact steps.
t1566,loyalty account,loyalty_account,"@customer: gold status not showing, flight AA1971 tomorrow",Miles post within 48 hrs; request missing miles at aa.com/missingmiles with ticket number. DM details (never share password).
t1567,refund compensation,refund_compensation,@customer: @AmericanAir refund for cancelled AA2790? nonrefundable but you cancelled,"If we cancelled, you may choose refund or trip credit at aa.com/refunds (refundable to original payment within 7 days). DM your record locator."
t1568,flight delay,flight_delay,"@customer: AA AA297 delayed, need hotel tonight in DFW, who pays?",Sorry for the delay on AA297. Please check live status in the American app and speak to the gate agent about rebooking/meal voucher if 3+ hrs (aa.com/manage). DM your record locator and I can walk you through options.
t1569,booking change,booking_change,"@customer: @AmericanAir need to change flight AA1092 to tomorrow, fare difference?",You can change most main-cabin+ tickets at aa.com/manage (fare difference may apply). DM your record locator and new date and I will outline exact steps.
t1570,cancellation,cancellation,"@customer: @AmericanAir cancelled on me at gate JFK, rebook options?",Sorry your flight AA211 was cancelled. You can rebook free on the next available American flight at aa.com/manage or in the app. DM your record locator for help.
t1571,loyalty account,loyalty_account,"@customer: gold status not showing, flight AA2342 tomorrow",Miles post within 48 hrs; request missing miles at aa.com/missingmiles with ticket number. DM details (never share password).
t1572,flight delay,flight_delay,"@customer: @AmericanAir stuck at MIA, delay again, crew says 3hr wait, what now?",Sorry for the delay on AA1510. Please check live status in the American app and speak to the gate agent about rebooking/meal voucher if 3+ hrs (aa.com/manage). DM your record locator and I can walk you through options.
t1573,refund compensation,refund_compensation,"@customer: trip credit not received for AA1595, booking S9Z3B9","If we cancelled, you may choose refund or trip credit at aa.com/refunds (refundable to original payment within 7 days). DM your record locator."
t1574,praise other,praise_other,@customer: do you fly to JFK direct from DFW?,Thanks for flying with us! Let us know if you need anything on AA315.
t1575,booking change,booking_change,@customer: @AmericanAir can I switch seat / add bag on booking 47HH42?,You can change most main-cabin+ tickets at aa.com/manage (fare difference may apply). DM your record locator and new date and I will outline exact steps.
t1576,booking change,booking_change,@customer: can i switch seat / add bag on booking canpch? pls help asap,You can change most main-cabin+ tickets at aa.com/manage (fare difference may apply). DM your record locator and new date and I will outline exact steps.
t1577,complaint service,complaint_service,"@customer: @AmericanAir crew on AA2897 was rude to my mother, unacceptable",I am sorry you experienced this on AA2897. I am escalating to a human specialist with a case number. Please DM your record locator + details.
t1578,complaint service,complaint_service,"@customer: never flying again, worst service AA1398, filing DOT complaint",I am sorry you experienced this on AA1398. I am escalating to a human specialist with a case number. Please DM your record locator + details.
t1579,praise other,praise_other,"@customer: @AmericanAir thanks crew on AA2710, great landing in PHX!",Thanks for flying with us! Let us know if you need anything on AA2710.
t1580,refund compensation,refund_compensation,"@customer: trip credit not received for AA2993, booking QQR23W","If we cancelled, you may choose refund or trip credit at aa.com/refunds (refundable to original payment within 7 days). DM your record locator."
t1581,baggage,baggage,"@customer: @AmericanAir bag missing since yesterday flight AA877 at DFW, tag CLKFW9",Sorry about your bag. Please file a report at aa.com/baggage within 4 hrs and track in the app; keep receipts for essentials. DM your tag/record locator.
t1582,refund compensation,refund_compensation,"@customer: trip credit not received for AA1309, booking LM5VN5","If we cancelled, you may choose refund or trip credit at aa.com/refunds (refundable to original payment within 7 days). DM your record locator."
t1583,complaint service,complaint_service,"@customer: @AmericanAir discriminated at gate LAX, want supervisor + case",I am sorry you experienced this on AA2903. I am escalating to a human specialist with a case number. Please DM your record locator + details.
t1584,praise other,praise_other,"@customer: @AmericanAir love the new app, smooth checkin",Thanks for flying with us! Let us know if you need anything on AA579.
t1585,loyalty account,loyalty_account,"@customer: gold status not showing, flight AA2243 tomorrow",Miles post within 48 hrs; request missing miles at aa.com/missingmiles with ticket number. DM details (never share password).
t1586,loyalty account,loyalty_account,@customer: cant login aadvantage reset not working pls help asap,Miles post within 48 hrs; request missing miles at aa.com/missingmiles with ticket number. DM details (never share password).
t1587,refund compensation,refund_compensation,@customer: refund for cancelled aa2221? nonrefundable but you cancelled pls help asap,"If we cancelled, you may choose refund or trip credit at aa.com/refunds (refundable to original payment within 7 days). DM your record locator."
t1588,checkin boarding,checkin_boarding,"@customer: @AmericanAir boarding pass wont load, gate 33 at CLT","Check in from 24 hrs in the app; gates close 15 min before departure. Try app refresh, or kiosk with confirmation code. DM your record locator if still blocked."
t1589,cancellation,cancellation,"@customer: flight AA1940 cancelled, stranded in DFW tonight, help",Sorry your flight AA1940 was cancelled. You can rebook free on the next available American flight at aa.com/manage or in the app. DM your record locator for help.
t1590,praise other,praise_other,"@customer: @AmericanAir love the new app, smooth checkin",Thanks for flying with us! Let us know if you need anything on AA1371.
t1591,checkin boarding,checkin_boarding,"@customer: @AmericanAir boarding pass wont load, gate 13 at ORD","Check in from 24 hrs in the app; gates close 15 min before departure. Try app refresh, or kiosk with confirmation code. DM your record locator if still blocked."
t1592,praise other,praise_other,@customer: do you fly to CLT direct from DFW?,Thanks for flying with us! Let us know if you need anything on AA1186.
t1593,praise other,praise_other,"@customer: @AmericanAir love the new app, smooth checkin",Thanks for flying with us! Let us know if you need anything on AA579.
t1594,cancellation,cancellation,@customer: flight aa1404 cancelled stranded in mia tonight help pls help asap,Sorry your flight AA1404 was cancelled. You can rebook free on the next available American flight at aa.com/manage or in the app. DM your record locator for help.
t1595,refund compensation,refund_compensation,@customer: want voucher for 5hr delay aa2110 in phx pls help asap,"If we cancelled, you may choose refund or trip credit at aa.com/refunds (refundable to original payment within 7 days). DM your record locator."
t1596,loyalty account,loyalty_account,"@customer: @AmericanAir cant login AAdvantage, reset not working",Miles post within 48 hrs; request missing miles at aa.com/missingmiles with ticket number. DM details (never share password).
t1597,booking change,booking_change,@customer: @AmericanAir can I switch seat / add bag on booking 77C26Q?,You can change most main-cabin+ tickets at aa.com/manage (fare difference may apply). DM your record locator and new date and I will outline exact steps.
t1598,booking change,booking_change,"@customer: @AmericanAir need to change flight AA2149 to tomorrow, fare difference?",You can change most main-cabin+ tickets at aa.com/manage (fare difference may apply). DM your record locator and new date and I will outline exact steps.
t1599,refund compensation,refund_compensation,@customer: @AmericanAir want voucher for 5hr delay AA413 in CLT,"If we cancelled, you may choose refund or trip credit at aa.com/refunds (refundable to original payment within 7 days). DM your record locator."
t1600,checkin boarding,checkin_boarding,"@customer: @AmericanAir boarding pass wont load, gate 44 at ORD","Check in from 24 hrs in the app; gates close 15 min before departure. Try app refresh, or kiosk with confirmation code. DM your record locator if still blocked."
t1601,loyalty account,loyalty_account,"@customer: gold status not showing, flight AA1132 tomorrow",Miles post within 48 hrs; request missing miles at aa.com/missingmiles with ticket number. DM details (never share password).
t1602,flight delay,flight_delay,"@customer: AA AA223 delayed, need hotel tonight in CLT, who pays?",Sorry for the delay on AA223. Please check live status in the American app and speak to the gate agent about rebooking/meal voucher if 3+ hrs (aa.com/manage). DM your record locator and I can walk you through options.
t1603,checkin boarding,checkin_boarding,@customer: what gate for AA883 at CLT? boarding group 4 when?,"Check in from 24 hrs in the app; gates close 15 min before departure. Try app refresh, or kiosk with confirmation code. DM your record locator if still blocked."
t1604,complaint service,complaint_service,"@customer: @AmericanAir crew on AA1855 was rude to my mother, unacceptable",I am sorry you experienced this on AA1855. I am escalating to a human specialist with a case number. Please DM your record locator + details.
t1605,flight delay,flight_delay,"@customer: AA AA195 delayed, need hotel tonight in JFK, who pays?",Sorry for the delay on AA195. Please check live status in the American app and speak to the gate agent about rebooking/meal voucher if 3+ hrs (aa.com/manage). DM your record locator and I can walk you through options.
t1606,refund compensation,refund_compensation,@customer: @AmericanAir want voucher for 5hr delay AA2571 in DFW,"If we cancelled, you may choose refund or trip credit at aa.com/refunds (refundable to original payment within 7 days). DM your record locator."
t1607,complaint service,complaint_service,"@customer: @AmericanAir crew on AA1569 was rude to my mother, unacceptable",I am sorry you experienced this on AA1569. I am escalating to a human specialist with a case number. Please DM your record locator + details.
t1608,complaint service,complaint_service,"@customer: never flying again, worst service AA1941, filing DOT complaint",I am sorry you experienced this on AA1941. I am escalating to a human specialist with a case number. Please DM your record locator + details.
t1609,praise other,praise_other,@customer: do you fly to DCA direct from DFW?,Thanks for flying with us! Let us know if you need anything on AA1716.
t1610,booking change,booking_change,@customer: @AmericanAir can I switch seat / add bag on booking 3SAKUU?,You can change most main-cabin+ tickets at aa.com/manage (fare difference may apply). DM your record locator and new date and I will outline exact steps.
t1611,refund compensation,refund_compensation,@customer: @AmericanAir refund for cancelled AA279? nonrefundable but you cancelled,"If we cancelled, you may choose refund or trip credit at aa.com/refunds (refundable to original payment within 7 days). DM your record locator."
t1612,cancellation,cancellation,"@customer: flight AA2368 cancelled, stranded in ORD tonight, help",Sorry your flight AA2368 was cancelled. You can rebook free on the next available American flight at aa.com/manage or in the app. DM your record locator for help.
t1613,refund compensation,refund_compensation,"@customer: trip credit not received for AA911, booking Z26JVX","If we cancelled, you may choose refund or trip credit at aa.com/refunds (refundable to original payment within 7 days). DM your record locator."
t1614,checkin boarding,checkin_boarding,"@customer: @AmericanAir cant check in flight AA552, app error, leaves in 2 hours","Check in from 24 hrs in the app; gates close 15 min before departure. Try app refresh, or kiosk with confirmation code. DM your record locator if still blocked."
t1615,flight delay,flight_delay,@customer: aa aa2212 delayed need hotel tonight in ord who pays? pls help asap,Sorry for the delay on AA2212. Please check live status in the American app and speak to the gate agent about rebooking/meal voucher if 3+ hrs (aa.com/manage). DM your record locator and I can walk you through options.
t1616,complaint service,complaint_service,"@customer: never flying again, worst service AA1378, filing DOT complaint",I am sorry you experienced this on AA1378. I am escalating to a human specialist with a case number. Please DM your record locator + details.
t1617,checkin boarding,checkin_boarding,"@customer: @AmericanAir cant check in flight AA2364, app error, leaves in 2 hours","Check in from 24 hrs in the app; gates close 15 min before departure. Try app refresh, or kiosk with confirmation code. DM your record locator if still blocked."
t1618,booking change,booking_change,"@customer: @AmericanAir need to change flight AA247 to tomorrow, fare difference?",You can change most main-cabin+ tickets at aa.com/manage (fare difference may apply). DM your record locator and new date and I will outline exact steps.
t1619,cancellation,cancellation,"@customer: @AmericanAir you cancelled flight AA1368 to DFW today, need rebook ASAP",Sorry your flight AA1368 was cancelled. You can rebook free on the next available American flight at aa.com/manage or in the app. DM your record locator for help.
t1620,cancellation,cancellation,"@customer: @AmericanAir you cancelled flight AA2316 to CLT today, need rebook ASAP",Sorry your flight AA2316 was cancelled. You can rebook free on the next available American flight at aa.com/manage or in the app. DM your record locator for help.
t1621,booking change,booking_change,"@customer: @AmericanAir need to change flight AA572 to tomorrow, fare difference?",You can change most main-cabin+ tickets at aa.com/manage (fare difference may apply). DM your record locator and new date and I will outline exact steps.
t1622,refund compensation,refund_compensation,@customer: @AmericanAir want voucher for 5hr delay AA2945 in DCA,"If we cancelled, you may choose refund or trip credit at aa.com/refunds (refundable to original payment within 7 days). DM your record locator."
t1623,booking change,booking_change,"@customer: change name spelling on reservation Y93NZT, how?",You can change most main-cabin+ tickets at aa.com/manage (fare difference may apply). DM your record locator and new date and I will outline exact steps.
t1624,refund compensation,refund_compensation,@customer: @AmericanAir want voucher for 5hr delay AA1715 in CLT,"If we cancelled, you may choose refund or trip credit at aa.com/refunds (refundable to original payment within 7 days). DM your record locator."
t1625,complaint service,complaint_service,"@customer: @AmericanAir crew on AA289 was rude to my mother, unacceptable",I am sorry you experienced this on AA289. I am escalating to a human specialist with a case number. Please DM your record locator + details.
t1626,refund compensation,refund_compensation,"@customer: trip credit not received for AA2116, booking 33JHKS","If we cancelled, you may choose refund or trip credit at aa.com/refunds (refundable to original payment within 7 days). DM your record locator."
t1627,booking change,booking_change,"@customer: @AmericanAir need to change flight AA2525 to tomorrow, fare difference?",You can change most main-cabin+ tickets at aa.com/manage (fare difference may apply). DM your record locator and new date and I will outline exact steps.
t1628,complaint service,complaint_service,"@customer: @AmericanAir crew on AA1638 was rude to my mother, unacceptable",I am sorry you experienced this on AA1638. I am escalating to a human specialist with a case number. Please DM your record locator + details.
t1629,praise other,praise_other,@customer: do you fly to CLT direct from DFW?,Thanks for flying with us! Let us know if you need anything on AA839.
t1630,baggage,baggage,"@customer: charged $75 bag fee but told free, flight AA1744, refund?",Sorry about your bag. Please file a report at aa.com/baggage within 4 hrs and track in the app; keep receipts for essentials. DM your tag/record locator.
t1631,refund compensation,refund_compensation,@customer: @AmericanAir want voucher for 5hr delay AA2566 in DFW,"If we cancelled, you may choose refund or trip credit at aa.com/refunds (refundable to original payment within 7 days). DM your record locator."
t1632,complaint service,complaint_service,"@customer: never flying again, worst service AA898, filing DOT complaint",I am sorry you experienced this on AA898. I am escalating to a human specialist with a case number. Please DM your record locator + details.
t1633,praise other,praise_other,@customer: love the new app smooth checkin pls help asap,Thanks for flying with us! Let us know if you need anything on AA1501.
t1634,loyalty account,loyalty_account,"@customer: @AmericanAir cant login AAdvantage, reset not working",Miles post within 48 hrs; request missing miles at aa.com/missingmiles with ticket number. DM details (never share password).
t1635,complaint service,complaint_service,"@customer: @AmericanAir discriminated at gate LAX, want supervisor + case",I am sorry you experienced this on AA1267. I am escalating to a human specialist with a case number. Please DM your record locator + details.
t1636,flight delay,flight_delay,"@customer: @AmericanAir flight AA261 delayed 5hrs, will I miss my connection in ORD?",Sorry for the delay on AA261. Please check live status in the American app and speak to the gate agent about rebooking/meal voucher if 3+ hrs (aa.com/manage). DM your record locator and I can walk you through options.
t1637,checkin boarding,checkin_boarding,@customer: what gate for AA2012 at LAX? boarding group 4 when?,"Check in from 24 hrs in the app; gates close 15 min before departure. Try app refresh, or kiosk with confirmation code. DM your record locator if still blocked."
t1638,loyalty account,loyalty_account,"@customer: gold status not showing, flight AA2769 tomorrow",Miles post within 48 hrs; request missing miles at aa.com/missingmiles with ticket number. DM details (never share password).
t1639,checkin boarding,checkin_boarding,"@customer: @AmericanAir cant check in flight AA1311, app error, leaves in 2 hours","Check in from 24 hrs in the app; gates close 15 min before departure. Try app refresh, or kiosk with confirmation code. DM your record locator if still blocked."
t1640,baggage,baggage,@customer: charged $75 bag fee but told free flight aa601 refund? pls help asap,Sorry about your bag. Please file a report at aa.com/baggage within 4 hrs and track in the app; keep receipts for essentials. DM your tag/record locator.
t1641,refund compensation,refund_compensation,@customer: @AmericanAir want voucher for 5hr delay AA207 in MIA,"If we cancelled, you may choose refund or trip credit at aa.com/refunds (refundable to original payment within 7 days). DM your record locator."
t1642,baggage,baggage,"@customer: charged $75 bag fee but told free, flight AA1219, refund?",Sorry about your bag. Please file a report at aa.com/baggage within 4 hrs and track in the app; keep receipts for essentials. DM your tag/record locator.
t1643,checkin boarding,checkin_boarding,"@customer: @AmericanAir cant check in flight AA2988, app error, leaves in 2 hours","Check in from 24 hrs in the app; gates close 15 min before departure. Try app refresh, or kiosk with confirmation code. DM your record locator if still blocked."
t1644,cancellation,cancellation,"@customer: @AmericanAir cancelled on me at gate LAX, rebook options?",Sorry your flight AA1389 was cancelled. You can rebook free on the next available American flight at aa.com/manage or in the app. DM your record locator for help.
t1645,flight delay,flight_delay,"@customer: AA AA2340 delayed, need hotel tonight in ORD, who pays?",Sorry for the delay on AA2340. Please check live status in the American app and speak to the gate agent about rebooking/meal voucher if 3+ hrs (aa.com/manage). DM your record locator and I can walk you through options.
t1646,booking change,booking_change,@customer: @AmericanAir can I switch seat / add bag on booking BZTYDN?,You can change most main-cabin+ tickets at aa.com/manage (fare difference may apply). DM your record locator and new date and I will outline exact steps.
t1647,praise other,praise_other,"@customer: @AmericanAir love the new app, smooth checkin",Thanks for flying with us! Let us know if you need anything on AA234.
t1648,flight delay,flight_delay,"@customer: @AmericanAir flight AA466 delayed 4hrs, will I miss my connection in DFW?",Sorry for the delay on AA466. Please check live status in the American app and speak to the gate agent about rebooking/meal voucher if 3+ hrs (aa.com/manage). DM your record locator and I can walk you through options.
t1649,booking change,booking_change,"@customer: change name spelling on reservation CSPMRL, how?",You can change most main-cabin+ tickets at aa.com/manage (fare difference may apply). DM your record locator and new date and I will outline exact steps.
t1650,baggage,baggage,"@customer: @AmericanAir damaged suitcase on AA225, claim process?",Sorry about your bag. Please file a report at aa.com/baggage within 4 hrs and track in the app; keep receipts for essentials. DM your tag/record locator.
t1651,loyalty account,loyalty_account,"@customer: @AmericanAir miles missing for flight AA250, AAdvantage REKF48",Miles post within 48 hrs; request missing miles at aa.com/missingmiles with ticket number. DM details (never share password).
t1652,loyalty account,loyalty_account,"@customer: gold status not showing, flight AA1645 tomorrow",Miles post within 48 hrs; request missing miles at aa.com/missingmiles with ticket number. DM details (never share password).
t1653,refund compensation,refund_compensation,@customer: @AmericanAir refund for cancelled AA1655? nonrefundable but you cancelled,"If we cancelled, you may choose refund or trip credit at aa.com/refunds (refundable to original payment within 7 days). DM your record locator."
t1654,booking change,booking_change,"@customer: @AmericanAir need to change flight AA421 to tomorrow, fare difference?",You can change most main-cabin+ tickets at aa.com/manage (fare difference may apply). DM your record locator and new date and I will outline exact steps.
t1655,complaint service,complaint_service,"@customer: never flying again, worst service AA846, filing DOT complaint",I am sorry you experienced this on AA846. I am escalating to a human specialist with a case number. Please DM your record locator + details.
t1656,flight delay,flight_delay,"@customer: @AmericanAir stuck at MIA, delay again, crew says 4hr wait, what now?",Sorry for the delay on AA2187. Please check live status in the American app and speak to the gate agent about rebooking/meal voucher if 3+ hrs (aa.com/manage). DM your record locator and I can walk you through options.
t1657,complaint service,complaint_service,"@customer: never flying again, worst service AA2414, filing DOT complaint",I am sorry you experienced this on AA2414. I am escalating to a human specialist with a case number. Please DM your record locator + details.
t1658,refund compensation,refund_compensation,@customer: @AmericanAir want voucher for 5hr delay AA2051 in ORD,"If we cancelled, you may choose refund or trip credit at aa.com/refunds (refundable to original payment within 7 days). DM your record locator."
t1659,loyalty account,loyalty_account,"@customer: gold status not showing, flight AA2933 tomorrow",Miles post within 48 hrs; request missing miles at aa.com/missingmiles with ticket number. DM details (never share password).
t1660,cancellation,cancellation,"@customer: @AmericanAir cancelled on me at gate DFW, rebook options?",Sorry your flight AA1961 was cancelled. You can rebook free on the next available American flight at aa.com/manage or in the app. DM your record locator for help.
t1661,flight delay,flight_delay,"@customer: @AmericanAir flight AA574 delayed 3hrs, will I miss my connection in JFK?",Sorry for the delay on AA574. Please check live status in the American app and speak to the gate agent about rebooking/meal voucher if 3+ hrs (aa.com/manage). DM your record locator and I can walk you through options.
t1662,baggage,baggage,"@customer: @AmericanAir bag missing since yesterday flight AA1764 at PHX, tag TD78MF",Sorry about your bag. Please file a report at aa.com/baggage within 4 hrs and track in the app; keep receipts for essentials. DM your tag/record locator.
t1663,checkin boarding,checkin_boarding,"@customer: @AmericanAir cant check in flight AA1511, app error, leaves in 2 hours","Check in from 24 hrs in the app; gates close 15 min before departure. Try app refresh, or kiosk with confirmation code. DM your record locator if still blocked."
t1664,refund compensation,refund_compensation,@customer: @AmericanAir want voucher for 5hr delay AA1034 in PHX,"If we cancelled, you may choose refund or trip credit at aa.com/refunds (refundable to original payment within 7 days). DM your record locator."
t1665,booking change,booking_change,"@customer: change name spelling on reservation 7HAXUL, how?",You can change most main-cabin+ tickets at aa.com/manage (fare difference may apply). DM your record locator and new date and I will outline exact steps.
t1666,checkin boarding,checkin_boarding,@customer: cant check in flight aa1248 app error leaves in 2 hours pls help asap,"Check in from 24 hrs in the app; gates close 15 min before departure. Try app refresh, or kiosk with confirmation code. DM your record locator if still blocked."
t1667,checkin boarding,checkin_boarding,"@customer: @AmericanAir boarding pass wont load, gate 9 at JFK","Check in from 24 hrs in the app; gates close 15 min before departure. Try app refresh, or kiosk with confirmation code. DM your record locator if still blocked."
t1668,baggage,baggage,"@customer: @AmericanAir bag missing since yesterday flight AA1914 at MIA, tag BHQR7Z",Sorry about your bag. Please file a report at aa.com/baggage within 4 hrs and track in the app; keep receipts for essentials. DM your tag/record locator.
t1669,complaint service,complaint_service,"@customer: never flying again, worst service AA1952, filing DOT complaint",I am sorry you experienced this on AA1952. I am escalating to a human specialist with a case number. Please DM your record locator + details.
t1670,flight delay,flight_delay,"@customer: @AmericanAir stuck at LAX, delay again, crew says 1hr wait, what now?",Sorry for the delay on AA2489. Please check live status in the American app and speak to the gate agent about rebooking/meal voucher if 3+ hrs (aa.com/manage). DM your record locator and I can walk you through options.
t1671,checkin boarding,checkin_boarding,@customer: what gate for AA628 at LAX? boarding group 4 when?,"Check in from 24 hrs in the app; gates close 15 min before departure. Try app refresh, or kiosk with confirmation code. DM your record locator if still blocked."
t1672,booking change,booking_change,"@customer: @AmericanAir need to change flight AA2463 to tomorrow, fare difference?",You can change most main-cabin+ tickets at aa.com/manage (fare difference may apply). DM your record locator and new date and I will outline exact steps.
t1673,praise other,praise_other,"@customer: @AmericanAir thanks crew on AA2122, great landing in ORD!",Thanks for flying with us! Let us know if you need anything on AA2122.
t1674,flight delay,flight_delay,"@customer: AA AA553 delayed, need hotel tonight in JFK, who pays?",Sorry for the delay on AA553. Please check live status in the American app and speak to the gate agent about rebooking/meal voucher if 3+ hrs (aa.com/manage). DM your record locator and I can walk you through options.
t1675,praise other,praise_other,@customer: do you fly to DFW direct from DFW?,Thanks for flying with us! Let us know if you need anything on AA2506.
t1676,baggage,baggage,"@customer: charged $75 bag fee but told free, flight AA2964, refund?",Sorry about your bag. Please file a report at aa.com/baggage within 4 hrs and track in the app; keep receipts for essentials. DM your tag/record locator.
t1677,booking change,booking_change,"@customer: change name spelling on reservation LGDRCQ, how?",You can change most main-cabin+ tickets at aa.com/manage (fare difference may apply). DM your record locator and new date and I will outline exact steps.
t1678,baggage,baggage,"@customer: charged $75 bag fee but told free, flight AA292, refund?",Sorry about your bag. Please file a report at aa.com/baggage within 4 hrs and track in the app; keep receipts for essentials. DM your tag/record locator.
t1679,booking change,booking_change,@customer: @AmericanAir can I switch seat / add bag on booking 2K84EZ?,You can change most main-cabin+ tickets at aa.com/manage (fare difference may apply). DM your record locator and new date and I will outline exact steps.
t1680,baggage,baggage,"@customer: charged $75 bag fee but told free, flight AA533, refund?",Sorry about your bag. Please file a report at aa.com/baggage within 4 hrs and track in the app; keep receipts for essentials. DM your tag/record locator.
t1681,booking change,booking_change,"@customer: @AmericanAir need to change flight AA1391 to tomorrow, fare difference?",You can change most main-cabin+ tickets at aa.com/manage (fare difference may apply). DM your record locator and new date and I will outline exact steps.
t1682,booking change,booking_change,"@customer: change name spelling on reservation FDSRQZ, how?",You can change most main-cabin+ tickets at aa.com/manage (fare difference may apply). DM your record locator and new date and I will outline exact steps.
t1683,baggage,baggage,"@customer: charged $75 bag fee but told free, flight AA382, refund?",Sorry about your bag. Please file a report at aa.com/baggage within 4 hrs and track in the app; keep receipts for essentials. DM your tag/record locator.
t1684,cancellation,cancellation,"@customer: @AmericanAir cancelled on me at gate CLT, rebook options?",Sorry your flight AA1933 was cancelled. You can rebook free on the next available American flight at aa.com/manage or in the app. DM your record locator for help.
t1685,baggage,baggage,"@customer: charged $75 bag fee but told free, flight AA697, refund?",Sorry about your bag. Please file a report at aa.com/baggage within 4 hrs and track in the app; keep receipts for essentials. DM your tag/record locator.
t1686,flight delay,flight_delay,"@customer: @AmericanAir stuck at PHX, delay again, crew says 4hr wait, what now?",Sorry for the delay on AA234. Please check live status in the American app and speak to the gate agent about rebooking/meal voucher if 3+ hrs (aa.com/manage). DM your record locator and I can walk you through options.
t1687,praise other,praise_other,@customer: do you fly to DFW direct from DFW?,Thanks for flying with us! Let us know if you need anything on AA1603.
t1688,complaint service,complaint_service,"@customer: @AmericanAir discriminated at gate JFK, want supervisor + case",I am sorry you experienced this on AA2156. I am escalating to a human specialist with a case number. Please DM your record locator + details.
t1689,cancellation,cancellation,"@customer: flight AA1566 cancelled, stranded in ORD tonight, help",Sorry your flight AA1566 was cancelled. You can rebook free on the next available American flight at aa.com/manage or in the app. DM your record locator for help.
t1690,refund compensation,refund_compensation,@customer: refund for cancelled aa2338? nonrefundable but you cancelled pls help asap,"If we cancelled, you may choose refund or trip credit at aa.com/refunds (refundable to original payment within 7 days). DM your record locator."
t1691,complaint service,complaint_service,"@customer: @AmericanAir discriminated at gate LAX, want supervisor + case",I am sorry you experienced this on AA979. I am escalating to a human specialist with a case number. Please DM your record locator + details.
t1692,checkin boarding,checkin_boarding,@customer: what gate for AA2111 at DCA? boarding group 4 when?,"Check in from 24 hrs in the app; gates close 15 min before departure. Try app refresh, or kiosk with confirmation code. DM your record locator if still blocked."
t1693,complaint service,complaint_service,"@customer: @AmericanAir discriminated at gate ORD, want supervisor + case",I am sorry you experienced this on AA1293. I am escalating to a human specialist with a case number. Please DM your record locator + details.
t1694,praise other,praise_other,"@customer: @AmericanAir thanks crew on AA2911, great landing in ORD!",Thanks for flying with us! Let us know if you need anything on AA2911.
t1695,loyalty account,loyalty_account,"@customer: @AmericanAir cant login AAdvantage, reset not working",Miles post within 48 hrs; request missing miles at aa.com/missingmiles with ticket number. DM details (never share password).
t1696,cancellation,cancellation,"@customer: @AmericanAir cancelled on me at gate CLT, rebook options?",Sorry your flight AA2487 was cancelled. You can rebook free on the next available American flight at aa.com/manage or in the app. DM your record locator for help.
t1697,complaint service,complaint_service,"@customer: @AmericanAir crew on AA2618 was rude to my mother, unacceptable",I am sorry you experienced this on AA2618. I am escalating to a human specialist with a case number. Please DM your record locator + details.
t1698,baggage,baggage,"@customer: @AmericanAir damaged suitcase on AA1529, claim process?",Sorry about your bag. Please file a report at aa.com/baggage within 4 hrs and track in the app; keep receipts for essentials. DM your tag/record locator.
t1699,complaint service,complaint_service,"@customer: @AmericanAir discriminated at gate DFW, want supervisor + case",I am sorry you experienced this on AA1353. I am escalating to a human specialist with a case number. Please DM your record locator + details.
t1700,cancellation,cancellation,"@customer: @AmericanAir you cancelled flight AA502 to CLT today, need rebook ASAP",Sorry your flight AA502 was cancelled. You can rebook free on the next available American flight at aa.com/manage or in the app. DM your record locator for help.
t1701,flight delay,flight_delay,"@customer: @AmericanAir flight AA1321 delayed 4hrs, will I miss my connection in PHX?",Sorry for the delay on AA1321. Please check live status in the American app and speak to the gate agent about rebooking/meal voucher if 3+ hrs (aa.com/manage). DM your record locator and I can walk you through options.
t1702,booking change,booking_change,"@customer: @AmericanAir need to change flight AA851 to tomorrow, fare difference?",You can change most main-cabin+ tickets at aa.com/manage (fare difference may apply). DM your record locator and new date and I will outline exact steps.
t1703,refund compensation,refund_compensation,@customer: @AmericanAir want voucher for 5hr delay AA1135 in JFK,"If we cancelled, you may choose refund or trip credit at aa.com/refunds (refundable to original payment within 7 days). DM your record locator."
t1704,booking change,booking_change,@customer: @AmericanAir can I switch seat / add bag on booking EX2A43?,You can change most main-cabin+ tickets at aa.com/manage (fare difference may apply). DM your record locator and new date and I will outline exact steps.
t1705,cancellation,cancellation,"@customer: @AmericanAir cancelled on me at gate LAX, rebook options?",Sorry your flight AA691 was cancelled. You can rebook free on the next available American flight at aa.com/manage or in the app. DM your record locator for help.
t1706,flight delay,flight_delay,"@customer: AA AA930 delayed, need hotel tonight in DCA, who pays?",Sorry for the delay on AA930. Please check live status in the American app and speak to the gate agent about rebooking/meal voucher if 3+ hrs (aa.com/manage). DM your record locator and I can walk you through options.
t1707,loyalty account,loyalty_account,"@customer: @AmericanAir cant login AAdvantage, reset not working",Miles post within 48 hrs; request missing miles at aa.com/missingmiles with ticket number. DM details (never share password).
t1708,loyalty account,loyalty_account,"@customer: @AmericanAir miles missing for flight AA206, AAdvantage 3P3LDS",Miles post within 48 hrs; request missing miles at aa.com/missingmiles with ticket number. DM details (never share password).
t1709,baggage,baggage,"@customer: charged $75 bag fee but told free, flight AA1722, refund?",Sorry about your bag. Please file a report at aa.com/baggage within 4 hrs and track in the app; keep receipts for essentials. DM your tag/record locator.
t1710,loyalty account,loyalty_account,"@customer: @AmericanAir cant login AAdvantage, reset not working",Miles post within 48 hrs; request missing miles at aa.com/missingmiles with ticket number. DM details (never share password).
t1711,booking change,booking_change,"@customer: @AmericanAir need to change flight AA149 to tomorrow, fare difference?",You can change most main-cabin+ tickets at aa.com/manage (fare difference may apply). DM your record locator and new date and I will outline exact steps.
t1712,loyalty account,loyalty_account,"@customer: @AmericanAir cant login AAdvantage, reset not working",Miles post within 48 hrs; request missing miles at aa.com/missingmiles with ticket number. DM details (never share password).
t1713,cancellation,cancellation,"@customer: flight AA1580 cancelled, stranded in CLT tonight, help",Sorry your flight AA1580 was cancelled. You can rebook free on the next available American flight at aa.com/manage or in the app. DM your record locator for help.
t1714,complaint service,complaint_service,"@customer: @AmericanAir discriminated at gate JFK, want supervisor + case",I am sorry you experienced this on AA2617. I am escalating to a human specialist with a case number. Please DM your record locator + details.
t1715,refund compensation,refund_compensation,@customer: @AmericanAir want voucher for 5hr delay AA249 in DCA,"If we cancelled, you may choose refund or trip credit at aa.com/refunds (refundable to original payment within 7 days). DM your record locator."
t1716,praise other,praise_other,"@customer: @AmericanAir thanks crew on AA2036, great landing in CLT!",Thanks for flying with us! Let us know if you need anything on AA2036.
t1717,praise other,praise_other,@customer: do you fly to LAX direct from DFW?,Thanks for flying with us! Let us know if you need anything on AA1931.
t1718,checkin boarding,checkin_boarding,"@customer: @AmericanAir cant check in flight AA2433, app error, leaves in 2 hours","Check in from 24 hrs in the app; gates close 15 min before departure. Try app refresh, or kiosk with confirmation code. DM your record locator if still blocked."
t1719,loyalty account,loyalty_account,"@customer: @AmericanAir miles missing for flight AA2537, AAdvantage XKCBWZ",Miles post within 48 hrs; request missing miles at aa.com/missingmiles with ticket number. DM details (never share password).
t1720,praise other,praise_other,@customer: do you fly to JFK direct from DFW?,Thanks for flying with us! Let us know if you need anything on AA1809.
t1721,loyalty account,loyalty_account,"@customer: @AmericanAir cant login AAdvantage, reset not working",Miles post within 48 hrs; request missing miles at aa.com/missingmiles with ticket number. DM details (never share password).
t1722,praise other,praise_other,"@customer: @AmericanAir love the new app, smooth checkin",Thanks for flying with us! Let us know if you need anything on AA1116.
t1723,loyalty account,loyalty_account,"@customer: @AmericanAir cant login AAdvantage, reset not working",Miles post within 48 hrs; request missing miles at aa.com/missingmiles with ticket number. DM details (never share password).
t1724,refund compensation,refund_compensation,@customer: refund for cancelled aa2761? nonrefundable but you cancelled pls help asap,"If we cancelled, you may choose refund or trip credit at aa.com/refunds (refundable to original payment within 7 days). DM your record locator."
t1725,baggage,baggage,"@customer: @AmericanAir damaged suitcase on AA1295, claim process?",Sorry about your bag. Please file a report at aa.com/baggage within 4 hrs and track in the app; keep receipts for essentials. DM your tag/record locator.
t1726,checkin boarding,checkin_boarding,"@customer: @AmericanAir cant check in flight AA2073, app error, leaves in 2 hours","Check in from 24 hrs in the app; gates close 15 min before departure. Try app refresh, or kiosk with confirmation code. DM your record locator if still blocked."
t1727,flight delay,flight_delay,"@customer: @AmericanAir stuck at LAX, delay again, crew says 4hr wait, what now?",Sorry for the delay on AA1965. Please check live status in the American app and speak to the gate agent about rebooking/meal voucher if 3+ hrs (aa.com/manage). DM your record locator and I can walk you through options.
t1728,flight delay,flight_delay,"@customer: @AmericanAir stuck at DFW, delay again, crew says 5hr wait, what now?",Sorry for the delay on AA158. Please check live status in the American app and speak to the gate agent about rebooking/meal voucher if 3+ hrs (aa.com/manage). DM your record locator and I can walk you through options.
t1729,praise other,praise_other,@customer: do you fly to LAX direct from DFW?,Thanks for flying with us! Let us know if you need anything on AA2687.
t1730,praise other,praise_other,@customer: do you fly to PHX direct from DFW?,Thanks for flying with us! Let us know if you need anything on AA2891.
t1731,booking change,booking_change,"@customer: change name spelling on reservation 22D7QJ, how?",You can change most main-cabin+ tickets at aa.com/manage (fare difference may apply). DM your record locator and new date and I will outline exact steps.
t1732,flight delay,flight_delay,"@customer: @AmericanAir flight AA2864 delayed 5hrs, will I miss my connection in LAX?",Sorry for the delay on AA2864. Please check live status in the American app and speak to the gate agent about rebooking/meal voucher if 3+ hrs (aa.com/manage). DM your record locator and I can walk you through options.
t1733,baggage,baggage,"@customer: charged $75 bag fee but told free, flight AA1013, refund?",Sorry about your bag. Please file a report at aa.com/baggage within 4 hrs and track in the app; keep receipts for essentials. DM your tag/record locator.
t1734,refund compensation,refund_compensation,@customer: @AmericanAir want voucher for 5hr delay AA522 in ORD,"If we cancelled, you may choose refund or trip credit at aa.com/refunds (refundable to original payment within 7 days). DM your record locator."
t1735,checkin boarding,checkin_boarding,"@customer: @AmericanAir boarding pass wont load, gate 25 at ORD","Check in from 24 hrs in the app; gates close 15 min before departure. Try app refresh, or kiosk with confirmation code. DM your record locator if still blocked."
t1736,complaint service,complaint_service,"@customer: @AmericanAir crew on AA2078 was rude to my mother, unacceptable",I am sorry you experienced this on AA2078. I am escalating to a human specialist with a case number. Please DM your record locator + details.
t1737,loyalty account,loyalty_account,@customer: cant login aadvantage reset not working pls help asap,Miles post within 48 hrs; request missing miles at aa.com/missingmiles with ticket number. DM details (never share password).
t1738,loyalty account,loyalty_account,"@customer: @AmericanAir miles missing for flight AA1650, AAdvantage CU7B8D",Miles post within 48 hrs; request missing miles at aa.com/missingmiles with ticket number. DM details (never share password).
t1739,cancellation,cancellation,"@customer: @AmericanAir you cancelled flight AA557 to DCA today, need rebook ASAP",Sorry your flight AA557 was cancelled. You can rebook free on the next available American flight at aa.com/manage or in the app. DM your record locator for help.
t1740,cancellation,cancellation,"@customer: flight AA2944 cancelled, stranded in DCA tonight, help",Sorry your flight AA2944 was cancelled. You can rebook free on the next available American flight at aa.com/manage or in the app. DM your record locator for help.
t1741,refund compensation,refund_compensation,"@customer: trip credit not received for AA1067, booking UAEZQL","If we cancelled, you may choose refund or trip credit at aa.com/refunds (refundable to original payment within 7 days). DM your record locator."
t1742,checkin boarding,checkin_boarding,@customer: what gate for AA1853 at PHX? boarding group 4 when?,"Check in from 24 hrs in the app; gates close 15 min before departure. Try app refresh, or kiosk with confirmation code. DM your record locator if still blocked."
t1743,refund compensation,refund_compensation,@customer: @AmericanAir want voucher for 5hr delay AA2718 in LAX,"If we cancelled, you may choose refund or trip credit at aa.com/refunds (refundable to original payment within 7 days). DM your record locator."
t1744,flight delay,flight_delay,@customer: aa aa851 delayed need hotel tonight in mia who pays? pls help asap,Sorry for the delay on AA851. Please check live status in the American app and speak to the gate agent about rebooking/meal voucher if 3+ hrs (aa.com/manage). DM your record locator and I can walk you through options.
t1745,booking change,booking_change,"@customer: @AmericanAir need to change flight AA360 to tomorrow, fare difference?",You can change most main-cabin+ tickets at aa.com/manage (fare difference may apply). DM your record locator and new date and I will outline exact steps.
t1746,checkin boarding,checkin_boarding,@customer: what gate for AA1165 at DFW? boarding group 4 when?,"Check in from 24 hrs in the app; gates close 15 min before departure. Try app refresh, or kiosk with confirmation code. DM your record locator if still blocked."
t1747,refund compensation,refund_compensation,@customer: @AmericanAir want voucher for 5hr delay AA2773 in LAX,"If we cancelled, you may choose refund or trip credit at aa.com/refunds (refundable to original payment within 7 days). DM your record locator."
t1748,baggage,baggage,@customer: damaged suitcase on aa1789 claim process? pls help asap,Sorry about your bag. Please file a report at aa.com/baggage within 4 hrs and track in the app; keep receipts for essentials. DM your tag/record locator.
t1749,praise other,praise_other,@customer: do you fly to CLT direct from DFW?,Thanks for flying with us! Let us know if you need anything on AA613.
t1750,praise other,praise_other,@customer: do you fly to ORD direct from DFW?,Thanks for flying with us! Let us know if you need anything on AA2585.
t1751,flight delay,flight_delay,"@customer: @AmericanAir flight AA2507 delayed 1hrs, will I miss my connection in CLT?",Sorry for the delay on AA2507. Please check live status in the American app and speak to the gate agent about rebooking/meal voucher if 3+ hrs (aa.com/manage). DM your record locator and I can walk you through options.
t1752,praise other,praise_other,"@customer: @AmericanAir love the new app, smooth checkin",Thanks for flying with us! Let us know if you need anything on AA1659.
t1753,booking change,booking_change,@customer: need to change flight aa905 to tomorrow fare difference? pls help asap,You can change most main-cabin+ tickets at aa.com/manage (fare difference may apply). DM your record locator and new date and I will outline exact steps.
t1754,loyalty account,loyalty_account,"@customer: @AmericanAir miles missing for flight AA917, AAdvantage BZJB46",Miles post within 48 hrs; request missing miles at aa.com/missingmiles with ticket number. DM details (never share password).
t1755,refund compensation,refund_compensation,@customer: @AmericanAir want voucher for 5hr delay AA940 in JFK,"If we cancelled, you may choose refund or trip credit at aa.com/refunds (refundable to original payment within 7 days). DM your record locator."
t1756,cancellation,cancellation,"@customer: @AmericanAir you cancelled flight AA2553 to LAX today, need rebook ASAP",Sorry your flight AA2553 was cancelled. You can rebook free on the next available American flight at aa.com/manage or in the app. DM your record locator for help.
t1757,baggage,baggage,@customer: damaged suitcase on aa2386 claim process? pls help asap,Sorry about your bag. Please file a report at aa.com/baggage within 4 hrs and track in the app; keep receipts for essentials. DM your tag/record locator.
t1758,booking change,booking_change,@customer: can i switch seat / add bag on booking u62qbc? pls help asap,You can change most main-cabin+ tickets at aa.com/manage (fare difference may apply). DM your record locator and new date and I will outline exact steps.
t1759,booking change,booking_change,"@customer: change name spelling on reservation B8Q6GX, how?",You can change most main-cabin+ tickets at aa.com/manage (fare difference may apply). DM your record locator and new date and I will outline exact steps.
t1760,checkin boarding,checkin_boarding,@customer: what gate for AA1717 at PHX? boarding group 4 when?,"Check in from 24 hrs in the app; gates close 15 min before departure. Try app refresh, or kiosk with confirmation code. DM your record locator if still blocked."
t1761,flight delay,flight_delay,@customer: aa aa109 delayed need hotel tonight in dca who pays? pls help asap,Sorry for the delay on AA109. Please check live status in the American app and speak to the gate agent about rebooking/meal voucher if 3+ hrs (aa.com/manage). DM your record locator and I can walk you through options.
t1762,loyalty account,loyalty_account,@customer: gold status not showing flight aa177 tomorrow pls help asap,Miles post within 48 hrs; request missing miles at aa.com/missingmiles with ticket number. DM details (never share password).
t1763,loyalty account,loyalty_account,"@customer: @AmericanAir cant login AAdvantage, reset not working",Miles post within 48 hrs; request missing miles at aa.com/missingmiles with ticket number. DM details (never share password).
t1764,loyalty account,loyalty_account,"@customer: @AmericanAir cant login AAdvantage, reset not working",Miles post within 48 hrs; request missing miles at aa.com/missingmiles with ticket number. DM details (never share password).
t1765,complaint service,complaint_service,"@customer: @AmericanAir crew on AA877 was rude to my mother, unacceptable",I am sorry you experienced this on AA877. I am escalating to a human specialist with a case number. Please DM your record locator + details.
t1766,checkin boarding,checkin_boarding,"@customer: @AmericanAir cant check in flight AA2787, app error, leaves in 2 hours","Check in from 24 hrs in the app; gates close 15 min before departure. Try app refresh, or kiosk with confirmation code. DM your record locator if still blocked."
t1767,flight delay,flight_delay,"@customer: @AmericanAir flight AA2331 delayed 1hrs, will I miss my connection in DFW?",Sorry for the delay on AA2331. Please check live status in the American app and speak to the gate agent about rebooking/meal voucher if 3+ hrs (aa.com/manage). DM your record locator and I can walk you through options.
t1768,praise other,praise_other,@customer: do you fly to MIA direct from DFW?,Thanks for flying with us! Let us know if you need anything on AA2473.
t1769,checkin boarding,checkin_boarding,@customer: cant check in flight aa2602 app error leaves in 2 hours pls help asap,"Check in from 24 hrs in the app; gates close 15 min before departure. Try app refresh, or kiosk with confirmation code. DM your record locator if still blocked."
t1770,loyalty account,loyalty_account,"@customer: @AmericanAir miles missing for flight AA1407, AAdvantage EGL2V9",Miles post within 48 hrs; request missing miles at aa.com/missingmiles with ticket number. DM details (never share password).
t1771,praise other,praise_other,@customer: do you fly to PHX direct from DFW?,Thanks for flying with us! Let us know if you need anything on AA2608.
t1772,booking change,booking_change,@customer: @AmericanAir can I switch seat / add bag on booking KCBMPT?,You can change most main-cabin+ tickets at aa.com/manage (fare difference may apply). DM your record locator and new date and I will outline exact steps.
t1773,checkin boarding,checkin_boarding,@customer: boarding pass wont load gate 2 at dfw pls help asap,"Check in from 24 hrs in the app; gates close 15 min before departure. Try app refresh, or kiosk with confirmation code. DM your record locator if still blocked."
t1774,checkin boarding,checkin_boarding,"@customer: @AmericanAir cant check in flight AA991, app error, leaves in 2 hours","Check in from 24 hrs in the app; gates close 15 min before departure. Try app refresh, or kiosk with confirmation code. DM your record locator if still blocked."
t1775,praise other,praise_other,@customer: love the new app smooth checkin pls help asap,Thanks for flying with us! Let us know if you need anything on AA332.
t1776,baggage,baggage,"@customer: @AmericanAir bag missing since yesterday flight AA1085 at DCA, tag DU8ZUV",Sorry about your bag. Please file a report at aa.com/baggage within 4 hrs and track in the app; keep receipts for essentials. DM your tag/record locator.
t1777,complaint service,complaint_service,"@customer: never flying again, worst service AA2031, filing DOT complaint",I am sorry you experienced this on AA2031. I am escalating to a human specialist with a case number. Please DM your record locator + details.
t1778,checkin boarding,checkin_boarding,@customer: what gate for AA1414 at LAX? boarding group 4 when?,"Check in from 24 hrs in the app; gates close 15 min before departure. Try app refresh, or kiosk with confirmation code. DM your record locator if still blocked."
t1779,complaint service,complaint_service,"@customer: @AmericanAir crew on AA329 was rude to my mother, unacceptable",I am sorry you experienced this on AA329. I am escalating to a human specialist with a case number. Please DM your record locator + details.
t1780,booking change,booking_change,"@customer: @AmericanAir need to change flight AA1880 to tomorrow, fare difference?",You can change most main-cabin+ tickets at aa.com/manage (fare difference may apply). DM your record locator and new date and I will outline exact steps.
t1781,cancellation,cancellation,"@customer: @AmericanAir you cancelled flight AA1391 to DFW today, need rebook ASAP",Sorry your flight AA1391 was cancelled. You can rebook free on the next available American flight at aa.com/manage or in the app. DM your record locator for help.
t1782,booking change,booking_change,"@customer: change name spelling on reservation HX6P6G, how?",You can change most main-cabin+ tickets at aa.com/manage (fare difference may apply). DM your record locator and new date and I will outline exact steps.
t1783,praise other,praise_other,"@customer: @AmericanAir thanks crew on AA1604, great landing in MIA!",Thanks for flying with us! Let us know if you need anything on AA1604.
t1784,complaint service,complaint_service,"@customer: @AmericanAir crew on AA1675 was rude to my mother, unacceptable",I am sorry you experienced this on AA1675. I am escalating to a human specialist with a case number. Please DM your record locator + details.
t1785,checkin boarding,checkin_boarding,@customer: what gate for AA1537 at ORD? boarding group 4 when?,"Check in from 24 hrs in the app; gates close 15 min before departure. Try app refresh, or kiosk with confirmation code. DM your record locator if still blocked."
t1786,baggage,baggage,"@customer: @AmericanAir damaged suitcase on AA2621, claim process?",Sorry about your bag. Please file a report at aa.com/baggage within 4 hrs and track in the app; keep receipts for essentials. DM your tag/record locator.
t1787,loyalty account,loyalty_account,"@customer: gold status not showing, flight AA1035 tomorrow",Miles post within 48 hrs; request missing miles at aa.com/missingmiles with ticket number. DM details (never share password).
t1788,booking change,booking_change,@customer: @AmericanAir can I switch seat / add bag on booking R47FXV?,You can change most main-cabin+ tickets at aa.com/manage (fare difference may apply). DM your record locator and new date and I will outline exact steps.
t1789,loyalty account,loyalty_account,"@customer: gold status not showing, flight AA2564 tomorrow",Miles post within 48 hrs; request missing miles at aa.com/missingmiles with ticket number. DM details (never share password).
t1790,complaint service,complaint_service,"@customer: @AmericanAir crew on AA2010 was rude to my mother, unacceptable",I am sorry you experienced this on AA2010. I am escalating to a human specialist with a case number. Please DM your record locator + details.
t1791,loyalty account,loyalty_account,"@customer: @AmericanAir miles missing for flight AA247, AAdvantage TKAHP7",Miles post within 48 hrs; request missing miles at aa.com/missingmiles with ticket number. DM details (never share password).
t1792,loyalty account,loyalty_account,"@customer: @AmericanAir miles missing for flight AA2200, AAdvantage RWG4N4",Miles post within 48 hrs; request missing miles at aa.com/missingmiles with ticket number. DM details (never share password).
t1793,baggage,baggage,"@customer: @AmericanAir damaged suitcase on AA408, claim process?",Sorry about your bag. Please file a report at aa.com/baggage within 4 hrs and track in the app; keep receipts for essentials. DM your tag/record locator.
t1794,praise other,praise_other,"@customer: @AmericanAir thanks crew on AA179, great landing in ORD!",Thanks for flying with us! Let us know if you need anything on AA179.
t1795,loyalty account,loyalty_account,"@customer: gold status not showing, flight AA120 tomorrow",Miles post within 48 hrs; request missing miles at aa.com/missingmiles with ticket number. DM details (never share password).
t1796,flight delay,flight_delay,"@customer: AA AA1406 delayed, need hotel tonight in CLT, who pays?",Sorry for the delay on AA1406. Please check live status in the American app and speak to the gate agent about rebooking/meal voucher if 3+ hrs (aa.com/manage). DM your record locator and I can walk you through options.
t1797,loyalty account,loyalty_account,@customer: miles missing for flight aa2516 aadvantage zwlxku pls help asap,Miles post within 48 hrs; request missing miles at aa.com/missingmiles with ticket number. DM details (never share password).
t1798,loyalty account,loyalty_account,"@customer: @AmericanAir cant login AAdvantage, reset not working",Miles post within 48 hrs; request missing miles at aa.com/missingmiles with ticket number. DM details (never share password).
t1799,booking change,booking_change,@customer: need to change flight aa450 to tomorrow fare difference? pls help asap,You can change most main-cabin+ tickets at aa.com/manage (fare difference may apply). DM your record locator and new date and I will outline exact steps.
t1800,loyalty account,loyalty_account,"@customer: @AmericanAir miles missing for flight AA1609, AAdvantage CDKVVJ",Miles post within 48 hrs; request missing miles at aa.com/missingmiles with ticket number. DM details (never share password).
t1801,checkin boarding,checkin_boarding,"@customer: @AmericanAir boarding pass wont load, gate 46 at ORD","Check in from 24 hrs in the app; gates close 15 min before departure. Try app refresh, or kiosk with confirmation code. DM your record locator if still blocked."
t1802,flight delay,flight_delay,"@customer: AA AA382 delayed, need hotel tonight in LAX, who pays?",Sorry for the delay on AA382. Please check live status in the American app and speak to the gate agent about rebooking/meal voucher if 3+ hrs (aa.com/manage). DM your record locator and I can walk you through options.
t1803,checkin boarding,checkin_boarding,"@customer: @AmericanAir cant check in flight AA2336, app error, leaves in 2 hours","Check in from 24 hrs in the app; gates close 15 min before departure. Try app refresh, or kiosk with confirmation code. DM your record locator if still blocked."
t1804,baggage,baggage,"@customer: @AmericanAir damaged suitcase on AA2383, claim process?",Sorry about your bag. Please file a report at aa.com/baggage within 4 hrs and track in the app; keep receipts for essentials. DM your tag/record locator.
t1805,refund compensation,refund_compensation,@customer: @AmericanAir refund for cancelled AA2289? nonrefundable but you cancelled,"If we cancelled, you may choose refund or trip credit at aa.com/refunds (refundable to original payment within 7 days). DM your record locator."
t1806,loyalty account,loyalty_account,"@customer: @AmericanAir miles missing for flight AA2644, AAdvantage NTQM82",Miles post within 48 hrs; request missing miles at aa.com/missingmiles with ticket number. DM details (never share password).
t1807,baggage,baggage,@customer: damaged suitcase on aa1689 claim process? pls help asap,Sorry about your bag. Please file a report at aa.com/baggage within 4 hrs and track in the app; keep receipts for essentials. DM your tag/record locator.
t1808,baggage,baggage,@customer: bag missing since yesterday flight aa428 at jfk tag qmpc6t pls help asap,Sorry about your bag. Please file a report at aa.com/baggage within 4 hrs and track in the app; keep receipts for essentials. DM your tag/record locator.
t1809,complaint service,complaint_service,"@customer: @AmericanAir discriminated at gate JFK, want supervisor + case",I am sorry you experienced this on AA2417. I am escalating to a human specialist with a case number. Please DM your record locator + details.
t1810,booking change,booking_change,"@customer: @AmericanAir need to change flight AA2930 to tomorrow, fare difference?",You can change most main-cabin+ tickets at aa.com/manage (fare difference may apply). DM your record locator and new date and I will outline exact steps.
t1811,flight delay,flight_delay,"@customer: @AmericanAir stuck at JFK, delay again, crew says 6hr wait, what now?",Sorry for the delay on AA1784. Please check live status in the American app and speak to the gate agent about rebooking/meal voucher if 3+ hrs (aa.com/manage). DM your record locator and I can walk you through options.
t1812,complaint service,complaint_service,"@customer: @AmericanAir discriminated at gate CLT, want supervisor + case",I am sorry you experienced this on AA635. I am escalating to a human specialist with a case number. Please DM your record locator + details.
t1813,flight delay,flight_delay,"@customer: @AmericanAir flight AA2720 delayed 6hrs, will I miss my connection in CLT?",Sorry for the delay on AA2720. Please check live status in the American app and speak to the gate agent about rebooking/meal voucher if 3+ hrs (aa.com/manage). DM your record locator and I can walk you through options.
t1814,complaint service,complaint_service,"@customer: @AmericanAir discriminated at gate DFW, want supervisor + case",I am sorry you experienced this on AA429. I am escalating to a human specialist with a case number. Please DM your record locator + details.
t1815,flight delay,flight_delay,@customer: flight aa2908 delayed 2hrs will i miss my connection in dfw? pls help asap,Sorry for the delay on AA2908. Please check live status in the American app and speak to the gate agent about rebooking/meal voucher if 3+ hrs (aa.com/manage). DM your record locator and I can walk you through options.
t1816,checkin boarding,checkin_boarding,@customer: what gate for AA1553 at PHX? boarding group 4 when?,"Check in from 24 hrs in the app; gates close 15 min before departure. Try app refresh, or kiosk with confirmation code. DM your record locator if still blocked."
t1817,loyalty account,loyalty_account,"@customer: gold status not showing, flight AA1423 tomorrow",Miles post within 48 hrs; request missing miles at aa.com/missingmiles with ticket number. DM details (never share password).
t1818,loyalty account,loyalty_account,"@customer: @AmericanAir miles missing for flight AA1688, AAdvantage RVQXCS",Miles post within 48 hrs; request missing miles at aa.com/missingmiles with ticket number. DM details (never share password).
t1819,praise other,praise_other,@customer: do you fly to ORD direct from DFW?,Thanks for flying with us! Let us know if you need anything on AA1241.
t1820,flight delay,flight_delay,"@customer: @AmericanAir flight AA1816 delayed 2hrs, will I miss my connection in MIA?",Sorry for the delay on AA1816. Please check live status in the American app and speak to the gate agent about rebooking/meal voucher if 3+ hrs (aa.com/manage). DM your record locator and I can walk you through options.
t1821,loyalty account,loyalty_account,"@customer: @AmericanAir miles missing for flight AA2348, AAdvantage M8XVDY",Miles post within 48 hrs; request missing miles at aa.com/missingmiles with ticket number. DM details (never share password).
t1822,loyalty account,loyalty_account,"@customer: @AmericanAir miles missing for flight AA2363, AAdvantage FGQVDS",Miles post within 48 hrs; request missing miles at aa.com/missingmiles with ticket number. DM details (never share password).
t1823,flight delay,flight_delay,@customer: stuck at ord delay again crew says 6hr wait what now? pls help asap,Sorry for the delay on AA663. Please check live status in the American app and speak to the gate agent about rebooking/meal voucher if 3+ hrs (aa.com/manage). DM your record locator and I can walk you through options.
t1824,refund compensation,refund_compensation,"@customer: trip credit not received for AA961, booking DC6MDW","If we cancelled, you may choose refund or trip credit at aa.com/refunds (refundable to original payment within 7 days). DM your record locator."
t1825,cancellation,cancellation,"@customer: @AmericanAir cancelled on me at gate MIA, rebook options?",Sorry your flight AA713 was cancelled. You can rebook free on the next available American flight at aa.com/manage or in the app. DM your record locator for help.
t1826,cancellation,cancellation,@customer: flight aa2967 cancelled stranded in dca tonight help pls help asap,Sorry your flight AA2967 was cancelled. You can rebook free on the next available American flight at aa.com/manage or in the app. DM your record locator for help.
t1827,baggage,baggage,"@customer: charged $75 bag fee but told free, flight AA1217, refund?",Sorry about your bag. Please file a report at aa.com/baggage within 4 hrs and track in the app; keep receipts for essentials. DM your tag/record locator.
t1828,loyalty account,loyalty_account,"@customer: @AmericanAir cant login AAdvantage, reset not working",Miles post within 48 hrs; request missing miles at aa.com/missingmiles with ticket number. DM details (never share password).
t1829,flight delay,flight_delay,"@customer: @AmericanAir stuck at MIA, delay again, crew says 1hr wait, what now?",Sorry for the delay on AA2624. Please check live status in the American app and speak to the gate agent about rebooking/meal voucher if 3+ hrs (aa.com/manage). DM your record locator and I can walk you through options.
t1830,complaint service,complaint_service,"@customer: never flying again, worst service AA2286, filing DOT complaint",I am sorry you experienced this on AA2286. I am escalating to a human specialist with a case number. Please DM your record locator + details.
t1831,booking change,booking_change,"@customer: @AmericanAir need to change flight AA1083 to tomorrow, fare difference?",You can change most main-cabin+ tickets at aa.com/manage (fare difference may apply). DM your record locator and new date and I will outline exact steps.
t1832,checkin boarding,checkin_boarding,"@customer: @AmericanAir cant check in flight AA1206, app error, leaves in 2 hours","Check in from 24 hrs in the app; gates close 15 min before departure. Try app refresh, or kiosk with confirmation code. DM your record locator if still blocked."
t1833,loyalty account,loyalty_account,"@customer: gold status not showing, flight AA963 tomorrow",Miles post within 48 hrs; request missing miles at aa.com/missingmiles with ticket number. DM details (never share password).
t1834,refund compensation,refund_compensation,"@customer: trip credit not received for AA685, booking QNJ7KR","If we cancelled, you may choose refund or trip credit at aa.com/refunds (refundable to original payment within 7 days). DM your record locator."
t1835,loyalty account,loyalty_account,"@customer: @AmericanAir cant login AAdvantage, reset not working",Miles post within 48 hrs; request missing miles at aa.com/missingmiles with ticket number. DM details (never share password).
t1836,baggage,baggage,"@customer: @AmericanAir bag missing since yesterday flight AA2192 at DCA, tag XTGCLC",Sorry about your bag. Please file a report at aa.com/baggage within 4 hrs and track in the app; keep receipts for essentials. DM your tag/record locator.
t1837,cancellation,cancellation,"@customer: @AmericanAir cancelled on me at gate LAX, rebook options?",Sorry your flight AA1051 was cancelled. You can rebook free on the next available American flight at aa.com/manage or in the app. DM your record locator for help.
t1838,refund compensation,refund_compensation,@customer: @AmericanAir refund for cancelled AA448? nonrefundable but you cancelled,"If we cancelled, you may choose refund or trip credit at aa.com/refunds (refundable to original payment within 7 days). DM your record locator."
t1839,complaint service,complaint_service,"@customer: @AmericanAir discriminated at gate LAX, want supervisor + case",I am sorry you experienced this on AA986. I am escalating to a human specialist with a case number. Please DM your record locator + details.
t1840,refund compensation,refund_compensation,@customer: @AmericanAir want voucher for 5hr delay AA2554 in JFK,"If we cancelled, you may choose refund or trip credit at aa.com/refunds (refundable to original payment within 7 days). DM your record locator."
t1841,refund compensation,refund_compensation,@customer: @AmericanAir refund for cancelled AA1898? nonrefundable but you cancelled,"If we cancelled, you may choose refund or trip credit at aa.com/refunds (refundable to original payment within 7 days). DM your record locator."
t1842,complaint service,complaint_service,"@customer: @AmericanAir crew on AA932 was rude to my mother, unacceptable",I am sorry you experienced this on AA932. I am escalating to a human specialist with a case number. Please DM your record locator + details.
t1843,praise other,praise_other,"@customer: @AmericanAir thanks crew on AA2169, great landing in LAX!",Thanks for flying with us! Let us know if you need anything on AA2169.
t1844,cancellation,cancellation,"@customer: @AmericanAir cancelled on me at gate CLT, rebook options?",Sorry your flight AA669 was cancelled. You can rebook free on the next available American flight at aa.com/manage or in the app. DM your record locator for help.
t1845,booking change,booking_change,"@customer: change name spelling on reservation 3EL5YD, how?",You can change most main-cabin+ tickets at aa.com/manage (fare difference may apply). DM your record locator and new date and I will outline exact steps.
t1846,praise other,praise_other,"@customer: @AmericanAir love the new app, smooth checkin",Thanks for flying with us! Let us know if you need anything on AA1801.
t1847,complaint service,complaint_service,"@customer: @AmericanAir crew on AA2261 was rude to my mother, unacceptable",I am sorry you experienced this on AA2261. I am escalating to a human specialist with a case number. Please DM your record locator + details.
t1848,praise other,praise_other,"@customer: @AmericanAir thanks crew on AA1857, great landing in MIA!",Thanks for flying with us! Let us know if you need anything on AA1857.
t1849,complaint service,complaint_service,"@customer: @AmericanAir crew on AA1513 was rude to my mother, unacceptable",I am sorry you experienced this on AA1513. I am escalating to a human specialist with a case number. Please DM your record locator + details.
t1850,refund compensation,refund_compensation,@customer: @AmericanAir refund for cancelled AA1155? nonrefundable but you cancelled,"If we cancelled, you may choose refund or trip credit at aa.com/refunds (refundable to original payment within 7 days). DM your record locator."
t1851,flight delay,flight_delay,"@customer: @AmericanAir stuck at PHX, delay again, crew says 1hr wait, what now?",Sorry for the delay on AA2896. Please check live status in the American app and speak to the gate agent about rebooking/meal voucher if 3+ hrs (aa.com/manage). DM your record locator and I can walk you through options.
t1852,refund compensation,refund_compensation,@customer: @AmericanAir refund for cancelled AA2723? nonrefundable but you cancelled,"If we cancelled, you may choose refund or trip credit at aa.com/refunds (refundable to original payment within 7 days). DM your record locator."
t1853,checkin boarding,checkin_boarding,@customer: what gate for AA1466 at ORD? boarding group 4 when?,"Check in from 24 hrs in the app; gates close 15 min before departure. Try app refresh, or kiosk with confirmation code. DM your record locator if still blocked."
t1854,flight delay,flight_delay,"@customer: AA AA1433 delayed, need hotel tonight in JFK, who pays?",Sorry for the delay on AA1433. Please check live status in the American app and speak to the gate agent about rebooking/meal voucher if 3+ hrs (aa.com/manage). DM your record locator and I can walk you through options.
t1855,praise other,praise_other,"@customer: @AmericanAir thanks crew on AA190, great landing in PHX!",Thanks for flying with us! Let us know if you need anything on AA190.
t1856,cancellation,cancellation,@customer: cancelled on me at gate dca rebook options? pls help asap,Sorry your flight AA2071 was cancelled. You can rebook free on the next available American flight at aa.com/manage or in the app. DM your record locator for help.
t1857,checkin boarding,checkin_boarding,@customer: what gate for AA2447 at ORD? boarding group 4 when?,"Check in from 24 hrs in the app; gates close 15 min before departure. Try app refresh, or kiosk with confirmation code. DM your record locator if still blocked."
t1858,baggage,baggage,"@customer: @AmericanAir damaged suitcase on AA923, claim process?",Sorry about your bag. Please file a report at aa.com/baggage within 4 hrs and track in the app; keep receipts for essentials. DM your tag/record locator.
t1859,booking change,booking_change,@customer: change name spelling on reservation msr4uq how? pls help asap,You can change most main-cabin+ tickets at aa.com/manage (fare difference may apply). DM your record locator and new date and I will outline exact steps.
t1860,cancellation,cancellation,"@customer: flight AA1007 cancelled, stranded in LAX tonight, help",Sorry your flight AA1007 was cancelled. You can rebook free on the next available American flight at aa.com/manage or in the app. DM your record locator for help.
t1861,praise other,praise_other,"@customer: @AmericanAir love the new app, smooth checkin",Thanks for flying with us! Let us know if you need anything on AA2562.
t1862,loyalty account,loyalty_account,"@customer: gold status not showing, flight AA2446 tomorrow",Miles post within 48 hrs; request missing miles at aa.com/missingmiles with ticket number. DM details (never share password).
t1863,baggage,baggage,"@customer: @AmericanAir damaged suitcase on AA2848, claim process?",Sorry about your bag. Please file a report at aa.com/baggage within 4 hrs and track in the app; keep receipts for essentials. DM your tag/record locator.
t1864,cancellation,cancellation,"@customer: flight AA1365 cancelled, stranded in LAX tonight, help",Sorry your flight AA1365 was cancelled. You can rebook free on the next available American flight at aa.com/manage or in the app. DM your record locator for help.
t1865,loyalty account,loyalty_account,"@customer: @AmericanAir miles missing for flight AA2381, AAdvantage F9XGR8",Miles post within 48 hrs; request missing miles at aa.com/missingmiles with ticket number. DM details (never share password).
t1866,refund compensation,refund_compensation,@customer: @AmericanAir want voucher for 5hr delay AA105 in DCA,"If we cancelled, you may choose refund or trip credit at aa.com/refunds (refundable to original payment within 7 days). DM your record locator."
t1867,baggage,baggage,"@customer: @AmericanAir bag missing since yesterday flight AA701 at JFK, tag QTEEE5",Sorry about your bag. Please file a report at aa.com/baggage within 4 hrs and track in the app; keep receipts for essentials. DM your tag/record locator.
t1868,complaint service,complaint_service,"@customer: never flying again, worst service AA1434, filing DOT complaint",I am sorry you experienced this on AA1434. I am escalating to a human specialist with a case number. Please DM your record locator + details.
t1869,praise other,praise_other,"@customer: @AmericanAir thanks crew on AA1459, great landing in LAX!",Thanks for flying with us! Let us know if you need anything on AA1459.
t1870,loyalty account,loyalty_account,"@customer: @AmericanAir miles missing for flight AA2029, AAdvantage UJ42HR",Miles post within 48 hrs; request missing miles at aa.com/missingmiles with ticket number. DM details (never share password).
t1871,baggage,baggage,"@customer: charged $75 bag fee but told free, flight AA643, refund?",Sorry about your bag. Please file a report at aa.com/baggage within 4 hrs and track in the app; keep receipts for essentials. DM your tag/record locator.
t1872,checkin boarding,checkin_boarding,"@customer: @AmericanAir cant check in flight AA2841, app error, leaves in 2 hours","Check in from 24 hrs in the app; gates close 15 min before departure. Try app refresh, or kiosk with confirmation code. DM your record locator if still blocked."
t1873,cancellation,cancellation,"@customer: @AmericanAir cancelled on me at gate MIA, rebook options?",Sorry your flight AA2922 was cancelled. You can rebook free on the next available American flight at aa.com/manage or in the app. DM your record locator for help.
t1874,loyalty account,loyalty_account,"@customer: @AmericanAir miles missing for flight AA2737, AAdvantage Y24NL4",Miles post within 48 hrs; request missing miles at aa.com/missingmiles with ticket number. DM details (never share password).
t1875,complaint service,complaint_service,"@customer: never flying again, worst service AA1129, filing DOT complaint",I am sorry you experienced this on AA1129. I am escalating to a human specialist with a case number. Please DM your record locator + details.
t1876,flight delay,flight_delay,"@customer: AA AA817 delayed, need hotel tonight in MIA, who pays?",Sorry for the delay on AA817. Please check live status in the American app and speak to the gate agent about rebooking/meal voucher if 3+ hrs (aa.com/manage). DM your record locator and I can walk you through options.
t1877,baggage,baggage,"@customer: charged $75 bag fee but told free, flight AA2643, refund?",Sorry about your bag. Please file a report at aa.com/baggage within 4 hrs and track in the app; keep receipts for essentials. DM your tag/record locator.
t1878,baggage,baggage,"@customer: charged $75 bag fee but told free, flight AA2840, refund?",Sorry about your bag. Please file a report at aa.com/baggage within 4 hrs and track in the app; keep receipts for essentials. DM your tag/record locator.
t1879,cancellation,cancellation,"@customer: flight AA852 cancelled, stranded in CLT tonight, help",Sorry your flight AA852 was cancelled. You can rebook free on the next available American flight at aa.com/manage or in the app. DM your record locator for help.
t1880,baggage,baggage,"@customer: charged $75 bag fee but told free, flight AA1748, refund?",Sorry about your bag. Please file a report at aa.com/baggage within 4 hrs and track in the app; keep receipts for essentials. DM your tag/record locator.
t1881,flight delay,flight_delay,"@customer: AA AA2726 delayed, need hotel tonight in JFK, who pays?",Sorry for the delay on AA2726. Please check live status in the American app and speak to the gate agent about rebooking/meal voucher if 3+ hrs (aa.com/manage). DM your record locator and I can walk you through options.
t1882,booking change,booking_change,@customer: @AmericanAir can I switch seat / add bag on booking 4EL2YF?,You can change most main-cabin+ tickets at aa.com/manage (fare difference may apply). DM your record locator and new date and I will outline exact steps.
t1883,baggage,baggage,"@customer: charged $75 bag fee but told free, flight AA2538, refund?",Sorry about your bag. Please file a report at aa.com/baggage within 4 hrs and track in the app; keep receipts for essentials. DM your tag/record locator.
t1884,booking change,booking_change,"@customer: @AmericanAir need to change flight AA2673 to tomorrow, fare difference?",You can change most main-cabin+ tickets at aa.com/manage (fare difference may apply). DM your record locator and new date and I will outline exact steps.
t1885,refund compensation,refund_compensation,"@customer: trip credit not received for AA2192, booking AQJTVQ","If we cancelled, you may choose refund or trip credit at aa.com/refunds (refundable to original payment within 7 days). DM your record locator."
t1886,complaint service,complaint_service,@customer: discriminated at gate mia want supervisor + case pls help asap,I am sorry you experienced this on AA1239. I am escalating to a human specialist with a case number. Please DM your record locator + details.
t1887,checkin boarding,checkin_boarding,@customer: what gate for AA622 at ORD? boarding group 4 when?,"Check in from 24 hrs in the app; gates close 15 min before departure. Try app refresh, or kiosk with confirmation code. DM your record locator if still blocked."
t1888,praise other,praise_other,"@customer: @AmericanAir thanks crew on AA1255, great landing in CLT!",Thanks for flying with us! Let us know if you need anything on AA1255.
t1889,booking change,booking_change,"@customer: change name spelling on reservation BMJ7WX, how?",You can change most main-cabin+ tickets at aa.com/manage (fare difference may apply). DM your record locator and new date and I will outline exact steps.
t1890,baggage,baggage,"@customer: @AmericanAir damaged suitcase on AA1187, claim process?",Sorry about your bag. Please file a report at aa.com/baggage within 4 hrs and track in the app; keep receipts for essentials. DM your tag/record locator.
t1891,flight delay,flight_delay,"@customer: @AmericanAir stuck at CLT, delay again, crew says 3hr wait, what now?",Sorry for the delay on AA2349. Please check live status in the American app and speak to the gate agent about rebooking/meal voucher if 3+ hrs (aa.com/manage). DM your record locator and I can walk you through options.
t1892,booking change,booking_change,@customer: @AmericanAir can I switch seat / add bag on booking 9UW3G8?,You can change most main-cabin+ tickets at aa.com/manage (fare difference may apply). DM your record locator and new date and I will outline exact steps.
t1893,baggage,baggage,"@customer: charged $75 bag fee but told free, flight AA1238, refund?",Sorry about your bag. Please file a report at aa.com/baggage within 4 hrs and track in the app; keep receipts for essentials. DM your tag/record locator.
t1894,flight delay,flight_delay,"@customer: AA AA1742 delayed, need hotel tonight in PHX, who pays?",Sorry for the delay on AA1742. Please check live status in the American app and speak to the gate agent about rebooking/meal voucher if 3+ hrs (aa.com/manage). DM your record locator and I can walk you through options.
t1895,booking change,booking_change,"@customer: change name spelling on reservation 6A2PKL, how?",You can change most main-cabin+ tickets at aa.com/manage (fare difference may apply). DM your record locator and new date and I will outline exact steps.
t1896,cancellation,cancellation,"@customer: @AmericanAir cancelled on me at gate ORD, rebook options?",Sorry your flight AA754 was cancelled. You can rebook free on the next available American flight at aa.com/manage or in the app. DM your record locator for help.
t1897,cancellation,cancellation,@customer: you cancelled flight aa721 to jfk today need rebook asap pls help asap,Sorry your flight AA721 was cancelled. You can rebook free on the next available American flight at aa.com/manage or in the app. DM your record locator for help.
t1898,checkin boarding,checkin_boarding,"@customer: @AmericanAir boarding pass wont load, gate 34 at MIA","Check in from 24 hrs in the app; gates close 15 min before departure. Try app refresh, or kiosk with confirmation code. DM your record locator if still blocked."
t1899,cancellation,cancellation,@customer: cancelled on me at gate phx rebook options? pls help asap,Sorry your flight AA1161 was cancelled. You can rebook free on the next available American flight at aa.com/manage or in the app. DM your record locator for help.
t1900,baggage,baggage,@customer: bag missing since yesterday flight aa1196 at phx tag jltszp pls help asap,Sorry about your bag. Please file a report at aa.com/baggage within 4 hrs and track in the app; keep receipts for essentials. DM your tag/record locator.
t1901,loyalty account,loyalty_account,"@customer: @AmericanAir cant login AAdvantage, reset not working",Miles post within 48 hrs; request missing miles at aa.com/missingmiles with ticket number. DM details (never share password).
t1902,baggage,baggage,"@customer: @AmericanAir damaged suitcase on AA2504, claim process?",Sorry about your bag. Please file a report at aa.com/baggage within 4 hrs and track in the app; keep receipts for essentials. DM your tag/record locator.
t1903,praise other,praise_other,@customer: thanks crew on aa2480 great landing in phx! pls help asap,Thanks for flying with us! Let us know if you need anything on AA2480.
t1904,refund compensation,refund_compensation,"@customer: trip credit not received for AA2706, booking 3VBJBX","If we cancelled, you may choose refund or trip credit at aa.com/refunds (refundable to original payment within 7 days). DM your record locator."
t1905,complaint service,complaint_service,"@customer: @AmericanAir crew on AA2247 was rude to my mother, unacceptable",I am sorry you experienced this on AA2247. I am escalating to a human specialist with a case number. Please DM your record locator + details.
t1906,complaint service,complaint_service,"@customer: @AmericanAir crew on AA2333 was rude to my mother, unacceptable",I am sorry you experienced this on AA2333. I am escalating to a human specialist with a case number. Please DM your record locator + details.
t1907,booking change,booking_change,@customer: can i switch seat / add bag on booking 2jky6g? pls help asap,You can change most main-cabin+ tickets at aa.com/manage (fare difference may apply). DM your record locator and new date and I will outline exact steps.
t1908,cancellation,cancellation,"@customer: @AmericanAir cancelled on me at gate MIA, rebook options?",Sorry your flight AA744 was cancelled. You can rebook free on the next available American flight at aa.com/manage or in the app. DM your record locator for help.
t1909,baggage,baggage,"@customer: charged $75 bag fee but told free, flight AA2598, refund?",Sorry about your bag. Please file a report at aa.com/baggage within 4 hrs and track in the app; keep receipts for essentials. DM your tag/record locator.
t1910,checkin boarding,checkin_boarding,"@customer: @AmericanAir boarding pass wont load, gate 6 at ORD","Check in from 24 hrs in the app; gates close 15 min before departure. Try app refresh, or kiosk with confirmation code. DM your record locator if still blocked."
t1911,flight delay,flight_delay,"@customer: AA AA483 delayed, need hotel tonight in CLT, who pays?",Sorry for the delay on AA483. Please check live status in the American app and speak to the gate agent about rebooking/meal voucher if 3+ hrs (aa.com/manage). DM your record locator and I can walk you through options.
t1912,praise other,praise_other,"@customer: @AmericanAir thanks crew on AA2498, great landing in DFW!",Thanks for flying with us! Let us know if you need anything on AA2498.
t1913,flight delay,flight_delay,"@customer: @AmericanAir flight AA1463 delayed 1hrs, will I miss my connection in PHX?",Sorry for the delay on AA1463. Please check live status in the American app and speak to the gate agent about rebooking/meal voucher if 3+ hrs (aa.com/manage). DM your record locator and I can walk you through options.
t1914,refund compensation,refund_compensation,@customer: @AmericanAir want voucher for 5hr delay AA2056 in DFW,"If we cancelled, you may choose refund or trip credit at aa.com/refunds (refundable to original payment within 7 days). DM your record locator."
t1915,refund compensation,refund_compensation,@customer: @AmericanAir want voucher for 5hr delay AA1650 in ORD,"If we cancelled, you may choose refund or trip credit at aa.com/refunds (refundable to original payment within 7 days). DM your record locator."
t1916,praise other,praise_other,@customer: do you fly to CLT direct from DFW?,Thanks for flying with us! Let us know if you need anything on AA1464.
t1917,flight delay,flight_delay,"@customer: @AmericanAir stuck at MIA, delay again, crew says 2hr wait, what now?",Sorry for the delay on AA189. Please check live status in the American app and speak to the gate agent about rebooking/meal voucher if 3+ hrs (aa.com/manage). DM your record locator and I can walk you through options.
t1918,loyalty account,loyalty_account,"@customer: gold status not showing, flight AA2542 tomorrow",Miles post within 48 hrs; request missing miles at aa.com/missingmiles with ticket number. DM details (never share password).
t1919,complaint service,complaint_service,"@customer: never flying again, worst service AA976, filing DOT complaint",I am sorry you experienced this on AA976. I am escalating to a human specialist with a case number. Please DM your record locator + details.
t1920,baggage,baggage,"@customer: charged $75 bag fee but told free, flight AA966, refund?",Sorry about your bag. Please file a report at aa.com/baggage within 4 hrs and track in the app; keep receipts for essentials. DM your tag/record locator.
t1921,checkin boarding,checkin_boarding,@customer: what gate for AA2119 at LAX? boarding group 4 when?,"Check in from 24 hrs in the app; gates close 15 min before departure. Try app refresh, or kiosk with confirmation code. DM your record locator if still blocked."
t1922,cancellation,cancellation,"@customer: flight AA146 cancelled, stranded in MIA tonight, help",Sorry your flight AA146 was cancelled. You can rebook free on the next available American flight at aa.com/manage or in the app. DM your record locator for help.
t1923,refund compensation,refund_compensation,"@customer: trip credit not received for AA2924, booking 6R4QDP","If we cancelled, you may choose refund or trip credit at aa.com/refunds (refundable to original payment within 7 days). DM your record locator."
t1924,flight delay,flight_delay,"@customer: @AmericanAir stuck at DFW, delay again, crew says 5hr wait, what now?",Sorry for the delay on AA722. Please check live status in the American app and speak to the gate agent about rebooking/meal voucher if 3+ hrs (aa.com/manage). DM your record locator and I can walk you through options.
t1925,refund compensation,refund_compensation,@customer: @AmericanAir refund for cancelled AA2952? nonrefundable but you cancelled,"If we cancelled, you may choose refund or trip credit at aa.com/refunds (refundable to original payment within 7 days). DM your record locator."
t1926,complaint service,complaint_service,"@customer: @AmericanAir discriminated at gate CLT, want supervisor + case",I am sorry you experienced this on AA1513. I am escalating to a human specialist with a case number. Please DM your record locator + details.
t1927,praise other,praise_other,@customer: do you fly to CLT direct from DFW?,Thanks for flying with us! Let us know if you need anything on AA1499.
t1928,baggage,baggage,"@customer: charged $75 bag fee but told free, flight AA967, refund?",Sorry about your bag. Please file a report at aa.com/baggage within 4 hrs and track in the app; keep receipts for essentials. DM your tag/record locator.
t1929,praise other,praise_other,@customer: thanks crew on aa185 great landing in lax! pls help asap,Thanks for flying with us! Let us know if you need anything on AA185.
t1930,baggage,baggage,"@customer: @AmericanAir bag missing since yesterday flight AA1856 at DCA, tag V8X625",Sorry about your bag. Please file a report at aa.com/baggage within 4 hrs and track in the app; keep receipts for essentials. DM your tag/record locator.
t1931,refund compensation,refund_compensation,"@customer: trip credit not received for AA2089, booking 556L4C","If we cancelled, you may choose refund or trip credit at aa.com/refunds (refundable to original payment within 7 days). DM your record locator."
t1932,baggage,baggage,"@customer: charged $75 bag fee but told free, flight AA339, refund?",Sorry about your bag. Please file a report at aa.com/baggage within 4 hrs and track in the app; keep receipts for essentials. DM your tag/record locator.
t1933,cancellation,cancellation,"@customer: @AmericanAir cancelled on me at gate JFK, rebook options?",Sorry your flight AA466 was cancelled. You can rebook free on the next available American flight at aa.com/manage or in the app. DM your record locator for help.
t1934,booking change,booking_change,"@customer: change name spelling on reservation Z6CLU4, how?",You can change most main-cabin+ tickets at aa.com/manage (fare difference may apply). DM your record locator and new date and I will outline exact steps.
t1935,checkin boarding,checkin_boarding,"@customer: @AmericanAir boarding pass wont load, gate 47 at ORD","Check in from 24 hrs in the app; gates close 15 min before departure. Try app refresh, or kiosk with confirmation code. DM your record locator if still blocked."
t1936,cancellation,cancellation,"@customer: @AmericanAir you cancelled flight AA292 to PHX today, need rebook ASAP",Sorry your flight AA292 was cancelled. You can rebook free on the next available American flight at aa.com/manage or in the app. DM your record locator for help.
t1937,complaint service,complaint_service,"@customer: @AmericanAir crew on AA2086 was rude to my mother, unacceptable",I am sorry you experienced this on AA2086. I am escalating to a human specialist with a case number. Please DM your record locator + details.
t1938,baggage,baggage,"@customer: @AmericanAir bag missing since yesterday flight AA2400 at ORD, tag BYV4BT",Sorry about your bag. Please file a report at aa.com/baggage within 4 hrs and track in the app; keep receipts for essentials. DM your tag/record locator.
t1939,cancellation,cancellation,"@customer: @AmericanAir cancelled on me at gate PHX, rebook options?",Sorry your flight AA1868 was cancelled. You can rebook free on the next available American flight at aa.com/manage or in the app. DM your record locator for help.
t1940,loyalty account,loyalty_account,"@customer: @AmericanAir miles missing for flight AA799, AAdvantage BKEF7U",Miles post within 48 hrs; request missing miles at aa.com/missingmiles with ticket number. DM details (never share password).
t1941,checkin boarding,checkin_boarding,"@customer: @AmericanAir boarding pass wont load, gate 34 at DFW","Check in from 24 hrs in the app; gates close 15 min before departure. Try app refresh, or kiosk with confirmation code. DM your record locator if still blocked."
t1942,cancellation,cancellation,"@customer: @AmericanAir you cancelled flight AA2893 to ORD today, need rebook ASAP",Sorry your flight AA2893 was cancelled. You can rebook free on the next available American flight at aa.com/manage or in the app. DM your record locator for help.
t1943,complaint service,complaint_service,"@customer: @AmericanAir crew on AA166 was rude to my mother, unacceptable",I am sorry you experienced this on AA166. I am escalating to a human specialist with a case number. Please DM your record locator + details.
t1944,complaint service,complaint_service,"@customer: never flying again, worst service AA731, filing DOT complaint",I am sorry you experienced this on AA731. I am escalating to a human specialist with a case number. Please DM your record locator + details.
t1945,flight delay,flight_delay,"@customer: @AmericanAir flight AA1199 delayed 6hrs, will I miss my connection in ORD?",Sorry for the delay on AA1199. Please check live status in the American app and speak to the gate agent about rebooking/meal voucher if 3+ hrs (aa.com/manage). DM your record locator and I can walk you through options.
t1946,baggage,baggage,"@customer: @AmericanAir damaged suitcase on AA125, claim process?",Sorry about your bag. Please file a report at aa.com/baggage within 4 hrs and track in the app; keep receipts for essentials. DM your tag/record locator.
t1947,complaint service,complaint_service,"@customer: @AmericanAir crew on AA1435 was rude to my mother, unacceptable",I am sorry you experienced this on AA1435. I am escalating to a human specialist with a case number. Please DM your record locator + details.
t1948,flight delay,flight_delay,"@customer: @AmericanAir stuck at ORD, delay again, crew says 6hr wait, what now?",Sorry for the delay on AA214. Please check live status in the American app and speak to the gate agent about rebooking/meal voucher if 3+ hrs (aa.com/manage). DM your record locator and I can walk you through options.
t1949,complaint service,complaint_service,"@customer: @AmericanAir discriminated at gate ORD, want supervisor + case",I am sorry you experienced this on AA315. I am escalating to a human specialist with a case number. Please DM your record locator + details.
t1950,praise other,praise_other,"@customer: @AmericanAir love the new app, smooth checkin",Thanks for flying with us! Let us know if you need anything on AA2046.
t1951,checkin boarding,checkin_boarding,"@customer: @AmericanAir cant check in flight AA646, app error, leaves in 2 hours","Check in from 24 hrs in the app; gates close 15 min before departure. Try app refresh, or kiosk with confirmation code. DM your record locator if still blocked."
t1952,checkin boarding,checkin_boarding,"@customer: @AmericanAir boarding pass wont load, gate 23 at JFK","Check in from 24 hrs in the app; gates close 15 min before departure. Try app refresh, or kiosk with confirmation code. DM your record locator if still blocked."
t1953,praise other,praise_other,"@customer: @AmericanAir thanks crew on AA1132, great landing in JFK!",Thanks for flying with us! Let us know if you need anything on AA1132.
t1954,complaint service,complaint_service,"@customer: @AmericanAir discriminated at gate CLT, want supervisor + case",I am sorry you experienced this on AA2788. I am escalating to a human specialist with a case number. Please DM your record locator + details.
t1955,praise other,praise_other,"@customer: @AmericanAir love the new app, smooth checkin",Thanks for flying with us! Let us know if you need anything on AA1413.
t1956,baggage,baggage,"@customer: @AmericanAir bag missing since yesterday flight AA2660 at DFW, tag T3ER7T",Sorry about your bag. Please file a report at aa.com/baggage within 4 hrs and track in the app; keep receipts for essentials. DM your tag/record locator.
t1957,loyalty account,loyalty_account,@customer: gold status not showing flight aa865 tomorrow pls help asap,Miles post within 48 hrs; request missing miles at aa.com/missingmiles with ticket number. DM details (never share password).
t1958,flight delay,flight_delay,"@customer: @AmericanAir flight AA2760 delayed 4hrs, will I miss my connection in ORD?",Sorry for the delay on AA2760. Please check live status in the American app and speak to the gate agent about rebooking/meal voucher if 3+ hrs (aa.com/manage). DM your record locator and I can walk you through options.
t1959,flight delay,flight_delay,"@customer: AA AA637 delayed, need hotel tonight in DFW, who pays?",Sorry for the delay on AA637. Please check live status in the American app and speak to the gate agent about rebooking/meal voucher if 3+ hrs (aa.com/manage). DM your record locator and I can walk you through options.
t1960,praise other,praise_other,@customer: do you fly to MIA direct from DFW?,Thanks for flying with us! Let us know if you need anything on AA2211.
t1961,baggage,baggage,@customer: charged $75 bag fee but told free flight aa2831 refund? pls help asap,Sorry about your bag. Please file a report at aa.com/baggage within 4 hrs and track in the app; keep receipts for essentials. DM your tag/record locator.
t1962,complaint service,complaint_service,"@customer: @AmericanAir discriminated at gate DFW, want supervisor + case",I am sorry you experienced this on AA929. I am escalating to a human specialist with a case number. Please DM your record locator + details.
t1963,booking change,booking_change,"@customer: change name spelling on reservation M97J95, how?",You can change most main-cabin+ tickets at aa.com/manage (fare difference may apply). DM your record locator and new date and I will outline exact steps.
t1964,complaint service,complaint_service,"@customer: @AmericanAir crew on AA342 was rude to my mother, unacceptable",I am sorry you experienced this on AA342. I am escalating to a human specialist with a case number. Please DM your record locator + details.
t1965,baggage,baggage,"@customer: @AmericanAir damaged suitcase on AA1574, claim process?",Sorry about your bag. Please file a report at aa.com/baggage within 4 hrs and track in the app; keep receipts for essentials. DM your tag/record locator.
t1966,checkin boarding,checkin_boarding,"@customer: @AmericanAir cant check in flight AA2114, app error, leaves in 2 hours","Check in from 24 hrs in the app; gates close 15 min before departure. Try app refresh, or kiosk with confirmation code. DM your record locator if still blocked."
t1967,flight delay,flight_delay,"@customer: AA AA1078 delayed, need hotel tonight in DFW, who pays?",Sorry for the delay on AA1078. Please check live status in the American app and speak to the gate agent about rebooking/meal voucher if 3+ hrs (aa.com/manage). DM your record locator and I can walk you through options.
t1968,complaint service,complaint_service,"@customer: @AmericanAir crew on AA1931 was rude to my mother, unacceptable",I am sorry you experienced this on AA1931. I am escalating to a human specialist with a case number. Please DM your record locator + details.
t1969,praise other,praise_other,@customer: thanks crew on aa547 great landing in ord! pls help asap,Thanks for flying with us! Let us know if you need anything on AA547.
t1970,booking change,booking_change,"@customer: @AmericanAir need to change flight AA288 to tomorrow, fare difference?",You can change most main-cabin+ tickets at aa.com/manage (fare difference may apply). DM your record locator and new date and I will outline exact steps.
t1971,flight delay,flight_delay,"@customer: @AmericanAir stuck at DFW, delay again, crew says 6hr wait, what now?",Sorry for the delay on AA1899. Please check live status in the American app and speak to the gate agent about rebooking/meal voucher if 3+ hrs (aa.com/manage). DM your record locator and I can walk you through options.
t1972,loyalty account,loyalty_account,"@customer: @AmericanAir cant login AAdvantage, reset not working",Miles post within 48 hrs; request missing miles at aa.com/missingmiles with ticket number. DM details (never share password).
t1973,flight delay,flight_delay,"@customer: @AmericanAir stuck at ORD, delay again, crew says 3hr wait, what now?",Sorry for the delay on AA2516. Please check live status in the American app and speak to the gate agent about rebooking/meal voucher if 3+ hrs (aa.com/manage). DM your record locator and I can walk you through options.
t1974,flight delay,flight_delay,"@customer: AA AA2295 delayed, need hotel tonight in ORD, who pays?",Sorry for the delay on AA2295. Please check live status in the American app and speak to the gate agent about rebooking/meal voucher if 3+ hrs (aa.com/manage). DM your record locator and I can walk you through options.
t1975,cancellation,cancellation,@customer: cancelled on me at gate lax rebook options? pls help asap,Sorry your flight AA2371 was cancelled. You can rebook free on the next available American flight at aa.com/manage or in the app. DM your record locator for help.
t1976,booking change,booking_change,@customer: change name spelling on reservation tcruzm how? pls help asap,You can change most main-cabin+ tickets at aa.com/manage (fare difference may apply). DM your record locator and new date and I will outline exact steps.
t1977,complaint service,complaint_service,"@customer: never flying again, worst service AA1064, filing DOT complaint",I am sorry you experienced this on AA1064. I am escalating to a human specialist with a case number. Please DM your record locator + details.
t1978,cancellation,cancellation,"@customer: flight AA2321 cancelled, stranded in DFW tonight, help",Sorry your flight AA2321 was cancelled. You can rebook free on the next available American flight at aa.com/manage or in the app. DM your record locator for help.
t1979,baggage,baggage,"@customer: @AmericanAir damaged suitcase on AA1007, claim process?",Sorry about your bag. Please file a report at aa.com/baggage within 4 hrs and track in the app; keep receipts for essentials. DM your tag/record locator.
t1980,praise other,praise_other,@customer: love the new app smooth checkin pls help asap,Thanks for flying with us! Let us know if you need anything on AA1897.
t1981,refund compensation,refund_compensation,"@customer: trip credit not received for AA2449, booking F8NG3Y","If we cancelled, you may choose refund or trip credit at aa.com/refunds (refundable to original payment within 7 days). DM your record locator."
t1982,praise other,praise_other,@customer: do you fly to CLT direct from DFW?,Thanks for flying with us! Let us know if you need anything on AA526.
t1983,complaint service,complaint_service,"@customer: @AmericanAir crew on AA1520 was rude to my mother, unacceptable",I am sorry you experienced this on AA1520. I am escalating to a human specialist with a case number. Please DM your record locator + details.
t1984,cancellation,cancellation,"@customer: flight AA2519 cancelled, stranded in MIA tonight, help",Sorry your flight AA2519 was cancelled. You can rebook free on the next available American flight at aa.com/manage or in the app. DM your record locator for help.
t1985,praise other,praise_other,@customer: do you fly to lax direct from dfw? pls help asap,Thanks for flying with us! Let us know if you need anything on AA1945.
t1986,praise other,praise_other,@customer: do you fly to mia direct from dfw? pls help asap,Thanks for flying with us! Let us know if you need anything on AA1816.
t1987,booking change,booking_change,@customer: @AmericanAir can I switch seat / add bag on booking KQNTHB?,You can change most main-cabin+ tickets at aa.com/manage (fare difference may apply). DM your record locator and new date and I will outline exact steps.
t1988,booking change,booking_change,"@customer: @AmericanAir need to change flight AA2819 to tomorrow, fare difference?",You can change most main-cabin+ tickets at aa.com/manage (fare difference may apply). DM your record locator and new date and I will outline exact steps.
t1989,loyalty account,loyalty_account,"@customer: @AmericanAir cant login AAdvantage, reset not working",Miles post within 48 hrs; request missing miles at aa.com/missingmiles with ticket number. DM details (never share password).
t1990,cancellation,cancellation,"@customer: @AmericanAir you cancelled flight AA1977 to MIA today, need rebook ASAP",Sorry your flight AA1977 was cancelled. You can rebook free on the next available American flight at aa.com/manage or in the app. DM your record locator for help.
t1991,checkin boarding,checkin_boarding,"@customer: @AmericanAir cant check in flight AA1848, app error, leaves in 2 hours","Check in from 24 hrs in the app; gates close 15 min before departure. Try app refresh, or kiosk with confirmation code. DM your record locator if still blocked."
t1992,checkin boarding,checkin_boarding,"@customer: @AmericanAir boarding pass wont load, gate 33 at JFK","Check in from 24 hrs in the app; gates close 15 min before departure. Try app refresh, or kiosk with confirmation code. DM your record locator if still blocked."
t1993,flight delay,flight_delay,"@customer: @AmericanAir flight AA521 delayed 6hrs, will I miss my connection in ORD?",Sorry for the delay on AA521. Please check live status in the American app and speak to the gate agent about rebooking/meal voucher if 3+ hrs (aa.com/manage). DM your record locator and I can walk you through options.
t1994,checkin boarding,checkin_boarding,@customer: what gate for AA759 at DFW? boarding group 4 when?,"Check in from 24 hrs in the app; gates close 15 min before departure. Try app refresh, or kiosk with confirmation code. DM your record locator if still blocked."
t1995,refund compensation,refund_compensation,"@customer: trip credit not received for AA1575, booking WNSRWB","If we cancelled, you may choose refund or trip credit at aa.com/refunds (refundable to original payment within 7 days). DM your record locator."
t1996,booking change,booking_change,"@customer: change name spelling on reservation 4CU5BZ, how?",You can change most main-cabin+ tickets at aa.com/manage (fare difference may apply). DM your record locator and new date and I will outline exact steps.
t1997,booking change,booking_change,@customer: @AmericanAir can I switch seat / add bag on booking SMUMMY?,You can change most main-cabin+ tickets at aa.com/manage (fare difference may apply). DM your record locator and new date and I will outline exact steps.
t1998,booking change,booking_change,"@customer: change name spelling on reservation JUM43Y, how?",You can change most main-cabin+ tickets at aa.com/manage (fare difference may apply). DM your record locator and new date and I will outline exact steps.
t1999,flight delay,flight_delay,"@customer: AA AA354 delayed, need hotel tonight in DCA, who pays?",Sorry for the delay on AA354. Please check live status in the American app and speak to the gate agent about rebooking/meal voucher if 3+ hrs (aa.com/manage). DM your record locator and I can walk you through options.
t2000,flight delay,flight_delay,"@customer: @AmericanAir flight AA268 delayed 1hrs, will I miss my connection in MIA?",Sorry for the delay on AA268. Please check live status in the American app and speak to the gate agent about rebooking/meal voucher if 3+ hrs (aa.com/manage). DM your record locator and I can walk you through options.
t2001,complaint service,complaint_service,@customer: crew on aa350 was rude to my mother unacceptable pls help asap,I am sorry you experienced this on AA350. I am escalating to a human specialist with a case number. Please DM your record locator + details.
t2002,booking change,booking_change,@customer: @AmericanAir can I switch seat / add bag on booking 6B3NDT?,You can change most main-cabin+ tickets at aa.com/manage (fare difference may apply). DM your record locator and new date and I will outline exact steps.
t2003,refund compensation,refund_compensation,@customer: @AmericanAir want voucher for 5hr delay AA1671 in MIA,"If we cancelled, you may choose refund or trip credit at aa.com/refunds (refundable to original payment within 7 days). DM your record locator."
t2004,refund compensation,refund_compensation,@customer: @AmericanAir want voucher for 5hr delay AA1016 in CLT,"If we cancelled, you may choose refund or trip credit at aa.com/refunds (refundable to original payment within 7 days). DM your record locator."
t2005,checkin boarding,checkin_boarding,"@customer: @AmericanAir cant check in flight AA1881, app error, leaves in 2 hours","Check in from 24 hrs in the app; gates close 15 min before departure. Try app refresh, or kiosk with confirmation code. DM your record locator if still blocked."
t2006,refund compensation,refund_compensation,@customer: @AmericanAir refund for cancelled AA2343? nonrefundable but you cancelled,"If we cancelled, you may choose refund or trip credit at aa.com/refunds (refundable to original payment within 7 days). DM your record locator."
t2007,booking change,booking_change,@customer: @AmericanAir can I switch seat / add bag on booking LWH9UE?,You can change most main-cabin+ tickets at aa.com/manage (fare difference may apply). DM your record locator and new date and I will outline exact steps.
t2008,checkin boarding,checkin_boarding,"@customer: @AmericanAir boarding pass wont load, gate 28 at ORD","Check in from 24 hrs in the app; gates close 15 min before departure. Try app refresh, or kiosk with confirmation code. DM your record locator if still blocked."
t2009,flight delay,flight_delay,"@customer: AA AA2345 delayed, need hotel tonight in MIA, who pays?",Sorry for the delay on AA2345. Please check live status in the American app and speak to the gate agent about rebooking/meal voucher if 3+ hrs (aa.com/manage). DM your record locator and I can walk you through options.
t2010,booking change,booking_change,"@customer: @AmericanAir need to change flight AA1519 to tomorrow, fare difference?",You can change most main-cabin+ tickets at aa.com/manage (fare difference may apply). DM your record locator and new date and I will outline exact steps.
t2011,loyalty account,loyalty_account,"@customer: @AmericanAir miles missing for flight AA2437, AAdvantage JCN7DN",Miles post within 48 hrs; request missing miles at aa.com/missingmiles with ticket number. DM details (never share password).
t2012,refund compensation,refund_compensation,"@customer: trip credit not received for AA2504, booking WCJN2V","If we cancelled, you may choose refund or trip credit at aa.com/refunds (refundable to original payment within 7 days). DM your record locator."
t2013,refund compensation,refund_compensation,"@customer: trip credit not received for AA1418, booking 5YK7NU","If we cancelled, you may choose refund or trip credit at aa.com/refunds (refundable to original payment within 7 days). DM your record locator."
t2014,flight delay,flight_delay,"@customer: @AmericanAir stuck at PHX, delay again, crew says 6hr wait, what now?",Sorry for the delay on AA2363. Please check live status in the American app and speak to the gate agent about rebooking/meal voucher if 3+ hrs (aa.com/manage). DM your record locator and I can walk you through options.
t2015,loyalty account,loyalty_account,"@customer: @AmericanAir cant login AAdvantage, reset not working",Miles post within 48 hrs; request missing miles at aa.com/missingmiles with ticket number. DM details (never share password).
t2016,flight delay,flight_delay,"@customer: @AmericanAir stuck at ORD, delay again, crew says 5hr wait, what now?",Sorry for the delay on AA2589. Please check live status in the American app and speak to the gate agent about rebooking/meal voucher if 3+ hrs (aa.com/manage). DM your record locator and I can walk you through options.
t2017,checkin boarding,checkin_boarding,"@customer: @AmericanAir cant check in flight AA1006, app error, leaves in 2 hours","Check in from 24 hrs in the app; gates close 15 min before departure. Try app refresh, or kiosk with confirmation code. DM your record locator if still blocked."
t2018,checkin boarding,checkin_boarding,@customer: what gate for AA1651 at DFW? boarding group 4 when?,"Check in from 24 hrs in the app; gates close 15 min before departure. Try app refresh, or kiosk with confirmation code. DM your record locator if still blocked."
t2019,complaint service,complaint_service,@customer: crew on aa1300 was rude to my mother unacceptable pls help asap,I am sorry you experienced this on AA1300. I am escalating to a human specialist with a case number. Please DM your record locator + details.
t2020,loyalty account,loyalty_account,"@customer: @AmericanAir miles missing for flight AA979, AAdvantage AYK3VM",Miles post within 48 hrs; request missing miles at aa.com/missingmiles with ticket number. DM details (never share password).
t2021,booking change,booking_change,"@customer: @AmericanAir need to change flight AA2494 to tomorrow, fare difference?",You can change most main-cabin+ tickets at aa.com/manage (fare difference may apply). DM your record locator and new date and I will outline exact steps.
t2022,checkin boarding,checkin_boarding,@customer: what gate for AA643 at PHX? boarding group 4 when?,"Check in from 24 hrs in the app; gates close 15 min before departure. Try app refresh, or kiosk with confirmation code. DM your record locator if still blocked."
t2023,baggage,baggage,"@customer: charged $75 bag fee but told free, flight AA2012, refund?",Sorry about your bag. Please file a report at aa.com/baggage within 4 hrs and track in the app; keep receipts for essentials. DM your tag/record locator.
t2024,baggage,baggage,"@customer: charged $75 bag fee but told free, flight AA1666, refund?",Sorry about your bag. Please file a report at aa.com/baggage within 4 hrs and track in the app; keep receipts for essentials. DM your tag/record locator.
t2025,booking change,booking_change,@customer: need to change flight aa2007 to tomorrow fare difference? pls help asap,You can change most main-cabin+ tickets at aa.com/manage (fare difference may apply). DM your record locator and new date and I will outline exact steps.
t2026,loyalty account,loyalty_account,"@customer: gold status not showing, flight AA576 tomorrow",Miles post within 48 hrs; request missing miles at aa.com/missingmiles with ticket number. DM details (never share password).
t2027,flight delay,flight_delay,"@customer: @AmericanAir stuck at PHX, delay again, crew says 4hr wait, what now?",Sorry for the delay on AA1148. Please check live status in the American app and speak to the gate agent about rebooking/meal voucher if 3+ hrs (aa.com/manage). DM your record locator and I can walk you through options.
t2028,flight delay,flight_delay,"@customer: @AmericanAir stuck at DCA, delay again, crew says 5hr wait, what now?",Sorry for the delay on AA2688. Please check live status in the American app and speak to the gate agent about rebooking/meal voucher if 3+ hrs (aa.com/manage). DM your record locator and I can walk you through options.
t2029,flight delay,flight_delay,"@customer: AA AA2136 delayed, need hotel tonight in CLT, who pays?",Sorry for the delay on AA2136. Please check live status in the American app and speak to the gate agent about rebooking/meal voucher if 3+ hrs (aa.com/manage). DM your record locator and I can walk you through options.
t2030,flight delay,flight_delay,"@customer: AA AA464 delayed, need hotel tonight in CLT, who pays?",Sorry for the delay on AA464. Please check live status in the American app and speak to the gate agent about rebooking/meal voucher if 3+ hrs (aa.com/manage). DM your record locator and I can walk you through options.
t2031,praise other,praise_other,@customer: do you fly to ORD direct from DFW?,Thanks for flying with us! Let us know if you need anything on AA2371.
t2032,complaint service,complaint_service,"@customer: @AmericanAir discriminated at gate DFW, want supervisor + case",I am sorry you experienced this on AA581. I am escalating to a human specialist with a case number. Please DM your record locator + details.
t2033,flight delay,flight_delay,"@customer: AA AA1184 delayed, need hotel tonight in JFK, who pays?",Sorry for the delay on AA1184. Please check live status in the American app and speak to the gate agent about rebooking/meal voucher if 3+ hrs (aa.com/manage). DM your record locator and I can walk you through options.
t2034,baggage,baggage,"@customer: @AmericanAir damaged suitcase on AA1109, claim process?",Sorry about your bag. Please file a report at aa.com/baggage within 4 hrs and track in the app; keep receipts for essentials. DM your tag/record locator.
t2035,checkin boarding,checkin_boarding,"@customer: @AmericanAir cant check in flight AA568, app error, leaves in 2 hours","Check in from 24 hrs in the app; gates close 15 min before departure. Try app refresh, or kiosk with confirmation code. DM your record locator if still blocked."
t2036,complaint service,complaint_service,"@customer: @AmericanAir discriminated at gate JFK, want supervisor + case",I am sorry you experienced this on AA1139. I am escalating to a human specialist with a case number. Please DM your record locator + details.
t2037,loyalty account,loyalty_account,"@customer: gold status not showing, flight AA1679 tomorrow",Miles post within 48 hrs; request missing miles at aa.com/missingmiles with ticket number. DM details (never share password).
t2038,loyalty account,loyalty_account,"@customer: @AmericanAir miles missing for flight AA620, AAdvantage N5ETRT",Miles post within 48 hrs; request missing miles at aa.com/missingmiles with ticket number. DM details (never share password).
t2039,booking change,booking_change,"@customer: change name spelling on reservation 6F7E4A, how?",You can change most main-cabin+ tickets at aa.com/manage (fare difference may apply). DM your record locator and new date and I will outline exact steps.
t2040,baggage,baggage,"@customer: @AmericanAir bag missing since yesterday flight AA763 at PHX, tag YQCLJZ",Sorry about your bag. Please file a report at aa.com/baggage within 4 hrs and track in the app; keep receipts for essentials. DM your tag/record locator.
t2041,flight delay,flight_delay,"@customer: AA AA101 delayed, need hotel tonight in DFW, who pays?",Sorry for the delay on AA101. Please check live status in the American app and speak to the gate agent about rebooking/meal voucher if 3+ hrs (aa.com/manage). DM your record locator and I can walk you through options.
t2042,complaint service,complaint_service,"@customer: never flying again, worst service AA1455, filing DOT complaint",I am sorry you experienced this on AA1455. I am escalating to a human specialist with a case number. Please DM your record locator + details.
t2043,checkin boarding,checkin_boarding,"@customer: @AmericanAir boarding pass wont load, gate 5 at DCA","Check in from 24 hrs in the app; gates close 15 min before departure. Try app refresh, or kiosk with confirmation code. DM your record locator if still blocked."
t2044,cancellation,cancellation,"@customer: flight AA424 cancelled, stranded in DFW tonight, help",Sorry your flight AA424 was cancelled. You can rebook free on the next available American flight at aa.com/manage or in the app. DM your record locator for help.
t2045,praise other,praise_other,@customer: do you fly to DCA direct from DFW?,Thanks for flying with us! Let us know if you need anything on AA1642.
t2046,praise other,praise_other,"@customer: @AmericanAir love the new app, smooth checkin",Thanks for flying with us! Let us know if you need anything on AA2848.
t2047,refund compensation,refund_compensation,"@customer: trip credit not received for AA1081, booking LZ3RL4","If we cancelled, you may choose refund or trip credit at aa.com/refunds (refundable to original payment within 7 days). DM your record locator."
t2048,booking change,booking_change,"@customer: @AmericanAir need to change flight AA2230 to tomorrow, fare difference?",You can change most main-cabin+ tickets at aa.com/manage (fare difference may apply). DM your record locator and new date and I will outline exact steps.
t2049,refund compensation,refund_compensation,"@customer: trip credit not received for AA789, booking DCWLLJ","If we cancelled, you may choose refund or trip credit at aa.com/refunds (refundable to original payment within 7 days). DM your record locator."
t2050,refund compensation,refund_compensation,@customer: @AmericanAir want voucher for 5hr delay AA1591 in LAX,"If we cancelled, you may choose refund or trip credit at aa.com/refunds (refundable to original payment within 7 days). DM your record locator."
t2051,refund compensation,refund_compensation,"@customer: trip credit not received for AA897, booking BJ5D6N","If we cancelled, you may choose refund or trip credit at aa.com/refunds (refundable to original payment within 7 days). DM your record locator."
t2052,refund compensation,refund_compensation,@customer: @AmericanAir refund for cancelled AA203? nonrefundable but you cancelled,"If we cancelled, you may choose refund or trip credit at aa.com/refunds (refundable to original payment within 7 days). DM your record locator."
t2053,loyalty account,loyalty_account,"@customer: gold status not showing, flight AA2919 tomorrow",Miles post within 48 hrs; request missing miles at aa.com/missingmiles with ticket number. DM details (never share password).
t2054,refund compensation,refund_compensation,@customer: want voucher for 5hr delay aa2239 in ord pls help asap,"If we cancelled, you may choose refund or trip credit at aa.com/refunds (refundable to original payment within 7 days). DM your record locator."
t2055,booking change,booking_change,@customer: @AmericanAir can I switch seat / add bag on booking ZLA4ZY?,You can change most main-cabin+ tickets at aa.com/manage (fare difference may apply). DM your record locator and new date and I will outline exact steps.
t2056,praise other,praise_other,@customer: do you fly to PHX direct from DFW?,Thanks for flying with us! Let us know if you need anything on AA2047.
t2057,loyalty account,loyalty_account,"@customer: @AmericanAir cant login AAdvantage, reset not working",Miles post within 48 hrs; request missing miles at aa.com/missingmiles with ticket number. DM details (never share password).
t2058,cancellation,cancellation,@customer: you cancelled flight aa328 to phx today need rebook asap pls help asap,Sorry your flight AA328 was cancelled. You can rebook free on the next available American flight at aa.com/manage or in the app. DM your record locator for help.
t2059,booking change,booking_change,@customer: can i switch seat / add bag on booking qq7hjy? pls help asap,You can change most main-cabin+ tickets at aa.com/manage (fare difference may apply). DM your record locator and new date and I will outline exact steps.
t2060,cancellation,cancellation,"@customer: flight AA581 cancelled, stranded in ORD tonight, help",Sorry your flight AA581 was cancelled. You can rebook free on the next available American flight at aa.com/manage or in the app. DM your record locator for help.
t2061,cancellation,cancellation,"@customer: @AmericanAir you cancelled flight AA2843 to DCA today, need rebook ASAP",Sorry your flight AA2843 was cancelled. You can rebook free on the next available American flight at aa.com/manage or in the app. DM your record locator for help.
t2062,refund compensation,refund_compensation,"@customer: trip credit not received for AA371, booking MMCA3J","If we cancelled, you may choose refund or trip credit at aa.com/refunds (refundable to original payment within 7 days). DM your record locator."
t2063,praise other,praise_other,"@customer: @AmericanAir love the new app, smooth checkin",Thanks for flying with us! Let us know if you need anything on AA345.
t2064,complaint service,complaint_service,"@customer: @AmericanAir crew on AA2463 was rude to my mother, unacceptable",I am sorry you experienced this on AA2463. I am escalating to a human specialist with a case number. Please DM your record locator + details.
t2065,praise other,praise_other,"@customer: @AmericanAir thanks crew on AA1285, great landing in MIA!",Thanks for flying with us! Let us know if you need anything on AA1285.
t2066,refund compensation,refund_compensation,@customer: @AmericanAir want voucher for 5hr delay AA2781 in MIA,"If we cancelled, you may choose refund or trip credit at aa.com/refunds (refundable to original payment within 7 days). DM your record locator."
t2067,booking change,booking_change,@customer: change name spelling on reservation 7u6upr how? pls help asap,You can change most main-cabin+ tickets at aa.com/manage (fare difference may apply). DM your record locator and new date and I will outline exact steps.
t2068,complaint service,complaint_service,@customer: discriminated at gate mia want supervisor + case pls help asap,I am sorry you experienced this on AA810. I am escalating to a human specialist with a case number. Please DM your record locator + details.
t2069,checkin boarding,checkin_boarding,@customer: what gate for aa1962 at mia? boarding group 4 when? pls help asap,"Check in from 24 hrs in the app; gates close 15 min before departure. Try app refresh, or kiosk with confirmation code. DM your record locator if still blocked."
t2070,flight delay,flight_delay,"@customer: @AmericanAir stuck at LAX, delay again, crew says 6hr wait, what now?",Sorry for the delay on AA2616. Please check live status in the American app and speak to the gate agent about rebooking/meal voucher if 3+ hrs (aa.com/manage). DM your record locator and I can walk you through options.
t2071,booking change,booking_change,@customer: @AmericanAir can I switch seat / add bag on booking 5G224A?,You can change most main-cabin+ tickets at aa.com/manage (fare difference may apply). DM your record locator and new date and I will outline exact steps.
t2072,loyalty account,loyalty_account,"@customer: @AmericanAir miles missing for flight AA922, AAdvantage GL3TGC",Miles post within 48 hrs; request missing miles at aa.com/missingmiles with ticket number. DM details (never share password).
t2073,booking change,booking_change,"@customer: change name spelling on reservation 6X69MM, how?",You can change most main-cabin+ tickets at aa.com/manage (fare difference may apply). DM your record locator and new date and I will outline exact steps.
t2074,cancellation,cancellation,@customer: flight aa1686 cancelled stranded in phx tonight help pls help asap,Sorry your flight AA1686 was cancelled. You can rebook free on the next available American flight at aa.com/manage or in the app. DM your record locator for help.
t2075,booking change,booking_change,"@customer: @AmericanAir need to change flight AA1358 to tomorrow, fare difference?",You can change most main-cabin+ tickets at aa.com/manage (fare difference may apply). DM your record locator and new date and I will outline exact steps.
t2076,complaint service,complaint_service,"@customer: never flying again, worst service AA2087, filing DOT complaint",I am sorry you experienced this on AA2087. I am escalating to a human specialist with a case number. Please DM your record locator + details.
t2077,cancellation,cancellation,"@customer: @AmericanAir cancelled on me at gate CLT, rebook options?",Sorry your flight AA2663 was cancelled. You can rebook free on the next available American flight at aa.com/manage or in the app. DM your record locator for help.
t2078,refund compensation,refund_compensation,@customer: @AmericanAir want voucher for 5hr delay AA1609 in LAX,"If we cancelled, you may choose refund or trip credit at aa.com/refunds (refundable to original payment within 7 days). DM your record locator."
t2079,checkin boarding,checkin_boarding,@customer: what gate for AA1026 at ORD? boarding group 4 when?,"Check in from 24 hrs in the app; gates close 15 min before departure. Try app refresh, or kiosk with confirmation code. DM your record locator if still blocked."
t2080,cancellation,cancellation,"@customer: flight AA475 cancelled, stranded in LAX tonight, help",Sorry your flight AA475 was cancelled. You can rebook free on the next available American flight at aa.com/manage or in the app. DM your record locator for help.
t2081,booking change,booking_change,@customer: change name spelling on reservation mmfmrg how? pls help asap,You can change most main-cabin+ tickets at aa.com/manage (fare difference may apply). DM your record locator and new date and I will outline exact steps.
t2082,complaint service,complaint_service,@customer: discriminated at gate dca want supervisor + case pls help asap,I am sorry you experienced this on AA322. I am escalating to a human specialist with a case number. Please DM your record locator + details.
t2083,checkin boarding,checkin_boarding,"@customer: @AmericanAir cant check in flight AA2970, app error, leaves in 2 hours","Check in from 24 hrs in the app; gates close 15 min before departure. Try app refresh, or kiosk with confirmation code. DM your record locator if still blocked."
t2084,loyalty account,loyalty_account,"@customer: gold status not showing, flight AA1609 tomorrow",Miles post within 48 hrs; request missing miles at aa.com/missingmiles with ticket number. DM details (never share password).
t2085,loyalty account,loyalty_account,"@customer: @AmericanAir cant login AAdvantage, reset not working",Miles post within 48 hrs; request missing miles at aa.com/missingmiles with ticket number. DM details (never share password).
t2086,checkin boarding,checkin_boarding,"@customer: @AmericanAir boarding pass wont load, gate 16 at DFW","Check in from 24 hrs in the app; gates close 15 min before departure. Try app refresh, or kiosk with confirmation code. DM your record locator if still blocked."
t2087,cancellation,cancellation,"@customer: @AmericanAir you cancelled flight AA1168 to DCA today, need rebook ASAP",Sorry your flight AA1168 was cancelled. You can rebook free on the next available American flight at aa.com/manage or in the app. DM your record locator for help.
t2088,booking change,booking_change,@customer: @AmericanAir can I switch seat / add bag on booking MAKBRM?,You can change most main-cabin+ tickets at aa.com/manage (fare difference may apply). DM your record locator and new date and I will outline exact steps.
t2089,flight delay,flight_delay,"@customer: AA AA175 delayed, need hotel tonight in MIA, who pays?",Sorry for the delay on AA175. Please check live status in the American app and speak to the gate agent about rebooking/meal voucher if 3+ hrs (aa.com/manage). DM your record locator and I can walk you through options.
t2090,loyalty account,loyalty_account,"@customer: gold status not showing, flight AA1962 tomorrow",Miles post within 48 hrs; request missing miles at aa.com/missingmiles with ticket number. DM details (never share password).
t2091,baggage,baggage,"@customer: charged $75 bag fee but told free, flight AA2796, refund?",Sorry about your bag. Please file a report at aa.com/baggage within 4 hrs and track in the app; keep receipts for essentials. DM your tag/record locator.
t2092,loyalty account,loyalty_account,"@customer: gold status not showing, flight AA1932 tomorrow",Miles post within 48 hrs; request missing miles at aa.com/missingmiles with ticket number. DM details (never share password).
t2093,baggage,baggage,@customer: damaged suitcase on aa2350 claim process? pls help asap,Sorry about your bag. Please file a report at aa.com/baggage within 4 hrs and track in the app; keep receipts for essentials. DM your tag/record locator.
t2094,praise other,praise_other,"@customer: @AmericanAir love the new app, smooth checkin",Thanks for flying with us! Let us know if you need anything on AA2179.
t2095,loyalty account,loyalty_account,"@customer: gold status not showing, flight AA126 tomorrow",Miles post within 48 hrs; request missing miles at aa.com/missingmiles with ticket number. DM details (never share password).
t2096,loyalty account,loyalty_account,@customer: miles missing for flight aa402 aadvantage 94kg4q pls help asap,Miles post within 48 hrs; request missing miles at aa.com/missingmiles with ticket number. DM details (never share password).
t2097,complaint service,complaint_service,@customer: discriminated at gate lax want supervisor + case pls help asap,I am sorry you experienced this on AA435. I am escalating to a human specialist with a case number. Please DM your record locator + details.
t2098,refund compensation,refund_compensation,"@customer: trip credit not received for AA157, booking QDCRDD","If we cancelled, you may choose refund or trip credit at aa.com/refunds (refundable to original payment within 7 days). DM your record locator."
t2099,flight delay,flight_delay,"@customer: AA AA2940 delayed, need hotel tonight in LAX, who pays?",Sorry for the delay on AA2940. Please check live status in the American app and speak to the gate agent about rebooking/meal voucher if 3+ hrs (aa.com/manage). DM your record locator and I can walk you through options.
t2100,loyalty account,loyalty_account,"@customer: gold status not showing, flight AA1742 tomorrow",Miles post within 48 hrs; request missing miles at aa.com/missingmiles with ticket number. DM details (never share password).
t2101,cancellation,cancellation,"@customer: @AmericanAir you cancelled flight AA1299 to DCA today, need rebook ASAP",Sorry your flight AA1299 was cancelled. You can rebook free on the next available American flight at aa.com/manage or in the app. DM your record locator for help.
t2102,refund compensation,refund_compensation,"@customer: trip credit not received for AA269, booking XM6UDR","If we cancelled, you may choose refund or trip credit at aa.com/refunds (refundable to original payment within 7 days). DM your record locator."
t2103,flight delay,flight_delay,"@customer: AA AA479 delayed, need hotel tonight in DCA, who pays?",Sorry for the delay on AA479. Please check live status in the American app and speak to the gate agent about rebooking/meal voucher if 3+ hrs (aa.com/manage). DM your record locator and I can walk you through options.
t2104,complaint service,complaint_service,"@customer: @AmericanAir discriminated at gate DCA, want supervisor + case",I am sorry you experienced this on AA2618. I am escalating to a human specialist with a case number. Please DM your record locator + details.
t2105,complaint service,complaint_service,"@customer: @AmericanAir crew on AA485 was rude to my mother, unacceptable",I am sorry you experienced this on AA485. I am escalating to a human specialist with a case number. Please DM your record locator + details.
t2106,complaint service,complaint_service,"@customer: @AmericanAir crew on AA549 was rude to my mother, unacceptable",I am sorry you experienced this on AA549. I am escalating to a human specialist with a case number. Please DM your record locator + details.
t2107,loyalty account,loyalty_account,"@customer: gold status not showing, flight AA1847 tomorrow",Miles post within 48 hrs; request missing miles at aa.com/missingmiles with ticket number. DM details (never share password).
t2108,praise other,praise_other,"@customer: @AmericanAir love the new app, smooth checkin",Thanks for flying with us! Let us know if you need anything on AA2676.
t2109,checkin boarding,checkin_boarding,"@customer: @AmericanAir cant check in flight AA2186, app error, leaves in 2 hours","Check in from 24 hrs in the app; gates close 15 min before departure. Try app refresh, or kiosk with confirmation code. DM your record locator if still blocked."
t2110,cancellation,cancellation,"@customer: @AmericanAir you cancelled flight AA1253 to CLT today, need rebook ASAP",Sorry your flight AA1253 was cancelled. You can rebook free on the next available American flight at aa.com/manage or in the app. DM your record locator for help.
t2111,loyalty account,loyalty_account,"@customer: @AmericanAir miles missing for flight AA1273, AAdvantage XJ7Y2Q",Miles post within 48 hrs; request missing miles at aa.com/missingmiles with ticket number. DM details (never share password).
t2112,booking change,booking_change,"@customer: @AmericanAir need to change flight AA1978 to tomorrow, fare difference?",You can change most main-cabin+ tickets at aa.com/manage (fare difference may apply). DM your record locator and new date and I will outline exact steps.
t2113,refund compensation,refund_compensation,"@customer: trip credit not received for AA1608, booking X5VM7M","If we cancelled, you may choose refund or trip credit at aa.com/refunds (refundable to original payment within 7 days). DM your record locator."
t2114,checkin boarding,checkin_boarding,"@customer: @AmericanAir cant check in flight AA2742, app error, leaves in 2 hours","Check in from 24 hrs in the app; gates close 15 min before departure. Try app refresh, or kiosk with confirmation code. DM your record locator if still blocked."
t2115,praise other,praise_other,@customer: love the new app smooth checkin pls help asap,Thanks for flying with us! Let us know if you need anything on AA1068.
t2116,checkin boarding,checkin_boarding,@customer: cant check in flight aa422 app error leaves in 2 hours pls help asap,"Check in from 24 hrs in the app; gates close 15 min before departure. Try app refresh, or kiosk with confirmation code. DM your record locator if still blocked."
t2117,praise other,praise_other,"@customer: @AmericanAir love the new app, smooth checkin",Thanks for flying with us! Let us know if you need anything on AA1564.
t2118,flight delay,flight_delay,@customer: flight aa227 delayed 5hrs will i miss my connection in clt? pls help asap,Sorry for the delay on AA227. Please check live status in the American app and speak to the gate agent about rebooking/meal voucher if 3+ hrs (aa.com/manage). DM your record locator and I can walk you through options.
t2119,flight delay,flight_delay,@customer: aa aa2292 delayed need hotel tonight in ord who pays? pls help asap,Sorry for the delay on AA2292. Please check live status in the American app and speak to the gate agent about rebooking/meal voucher if 3+ hrs (aa.com/manage). DM your record locator and I can walk you through options.
t2120,checkin boarding,checkin_boarding,@customer: what gate for AA2491 at PHX? boarding group 4 when?,"Check in from 24 hrs in the app; gates close 15 min before departure. Try app refresh, or kiosk with confirmation code. DM your record locator if still blocked."
t2121,complaint service,complaint_service,"@customer: @AmericanAir discriminated at gate ORD, want supervisor + case",I am sorry you experienced this on AA2507. I am escalating to a human specialist with a case number. Please DM your record locator + details.
t2122,complaint service,complaint_service,"@customer: @AmericanAir discriminated at gate LAX, want supervisor + case",I am sorry you experienced this on AA330. I am escalating to a human specialist with a case number. Please DM your record locator + details.
t2123,complaint service,complaint_service,"@customer: @AmericanAir crew on AA774 was rude to my mother, unacceptable",I am sorry you experienced this on AA774. I am escalating to a human specialist with a case number. Please DM your record locator + details.
t2124,baggage,baggage,@customer: damaged suitcase on aa2222 claim process? pls help asap,Sorry about your bag. Please file a report at aa.com/baggage within 4 hrs and track in the app; keep receipts for essentials. DM your tag/record locator.
t2125,checkin boarding,checkin_boarding,@customer: cant check in flight aa1294 app error leaves in 2 hours pls help asap,"Check in from 24 hrs in the app; gates close 15 min before departure. Try app refresh, or kiosk with confirmation code. DM your record locator if still blocked."
t2126,cancellation,cancellation,"@customer: @AmericanAir you cancelled flight AA1443 to MIA today, need rebook ASAP",Sorry your flight AA1443 was cancelled. You can rebook free on the next available American flight at aa.com/manage or in the app. DM your record locator for help.
t2127,flight delay,flight_delay,"@customer: AA AA1115 delayed, need hotel tonight in PHX, who pays?",Sorry for the delay on AA1115. Please check live status in the American app and speak to the gate agent about rebooking/meal voucher if 3+ hrs (aa.com/manage). DM your record locator and I can walk you through options.
t2128,cancellation,cancellation,"@customer: @AmericanAir you cancelled flight AA1965 to CLT today, need rebook ASAP",Sorry your flight AA1965 was cancelled. You can rebook free on the next available American flight at aa.com/manage or in the app. DM your record locator for help.
t2129,loyalty account,loyalty_account,"@customer: @AmericanAir miles missing for flight AA1639, AAdvantage WSY8F9",Miles post within 48 hrs; request missing miles at aa.com/missingmiles with ticket number. DM details (never share password).
t2130,booking change,booking_change,"@customer: @AmericanAir need to change flight AA1428 to tomorrow, fare difference?",You can change most main-cabin+ tickets at aa.com/manage (fare difference may apply). DM your record locator and new date and I will outline exact steps.
t2131,refund compensation,refund_compensation,@customer: @AmericanAir want voucher for 5hr delay AA2683 in DCA,"If we cancelled, you may choose refund or trip credit at aa.com/refunds (refundable to original payment within 7 days). DM your record locator."
t2132,loyalty account,loyalty_account,"@customer: @AmericanAir cant login AAdvantage, reset not working",Miles post within 48 hrs; request missing miles at aa.com/missingmiles with ticket number. DM details (never share password).
t2133,loyalty account,loyalty_account,"@customer: gold status not showing, flight AA2406 tomorrow",Miles post within 48 hrs; request missing miles at aa.com/missingmiles with ticket number. DM details (never share password).
t2134,praise other,praise_other,@customer: thanks crew on aa2263 great landing in mia! pls help asap,Thanks for flying with us! Let us know if you need anything on AA2263.
t2135,cancellation,cancellation,"@customer: flight AA2147 cancelled, stranded in DFW tonight, help",Sorry your flight AA2147 was cancelled. You can rebook free on the next available American flight at aa.com/manage or in the app. DM your record locator for help.
t2136,booking change,booking_change,@customer: change name spelling on reservation wc3dej how? pls help asap,You can change most main-cabin+ tickets at aa.com/manage (fare difference may apply). DM your record locator and new date and I will outline exact steps.
t2137,booking change,booking_change,@customer: can i switch seat / add bag on booking zbwrwn? pls help asap,You can change most main-cabin+ tickets at aa.com/manage (fare difference may apply). DM your record locator and new date and I will outline exact steps.
t2138,cancellation,cancellation,"@customer: @AmericanAir cancelled on me at gate DCA, rebook options?",Sorry your flight AA1737 was cancelled. You can rebook free on the next available American flight at aa.com/manage or in the app. DM your record locator for help.
t2139,refund compensation,refund_compensation,"@customer: trip credit not received for AA1097, booking FUF64Z","If we cancelled, you may choose refund or trip credit at aa.com/refunds (refundable to original payment within 7 days). DM your record locator."
t2140,baggage,baggage,"@customer: @AmericanAir bag missing since yesterday flight AA2013 at JFK, tag X9FB65",Sorry about your bag. Please file a report at aa.com/baggage within 4 hrs and track in the app; keep receipts for essentials. DM your tag/record locator.
t2141,checkin boarding,checkin_boarding,@customer: what gate for AA759 at DCA? boarding group 4 when?,"Check in from 24 hrs in the app; gates close 15 min before departure. Try app refresh, or kiosk with confirmation code. DM your record locator if still blocked."
t2142,praise other,praise_other,"@customer: @AmericanAir love the new app, smooth checkin",Thanks for flying with us! Let us know if you need anything on AA464.
t2143,praise other,praise_other,"@customer: @AmericanAir love the new app, smooth checkin",Thanks for flying with us! Let us know if you need anything on AA1109.
t2144,booking change,booking_change,"@customer: change name spelling on reservation XNKWKE, how?",You can change most main-cabin+ tickets at aa.com/manage (fare difference may apply). DM your record locator and new date and I will outline exact steps.
t2145,loyalty account,loyalty_account,"@customer: @AmericanAir miles missing for flight AA743, AAdvantage U4K8SR",Miles post within 48 hrs; request missing miles at aa.com/missingmiles with ticket number. DM details (never share password).
t2146,complaint service,complaint_service,"@customer: never flying again, worst service AA2227, filing DOT complaint",I am sorry you experienced this on AA2227. I am escalating to a human specialist with a case number. Please DM your record locator + details.
t2147,cancellation,cancellation,"@customer: flight AA2555 cancelled, stranded in JFK tonight, help",Sorry your flight AA2555 was cancelled. You can rebook free on the next available American flight at aa.com/manage or in the app. DM your record locator for help.
t2148,checkin boarding,checkin_boarding,"@customer: @AmericanAir cant check in flight AA1720, app error, leaves in 2 hours","Check in from 24 hrs in the app; gates close 15 min before departure. Try app refresh, or kiosk with confirmation code. DM your record locator if still blocked."
t2149,booking change,booking_change,@customer: @AmericanAir can I switch seat / add bag on booking TPSF4G?,You can change most main-cabin+ tickets at aa.com/manage (fare difference may apply). DM your record locator and new date and I will outline exact steps.
t2150,praise other,praise_other,@customer: do you fly to ORD direct from DFW?,Thanks for flying with us! Let us know if you need anything on AA1443.
t2151,refund compensation,refund_compensation,"@customer: trip credit not received for AA2609, booking T38XUL","If we cancelled, you may choose refund or trip credit at aa.com/refunds (refundable to original payment within 7 days). DM your record locator."
t2152,flight delay,flight_delay,"@customer: AA AA2119 delayed, need hotel tonight in LAX, who pays?",Sorry for the delay on AA2119. Please check live status in the American app and speak to the gate agent about rebooking/meal voucher if 3+ hrs (aa.com/manage). DM your record locator and I can walk you through options.
t2153,flight delay,flight_delay,"@customer: @AmericanAir flight AA2608 delayed 4hrs, will I miss my connection in PHX?",Sorry for the delay on AA2608. Please check live status in the American app and speak to the gate agent about rebooking/meal voucher if 3+ hrs (aa.com/manage). DM your record locator and I can walk you through options.
t2154,loyalty account,loyalty_account,@customer: miles missing for flight aa1372 aadvantage 962ea4 pls help asap,Miles post within 48 hrs; request missing miles at aa.com/missingmiles with ticket number. DM details (never share password).
t2155,flight delay,flight_delay,"@customer: @AmericanAir flight AA983 delayed 1hrs, will I miss my connection in JFK?",Sorry for the delay on AA983. Please check live status in the American app and speak to the gate agent about rebooking/meal voucher if 3+ hrs (aa.com/manage). DM your record locator and I can walk you through options.
t2156,checkin boarding,checkin_boarding,"@customer: @AmericanAir boarding pass wont load, gate 57 at MIA","Check in from 24 hrs in the app; gates close 15 min before departure. Try app refresh, or kiosk with confirmation code. DM your record locator if still blocked."
t2157,flight delay,flight_delay,"@customer: @AmericanAir flight AA611 delayed 2hrs, will I miss my connection in ORD?",Sorry for the delay on AA611. Please check live status in the American app and speak to the gate agent about rebooking/meal voucher if 3+ hrs (aa.com/manage). DM your record locator and I can walk you through options.
t2158,refund compensation,refund_compensation,"@customer: trip credit not received for AA2767, booking A488JC","If we cancelled, you may choose refund or trip credit at aa.com/refunds (refundable to original payment within 7 days). DM your record locator."
t2159,baggage,baggage,"@customer: @AmericanAir damaged suitcase on AA240, claim process?",Sorry about your bag. Please file a report at aa.com/baggage within 4 hrs and track in the app; keep receipts for essentials. DM your tag/record locator.
t2160,baggage,baggage,"@customer: @AmericanAir bag missing since yesterday flight AA2416 at MIA, tag LMZRWP",Sorry about your bag. Please file a report at aa.com/baggage within 4 hrs and track in the app; keep receipts for essentials. DM your tag/record locator.
t2161,flight delay,flight_delay,@customer: stuck at clt delay again crew says 2hr wait what now? pls help asap,Sorry for the delay on AA2110. Please check live status in the American app and speak to the gate agent about rebooking/meal voucher if 3+ hrs (aa.com/manage). DM your record locator and I can walk you through options.
t2162,praise other,praise_other,"@customer: @AmericanAir thanks crew on AA2182, great landing in CLT!",Thanks for flying with us! Let us know if you need anything on AA2182.
t2163,loyalty account,loyalty_account,"@customer: @AmericanAir miles missing for flight AA1465, AAdvantage N77DPW",Miles post within 48 hrs; request missing miles at aa.com/missingmiles with ticket number. DM details (never share password).
t2164,cancellation,cancellation,@customer: flight aa1826 cancelled stranded in dca tonight help pls help asap,Sorry your flight AA1826 was cancelled. You can rebook free on the next available American flight at aa.com/manage or in the app. DM your record locator for help.
t2165,complaint service,complaint_service,"@customer: never flying again, worst service AA1538, filing DOT complaint",I am sorry you experienced this on AA1538. I am escalating to a human specialist with a case number. Please DM your record locator + details.
t2166,booking change,booking_change,"@customer: change name spelling on reservation 22SHMB, how?",You can change most main-cabin+ tickets at aa.com/manage (fare difference may apply). DM your record locator and new date and I will outline exact steps.
t2167,cancellation,cancellation,"@customer: @AmericanAir you cancelled flight AA2139 to DCA today, need rebook ASAP",Sorry your flight AA2139 was cancelled. You can rebook free on the next available American flight at aa.com/manage or in the app. DM your record locator for help.
t2168,complaint service,complaint_service,"@customer: @AmericanAir crew on AA2560 was rude to my mother, unacceptable",I am sorry you experienced this on AA2560. I am escalating to a human specialist with a case number. Please DM your record locator + details.
t2169,booking change,booking_change,@customer: @AmericanAir can I switch seat / add bag on booking C9RU8T?,You can change most main-cabin+ tickets at aa.com/manage (fare difference may apply). DM your record locator and new date and I will outline exact steps.
t2170,complaint service,complaint_service,"@customer: never flying again, worst service AA407, filing DOT complaint",I am sorry you experienced this on AA407. I am escalating to a human specialist with a case number. Please DM your record locator + details.
t2171,refund compensation,refund_compensation,@customer: trip credit not received for aa2315 booking hk8wza pls help asap,"If we cancelled, you may choose refund or trip credit at aa.com/refunds (refundable to original payment within 7 days). DM your record locator."
t2172,refund compensation,refund_compensation,@customer: refund for cancelled aa1232? nonrefundable but you cancelled pls help asap,"If we cancelled, you may choose refund or trip credit at aa.com/refunds (refundable to original payment within 7 days). DM your record locator."
t2173,complaint service,complaint_service,@customer: never flying again worst service aa855 filing dot complaint pls help asap,I am sorry you experienced this on AA855. I am escalating to a human specialist with a case number. Please DM your record locator + details.
t2174,refund compensation,refund_compensation,"@customer: trip credit not received for AA1876, booking DXWMFM","If we cancelled, you may choose refund or trip credit at aa.com/refunds (refundable to original payment within 7 days). DM your record locator."
t2175,refund compensation,refund_compensation,@customer: @AmericanAir want voucher for 5hr delay AA767 in ORD,"If we cancelled, you may choose refund or trip credit at aa.com/refunds (refundable to original payment within 7 days). DM your record locator."
t2176,booking change,booking_change,"@customer: change name spelling on reservation A9BYCB, how?",You can change most main-cabin+ tickets at aa.com/manage (fare difference may apply). DM your record locator and new date and I will outline exact steps.
t2177,praise other,praise_other,@customer: do you fly to CLT direct from DFW?,Thanks for flying with us! Let us know if you need anything on AA1911.
t2178,booking change,booking_change,"@customer: @AmericanAir need to change flight AA1058 to tomorrow, fare difference?",You can change most main-cabin+ tickets at aa.com/manage (fare difference may apply). DM your record locator and new date and I will outline exact steps.
t2179,cancellation,cancellation,"@customer: @AmericanAir cancelled on me at gate CLT, rebook options?",Sorry your flight AA1781 was cancelled. You can rebook free on the next available American flight at aa.com/manage or in the app. DM your record locator for help.
t2180,complaint service,complaint_service,"@customer: never flying again, worst service AA1188, filing DOT complaint",I am sorry you experienced this on AA1188. I am escalating to a human specialist with a case number. Please DM your record locator + details.
t2181,loyalty account,loyalty_account,"@customer: @AmericanAir cant login AAdvantage, reset not working",Miles post within 48 hrs; request missing miles at aa.com/missingmiles with ticket number. DM details (never share password).
t2182,baggage,baggage,"@customer: @AmericanAir bag missing since yesterday flight AA1376 at MIA, tag 7G4YRV",Sorry about your bag. Please file a report at aa.com/baggage within 4 hrs and track in the app; keep receipts for essentials. DM your tag/record locator.
t2183,baggage,baggage,"@customer: @AmericanAir damaged suitcase on AA582, claim process?",Sorry about your bag. Please file a report at aa.com/baggage within 4 hrs and track in the app; keep receipts for essentials. DM your tag/record locator.
t2184,booking change,booking_change,"@customer: change name spelling on reservation 33X5WK, how?",You can change most main-cabin+ tickets at aa.com/manage (fare difference may apply). DM your record locator and new date and I will outline exact steps.
t2185,booking change,booking_change,@customer: can i switch seat / add bag on booking nbshdc? pls help asap,You can change most main-cabin+ tickets at aa.com/manage (fare difference may apply). DM your record locator and new date and I will outline exact steps.
t2186,refund compensation,refund_compensation,@customer: @AmericanAir want voucher for 5hr delay AA1363 in ORD,"If we cancelled, you may choose refund or trip credit at aa.com/refunds (refundable to original payment within 7 days). DM your record locator."
t2187,praise other,praise_other,@customer: do you fly to DFW direct from DFW?,Thanks for flying with us! Let us know if you need anything on AA1700.
t2188,flight delay,flight_delay,"@customer: @AmericanAir flight AA2529 delayed 3hrs, will I miss my connection in DCA?",Sorry for the delay on AA2529. Please check live status in the American app and speak to the gate agent about rebooking/meal voucher if 3+ hrs (aa.com/manage). DM your record locator and I can walk you through options.
t2189,refund compensation,refund_compensation,@customer: @AmericanAir refund for cancelled AA208? nonrefundable but you cancelled,"If we cancelled, you may choose refund or trip credit at aa.com/refunds (refundable to original payment within 7 days). DM your record locator."
t2190,praise other,praise_other,@customer: love the new app smooth checkin pls help asap,Thanks for flying with us! Let us know if you need anything on AA824.
t2191,booking change,booking_change,"@customer: @AmericanAir need to change flight AA2839 to tomorrow, fare difference?",You can change most main-cabin+ tickets at aa.com/manage (fare difference may apply). DM your record locator and new date and I will outline exact steps.
t2192,baggage,baggage,"@customer: @AmericanAir bag missing since yesterday flight AA1967 at MIA, tag FA82B3",Sorry about your bag. Please file a report at aa.com/baggage within 4 hrs and track in the app; keep receipts for essentials. DM your tag/record locator.
t2193,complaint service,complaint_service,"@customer: never flying again, worst service AA956, filing DOT complaint",I am sorry you experienced this on AA956. I am escalating to a human specialist with a case number. Please DM your record locator + details.
t2194,praise other,praise_other,@customer: love the new app smooth checkin pls help asap,Thanks for flying with us! Let us know if you need anything on AA1570.
t2195,cancellation,cancellation,"@customer: @AmericanAir you cancelled flight AA2887 to PHX today, need rebook ASAP",Sorry your flight AA2887 was cancelled. You can rebook free on the next available American flight at aa.com/manage or in the app. DM your record locator for help.
t2196,praise other,praise_other,@customer: do you fly to CLT direct from DFW?,Thanks for flying with us! Let us know if you need anything on AA2786.
t2197,cancellation,cancellation,"@customer: @AmericanAir cancelled on me at gate ORD, rebook options?",Sorry your flight AA1615 was cancelled. You can rebook free on the next available American flight at aa.com/manage or in the app. DM your record locator for help.
t2198,cancellation,cancellation,"@customer: flight AA2602 cancelled, stranded in PHX tonight, help",Sorry your flight AA2602 was cancelled. You can rebook free on the next available American flight at aa.com/manage or in the app. DM your record locator for help.
t2199,cancellation,cancellation,"@customer: flight AA2809 cancelled, stranded in MIA tonight, help",Sorry your flight AA2809 was cancelled. You can rebook free on the next available American flight at aa.com/manage or in the app. DM your record locator for help.
t2200,checkin boarding,checkin_boarding,"@customer: @AmericanAir cant check in flight AA2849, app error, leaves in 2 hours","Check in from 24 hrs in the app; gates close 15 min before departure. Try app refresh, or kiosk with confirmation code. DM your record locator if still blocked."
t2201,cancellation,cancellation,"@customer: @AmericanAir cancelled on me at gate ORD, rebook options?",Sorry your flight AA2628 was cancelled. You can rebook free on the next available American flight at aa.com/manage or in the app. DM your record locator for help.
t2202,loyalty account,loyalty_account,"@customer: @AmericanAir cant login AAdvantage, reset not working",Miles post within 48 hrs; request missing miles at aa.com/missingmiles with ticket number. DM details (never share password).
t2203,baggage,baggage,"@customer: @AmericanAir damaged suitcase on AA1089, claim process?",Sorry about your bag. Please file a report at aa.com/baggage within 4 hrs and track in the app; keep receipts for essentials. DM your tag/record locator.
t2204,refund compensation,refund_compensation,"@customer: trip credit not received for AA2366, booking JJHTB5","If we cancelled, you may choose refund or trip credit at aa.com/refunds (refundable to original payment within 7 days). DM your record locator."
t2205,baggage,baggage,"@customer: charged $75 bag fee but told free, flight AA2383, refund?",Sorry about your bag. Please file a report at aa.com/baggage within 4 hrs and track in the app; keep receipts for essentials. DM your tag/record locator.
t2206,praise other,praise_other,"@customer: @AmericanAir love the new app, smooth checkin",Thanks for flying with us! Let us know if you need anything on AA2290.
t2207,cancellation,cancellation,"@customer: flight AA1205 cancelled, stranded in JFK tonight, help",Sorry your flight AA1205 was cancelled. You can rebook free on the next available American flight at aa.com/manage or in the app. DM your record locator for help.
t2208,praise other,praise_other,"@customer: @AmericanAir love the new app, smooth checkin",Thanks for flying with us! Let us know if you need anything on AA2655.
t2209,refund compensation,refund_compensation,@customer: trip credit not received for aa1083 booking fpyaqq pls help asap,"If we cancelled, you may choose refund or trip credit at aa.com/refunds (refundable to original payment within 7 days). DM your record locator."
t2210,refund compensation,refund_compensation,"@customer: trip credit not received for AA380, booking BF27DY","If we cancelled, you may choose refund or trip credit at aa.com/refunds (refundable to original payment within 7 days). DM your record locator."
t2211,cancellation,cancellation,"@customer: @AmericanAir you cancelled flight AA1811 to DFW today, need rebook ASAP",Sorry your flight AA1811 was cancelled. You can rebook free on the next available American flight at aa.com/manage or in the app. DM your record locator for help.
t2212,refund compensation,refund_compensation,@customer: @AmericanAir want voucher for 5hr delay AA2295 in JFK,"If we cancelled, you may choose refund or trip credit at aa.com/refunds (refundable to original payment within 7 days). DM your record locator."
t2213,booking change,booking_change,"@customer: change name spelling on reservation MN8MJ8, how?",You can change most main-cabin+ tickets at aa.com/manage (fare difference may apply). DM your record locator and new date and I will outline exact steps.
t2214,cancellation,cancellation,"@customer: @AmericanAir you cancelled flight AA1293 to JFK today, need rebook ASAP",Sorry your flight AA1293 was cancelled. You can rebook free on the next available American flight at aa.com/manage or in the app. DM your record locator for help.
t2215,loyalty account,loyalty_account,@customer: miles missing for flight aa592 aadvantage uhrhba pls help asap,Miles post within 48 hrs; request missing miles at aa.com/missingmiles with ticket number. DM details (never share password).
t2216,booking change,booking_change,"@customer: @AmericanAir need to change flight AA2666 to tomorrow, fare difference?",You can change most main-cabin+ tickets at aa.com/manage (fare difference may apply). DM your record locator and new date and I will outline exact steps.
t2217,complaint service,complaint_service,@customer: crew on aa1327 was rude to my mother unacceptable pls help asap,I am sorry you experienced this on AA1327. I am escalating to a human specialist with a case number. Please DM your record locator + details.
t2218,complaint service,complaint_service,"@customer: @AmericanAir discriminated at gate CLT, want supervisor + case",I am sorry you experienced this on AA1089. I am escalating to a human specialist with a case number. Please DM your record locator + details.
t2219,loyalty account,loyalty_account,"@customer: gold status not showing, flight AA1353 tomorrow",Miles post within 48 hrs; request missing miles at aa.com/missingmiles with ticket number. DM details (never share password).
t2220,cancellation,cancellation,@customer: cancelled on me at gate dfw rebook options? pls help asap,Sorry your flight AA196 was cancelled. You can rebook free on the next available American flight at aa.com/manage or in the app. DM your record locator for help.
t2221,praise other,praise_other,"@customer: @AmericanAir thanks crew on AA2296, great landing in CLT!",Thanks for flying with us! Let us know if you need anything on AA2296.
t2222,refund compensation,refund_compensation,"@customer: trip credit not received for AA799, booking 84RVUL","If we cancelled, you may choose refund or trip credit at aa.com/refunds (refundable to original payment within 7 days). DM your record locator."
t2223,booking change,booking_change,@customer: @AmericanAir can I switch seat / add bag on booking C2ASQC?,You can change most main-cabin+ tickets at aa.com/manage (fare difference may apply). DM your record locator and new date and I will outline exact steps.
t2224,flight delay,flight_delay,"@customer: AA AA2712 delayed, need hotel tonight in JFK, who pays?",Sorry for the delay on AA2712. Please check live status in the American app and speak to the gate agent about rebooking/meal voucher if 3+ hrs (aa.com/manage). DM your record locator and I can walk you through options.
t2225,booking change,booking_change,"@customer: @AmericanAir need to change flight AA834 to tomorrow, fare difference?",You can change most main-cabin+ tickets at aa.com/manage (fare difference may apply). DM your record locator and new date and I will outline exact steps.
t2226,cancellation,cancellation,"@customer: flight AA1083 cancelled, stranded in DFW tonight, help",Sorry your flight AA1083 was cancelled. You can rebook free on the next available American flight at aa.com/manage or in the app. DM your record locator for help.
t2227,checkin boarding,checkin_boarding,@customer: what gate for AA1843 at PHX? boarding group 4 when?,"Check in from 24 hrs in the app; gates close 15 min before departure. Try app refresh, or kiosk with confirmation code. DM your record locator if still blocked."
t2228,refund compensation,refund_compensation,"@customer: trip credit not received for AA116, booking YZYJ5Z","If we cancelled, you may choose refund or trip credit at aa.com/refunds (refundable to original payment within 7 days). DM your record locator."
t2229,checkin boarding,checkin_boarding,"@customer: @AmericanAir cant check in flight AA339, app error, leaves in 2 hours","Check in from 24 hrs in the app; gates close 15 min before departure. Try app refresh, or kiosk with confirmation code. DM your record locator if still blocked."
t2230,complaint service,complaint_service,"@customer: @AmericanAir crew on AA2234 was rude to my mother, unacceptable",I am sorry you experienced this on AA2234. I am escalating to a human specialist with a case number. Please DM your record locator + details.
t2231,cancellation,cancellation,"@customer: flight AA915 cancelled, stranded in DFW tonight, help",Sorry your flight AA915 was cancelled. You can rebook free on the next available American flight at aa.com/manage or in the app. DM your record locator for help.
t2232,praise other,praise_other,@customer: do you fly to LAX direct from DFW?,Thanks for flying with us! Let us know if you need anything on AA1486.
t2233,complaint service,complaint_service,"@customer: @AmericanAir crew on AA1932 was rude to my mother, unacceptable",I am sorry you experienced this on AA1932. I am escalating to a human specialist with a case number. Please DM your record locator + details.
t2234,booking change,booking_change,@customer: @AmericanAir can I switch seat / add bag on booking BMFPXB?,You can change most main-cabin+ tickets at aa.com/manage (fare difference may apply). DM your record locator and new date and I will outline exact steps.
t2235,praise other,praise_other,@customer: do you fly to PHX direct from DFW?,Thanks for flying with us! Let us know if you need anything on AA1329.
t2236,refund compensation,refund_compensation,@customer: @AmericanAir want voucher for 5hr delay AA2265 in ORD,"If we cancelled, you may choose refund or trip credit at aa.com/refunds (refundable to original payment within 7 days). DM your record locator."
t2237,flight delay,flight_delay,"@customer: AA AA1777 delayed, need hotel tonight in PHX, who pays?",Sorry for the delay on AA1777. Please check live status in the American app and speak to the gate agent about rebooking/meal voucher if 3+ hrs (aa.com/manage). DM your record locator and I can walk you through options.
t2238,praise other,praise_other,@customer: do you fly to LAX direct from DFW?,Thanks for flying with us! Let us know if you need anything on AA2756.
t2239,complaint service,complaint_service,"@customer: @AmericanAir crew on AA2404 was rude to my mother, unacceptable",I am sorry you experienced this on AA2404. I am escalating to a human specialist with a case number. Please DM your record locator + details.
t2240,refund compensation,refund_compensation,"@customer: trip credit not received for AA1498, booking B49VST","If we cancelled, you may choose refund or trip credit at aa.com/refunds (refundable to original payment within 7 days). DM your record locator."
t2241,baggage,baggage,"@customer: @AmericanAir damaged suitcase on AA2513, claim process?",Sorry about your bag. Please file a report at aa.com/baggage within 4 hrs and track in the app; keep receipts for essentials. DM your tag/record locator.
t2242,cancellation,cancellation,"@customer: @AmericanAir you cancelled flight AA2030 to PHX today, need rebook ASAP",Sorry your flight AA2030 was cancelled. You can rebook free on the next available American flight at aa.com/manage or in the app. DM your record locator for help.
t2243,baggage,baggage,"@customer: @AmericanAir damaged suitcase on AA1146, claim process?",Sorry about your bag. Please file a report at aa.com/baggage within 4 hrs and track in the app; keep receipts for essentials. DM your tag/record locator.
t2244,loyalty account,loyalty_account,"@customer: gold status not showing, flight AA2336 tomorrow",Miles post within 48 hrs; request missing miles at aa.com/missingmiles with ticket number. DM details (never share password).
t2245,praise other,praise_other,@customer: do you fly to DCA direct from DFW?,Thanks for flying with us! Let us know if you need anything on AA1490.
t2246,checkin boarding,checkin_boarding,@customer: boarding pass wont load gate 12 at clt pls help asap,"Check in from 24 hrs in the app; gates close 15 min before departure. Try app refresh, or kiosk with confirmation code. DM your record locator if still blocked."
t2247,cancellation,cancellation,"@customer: flight AA1562 cancelled, stranded in LAX tonight, help",Sorry your flight AA1562 was cancelled. You can rebook free on the next available American flight at aa.com/manage or in the app. DM your record locator for help.
t2248,booking change,booking_change,"@customer: @AmericanAir need to change flight AA2948 to tomorrow, fare difference?",You can change most main-cabin+ tickets at aa.com/manage (fare difference may apply). DM your record locator and new date and I will outline exact steps.
t2249,baggage,baggage,"@customer: @AmericanAir bag missing since yesterday flight AA295 at CLT, tag 7LL9P7",Sorry about your bag. Please file a report at aa.com/baggage within 4 hrs and track in the app; keep receipts for essentials. DM your tag/record locator.
t2250,refund compensation,refund_compensation,@customer: @AmericanAir refund for cancelled AA2799? nonrefundable but you cancelled,"If we cancelled, you may choose refund or trip credit at aa.com/refunds (refundable to original payment within 7 days). DM your record locator."
t2251,loyalty account,loyalty_account,"@customer: @AmericanAir cant login AAdvantage, reset not working",Miles post within 48 hrs; request missing miles at aa.com/missingmiles with ticket number. DM details (never share password).
t2252,refund compensation,refund_compensation,@customer: refund for cancelled aa425? nonrefundable but you cancelled pls help asap,"If we cancelled, you may choose refund or trip credit at aa.com/refunds (refundable to original payment within 7 days). DM your record locator."
t2253,baggage,baggage,"@customer: charged $75 bag fee but told free, flight AA374, refund?",Sorry about your bag. Please file a report at aa.com/baggage within 4 hrs and track in the app; keep receipts for essentials. DM your tag/record locator.
t2254,refund compensation,refund_compensation,@customer: @AmericanAir want voucher for 5hr delay AA934 in CLT,"If we cancelled, you may choose refund or trip credit at aa.com/refunds (refundable to original payment within 7 days). DM your record locator."
t2255,complaint service,complaint_service,@customer: discriminated at gate dfw want supervisor + case pls help asap,I am sorry you experienced this on AA1726. I am escalating to a human specialist with a case number. Please DM your record locator + details.
t2256,praise other,praise_other,@customer: love the new app smooth checkin pls help asap,Thanks for flying with us! Let us know if you need anything on AA546.
t2257,checkin boarding,checkin_boarding,@customer: what gate for AA1005 at DCA? boarding group 4 when?,"Check in from 24 hrs in the app; gates close 15 min before departure. Try app refresh, or kiosk with confirmation code. DM your record locator if still blocked."
t2258,baggage,baggage,"@customer: @AmericanAir bag missing since yesterday flight AA2884 at DFW, tag 7ALCT8",Sorry about your bag. Please file a report at aa.com/baggage within 4 hrs and track in the app; keep receipts for essentials. DM your tag/record locator.
t2259,flight delay,flight_delay,"@customer: @AmericanAir stuck at LAX, delay again, crew says 5hr wait, what now?",Sorry for the delay on AA1590. Please check live status in the American app and speak to the gate agent about rebooking/meal voucher if 3+ hrs (aa.com/manage). DM your record locator and I can walk you through options.
t2260,cancellation,cancellation,"@customer: flight AA1615 cancelled, stranded in MIA tonight, help",Sorry your flight AA1615 was cancelled. You can rebook free on the next available American flight at aa.com/manage or in the app. DM your record locator for help.
t2261,refund compensation,refund_compensation,@customer: @AmericanAir want voucher for 5hr delay AA736 in DCA,"If we cancelled, you may choose refund or trip credit at aa.com/refunds (refundable to original payment within 7 days). DM your record locator."
t2262,complaint service,complaint_service,"@customer: never flying again, worst service AA2661, filing DOT complaint",I am sorry you experienced this on AA2661. I am escalating to a human specialist with a case number. Please DM your record locator + details.
t2263,refund compensation,refund_compensation,@customer: @AmericanAir refund for cancelled AA1035? nonrefundable but you cancelled,"If we cancelled, you may choose refund or trip credit at aa.com/refunds (refundable to original payment within 7 days). DM your record locator."
t2264,baggage,baggage,"@customer: charged $75 bag fee but told free, flight AA2271, refund?",Sorry about your bag. Please file a report at aa.com/baggage within 4 hrs and track in the app; keep receipts for essentials. DM your tag/record locator.
t2265,praise other,praise_other,@customer: do you fly to DFW direct from DFW?,Thanks for flying with us! Let us know if you need anything on AA353.
t2266,checkin boarding,checkin_boarding,@customer: what gate for AA2894 at ORD? boarding group 4 when?,"Check in from 24 hrs in the app; gates close 15 min before departure. Try app refresh, or kiosk with confirmation code. DM your record locator if still blocked."
t2267,flight delay,flight_delay,@customer: aa aa2415 delayed need hotel tonight in lax who pays? pls help asap,Sorry for the delay on AA2415. Please check live status in the American app and speak to the gate agent about rebooking/meal voucher if 3+ hrs (aa.com/manage). DM your record locator and I can walk you through options.
t2268,loyalty account,loyalty_account,"@customer: @AmericanAir cant login AAdvantage, reset not working",Miles post within 48 hrs; request missing miles at aa.com/missingmiles with ticket number. DM details (never share password).
t2269,booking change,booking_change,@customer: @AmericanAir can I switch seat / add bag on booking WP7MEP?,You can change most main-cabin+ tickets at aa.com/manage (fare difference may apply). DM your record locator and new date and I will outline exact steps.
t2270,refund compensation,refund_compensation,@customer: @AmericanAir refund for cancelled AA2062? nonrefundable but you cancelled,"If we cancelled, you may choose refund or trip credit at aa.com/refunds (refundable to original payment within 7 days). DM your record locator."
t2271,refund compensation,refund_compensation,@customer: @AmericanAir want voucher for 5hr delay AA1604 in ORD,"If we cancelled, you may choose refund or trip credit at aa.com/refunds (refundable to original payment within 7 days). DM your record locator."
t2272,baggage,baggage,"@customer: charged $75 bag fee but told free, flight AA704, refund?",Sorry about your bag. Please file a report at aa.com/baggage within 4 hrs and track in the app; keep receipts for essentials. DM your tag/record locator.
t2273,cancellation,cancellation,"@customer: @AmericanAir cancelled on me at gate CLT, rebook options?",Sorry your flight AA2133 was cancelled. You can rebook free on the next available American flight at aa.com/manage or in the app. DM your record locator for help.
t2274,booking change,booking_change,"@customer: change name spelling on reservation FSEAUW, how?",You can change most main-cabin+ tickets at aa.com/manage (fare difference may apply). DM your record locator and new date and I will outline exact steps.
t2275,complaint service,complaint_service,"@customer: never flying again, worst service AA2643, filing DOT complaint",I am sorry you experienced this on AA2643. I am escalating to a human specialist with a case number. Please DM your record locator + details.
t2276,praise other,praise_other,@customer: do you fly to CLT direct from DFW?,Thanks for flying with us! Let us know if you need anything on AA1089.
t2277,baggage,baggage,"@customer: charged $75 bag fee but told free, flight AA2610, refund?",Sorry about your bag. Please file a report at aa.com/baggage within 4 hrs and track in the app; keep receipts for essentials. DM your tag/record locator.
t2278,flight delay,flight_delay,@customer: stuck at dca delay again crew says 2hr wait what now? pls help asap,Sorry for the delay on AA990. Please check live status in the American app and speak to the gate agent about rebooking/meal voucher if 3+ hrs (aa.com/manage). DM your record locator and I can walk you through options.
t2279,refund compensation,refund_compensation,@customer: @AmericanAir refund for cancelled AA2493? nonrefundable but you cancelled,"If we cancelled, you may choose refund or trip credit at aa.com/refunds (refundable to original payment within 7 days). DM your record locator."
t2280,praise other,praise_other,@customer: do you fly to JFK direct from DFW?,Thanks for flying with us! Let us know if you need anything on AA768.
t2281,loyalty account,loyalty_account,"@customer: @AmericanAir miles missing for flight AA736, AAdvantage 2ESRPC",Miles post within 48 hrs; request missing miles at aa.com/missingmiles with ticket number. DM details (never share password).
t2282,baggage,baggage,"@customer: @AmericanAir bag missing since yesterday flight AA172 at CLT, tag K5SD6E",Sorry about your bag. Please file a report at aa.com/baggage within 4 hrs and track in the app; keep receipts for essentials. DM your tag/record locator.
t2283,refund compensation,refund_compensation,@customer: @AmericanAir refund for cancelled AA1060? nonrefundable but you cancelled,"If we cancelled, you may choose refund or trip credit at aa.com/refunds (refundable to original payment within 7 days). DM your record locator."
t2284,checkin boarding,checkin_boarding,@customer: what gate for AA1118 at DFW? boarding group 4 when?,"Check in from 24 hrs in the app; gates close 15 min before departure. Try app refresh, or kiosk with confirmation code. DM your record locator if still blocked."
t2285,praise other,praise_other,"@customer: @AmericanAir thanks crew on AA982, great landing in ORD!",Thanks for flying with us! Let us know if you need anything on AA982.
t2286,loyalty account,loyalty_account,"@customer: gold status not showing, flight AA1107 tomorrow",Miles post within 48 hrs; request missing miles at aa.com/missingmiles with ticket number. DM details (never share password).
t2287,praise other,praise_other,@customer: do you fly to JFK direct from DFW?,Thanks for flying with us! Let us know if you need anything on AA2598.
t2288,baggage,baggage,@customer: bag missing since yesterday flight aa1068 at jfk tag muvkvn pls help asap,Sorry about your bag. Please file a report at aa.com/baggage within 4 hrs and track in the app; keep receipts for essentials. DM your tag/record locator.
t2289,checkin boarding,checkin_boarding,"@customer: @AmericanAir boarding pass wont load, gate 57 at LAX","Check in from 24 hrs in the app; gates close 15 min before departure. Try app refresh, or kiosk with confirmation code. DM your record locator if still blocked."
t2290,refund compensation,refund_compensation,@customer: refund for cancelled aa1191? nonrefundable but you cancelled pls help asap,"If we cancelled, you may choose refund or trip credit at aa.com/refunds (refundable to original payment within 7 days). DM your record locator."
t2291,baggage,baggage,"@customer: @AmericanAir bag missing since yesterday flight AA1634 at LAX, tag VGLY2F",Sorry about your bag. Please file a report at aa.com/baggage within 4 hrs and track in the app; keep receipts for essentials. DM your tag/record locator.
t2292,loyalty account,loyalty_account,"@customer: @AmericanAir miles missing for flight AA1896, AAdvantage KSQSY5",Miles post within 48 hrs; request missing miles at aa.com/missingmiles with ticket number. DM details (never share password).
t2293,checkin boarding,checkin_boarding,@customer: what gate for AA823 at PHX? boarding group 4 when?,"Check in from 24 hrs in the app; gates close 15 min before departure. Try app refresh, or kiosk with confirmation code. DM your record locator if still blocked."
t2294,flight delay,flight_delay,"@customer: AA AA499 delayed, need hotel tonight in CLT, who pays?",Sorry for the delay on AA499. Please check live status in the American app and speak to the gate agent about rebooking/meal voucher if 3+ hrs (aa.com/manage). DM your record locator and I can walk you through options.
t2295,checkin boarding,checkin_boarding,"@customer: @AmericanAir cant check in flight AA1097, app error, leaves in 2 hours","Check in from 24 hrs in the app; gates close 15 min before departure. Try app refresh, or kiosk with confirmation code. DM your record locator if still blocked."
t2296,cancellation,cancellation,"@customer: flight AA1067 cancelled, stranded in LAX tonight, help",Sorry your flight AA1067 was cancelled. You can rebook free on the next available American flight at aa.com/manage or in the app. DM your record locator for help.
t2297,loyalty account,loyalty_account,"@customer: @AmericanAir cant login AAdvantage, reset not working",Miles post within 48 hrs; request missing miles at aa.com/missingmiles with ticket number. DM details (never share password).
t2298,complaint service,complaint_service,"@customer: @AmericanAir discriminated at gate CLT, want supervisor + case",I am sorry you experienced this on AA852. I am escalating to a human specialist with a case number. Please DM your record locator + details.
t2299,praise other,praise_other,"@customer: @AmericanAir thanks crew on AA2423, great landing in CLT!",Thanks for flying with us! Let us know if you need anything on AA2423.
t2300,baggage,baggage,@customer: damaged suitcase on aa2471 claim process? pls help asap,Sorry about your bag. Please file a report at aa.com/baggage within 4 hrs and track in the app; keep receipts for essentials. DM your tag/record locator.
t2301,loyalty account,loyalty_account,"@customer: gold status not showing, flight AA932 tomorrow",Miles post within 48 hrs; request missing miles at aa.com/missingmiles with ticket number. DM details (never share password).
t2302,booking change,booking_change,"@customer: change name spelling on reservation 5UW228, how?",You can change most main-cabin+ tickets at aa.com/manage (fare difference may apply). DM your record locator and new date and I will outline exact steps.
t2303,booking change,booking_change,@customer: @AmericanAir can I switch seat / add bag on booking BEF954?,You can change most main-cabin+ tickets at aa.com/manage (fare difference may apply). DM your record locator and new date and I will outline exact steps.
t2304,loyalty account,loyalty_account,@customer: cant login aadvantage reset not working pls help asap,Miles post within 48 hrs; request missing miles at aa.com/missingmiles with ticket number. DM details (never share password).
t2305,cancellation,cancellation,"@customer: flight AA2751 cancelled, stranded in MIA tonight, help",Sorry your flight AA2751 was cancelled. You can rebook free on the next available American flight at aa.com/manage or in the app. DM your record locator for help.
t2306,baggage,baggage,"@customer: @AmericanAir bag missing since yesterday flight AA1244 at DFW, tag PDH79Z",Sorry about your bag. Please file a report at aa.com/baggage within 4 hrs and track in the app; keep receipts for essentials. DM your tag/record locator.
t2307,praise other,praise_other,"@customer: @AmericanAir love the new app, smooth checkin",Thanks for flying with us! Let us know if you need anything on AA2714.
t2308,refund compensation,refund_compensation,@customer: trip credit not received for aa929 booking dwqgnj pls help asap,"If we cancelled, you may choose refund or trip credit at aa.com/refunds (refundable to original payment within 7 days). DM your record locator."
t2309,flight delay,flight_delay,"@customer: @AmericanAir flight AA635 delayed 4hrs, will I miss my connection in CLT?",Sorry for the delay on AA635. Please check live status in the American app and speak to the gate agent about rebooking/meal voucher if 3+ hrs (aa.com/manage). DM your record locator and I can walk you through options.
t2310,baggage,baggage,"@customer: @AmericanAir bag missing since yesterday flight AA2076 at ORD, tag G636UK",Sorry about your bag. Please file a report at aa.com/baggage within 4 hrs and track in the app; keep receipts for essentials. DM your tag/record locator.
t2311,checkin boarding,checkin_boarding,"@customer: @AmericanAir cant check in flight AA1543, app error, leaves in 2 hours","Check in from 24 hrs in the app; gates close 15 min before departure. Try app refresh, or kiosk with confirmation code. DM your record locator if still blocked."
t2312,flight delay,flight_delay,"@customer: AA AA2150 delayed, need hotel tonight in LAX, who pays?",Sorry for the delay on AA2150. Please check live status in the American app and speak to the gate agent about rebooking/meal voucher if 3+ hrs (aa.com/manage). DM your record locator and I can walk you through options.
t2313,cancellation,cancellation,"@customer: @AmericanAir you cancelled flight AA1337 to ORD today, need rebook ASAP",Sorry your flight AA1337 was cancelled. You can rebook free on the next available American flight at aa.com/manage or in the app. DM your record locator for help.
t2314,complaint service,complaint_service,@customer: never flying again worst service aa2724 filing dot complaint pls help asap,I am sorry you experienced this on AA2724. I am escalating to a human specialist with a case number. Please DM your record locator + details.
t2315,cancellation,cancellation,"@customer: @AmericanAir you cancelled flight AA1996 to LAX today, need rebook ASAP",Sorry your flight AA1996 was cancelled. You can rebook free on the next available American flight at aa.com/manage or in the app. DM your record locator for help.
t2316,checkin boarding,checkin_boarding,@customer: what gate for aa895 at dca? boarding group 4 when? pls help asap,"Check in from 24 hrs in the app; gates close 15 min before departure. Try app refresh, or kiosk with confirmation code. DM your record locator if still blocked."
t2317,complaint service,complaint_service,"@customer: @AmericanAir discriminated at gate ORD, want supervisor + case",I am sorry you experienced this on AA977. I am escalating to a human specialist with a case number. Please DM your record locator + details.
t2318,cancellation,cancellation,"@customer: @AmericanAir you cancelled flight AA1097 to CLT today, need rebook ASAP",Sorry your flight AA1097 was cancelled. You can rebook free on the next available American flight at aa.com/manage or in the app. DM your record locator for help.
t2319,praise other,praise_other,@customer: do you fly to CLT direct from DFW?,Thanks for flying with us! Let us know if you need anything on AA1532.
t2320,loyalty account,loyalty_account,"@customer: @AmericanAir cant login AAdvantage, reset not working",Miles post within 48 hrs; request missing miles at aa.com/missingmiles with ticket number. DM details (never share password).
t2321,refund compensation,refund_compensation,@customer: @AmericanAir refund for cancelled AA1162? nonrefundable but you cancelled,"If we cancelled, you may choose refund or trip credit at aa.com/refunds (refundable to original payment within 7 days). DM your record locator."
t2322,booking change,booking_change,@customer: can i switch seat / add bag on booking wpxqvg? pls help asap,You can change most main-cabin+ tickets at aa.com/manage (fare difference may apply). DM your record locator and new date and I will outline exact steps.
t2323,praise other,praise_other,"@customer: @AmericanAir thanks crew on AA1427, great landing in PHX!",Thanks for flying with us! Let us know if you need anything on AA1427.
t2324,booking change,booking_change,@customer: @AmericanAir can I switch seat / add bag on booking 7R8FKQ?,You can change most main-cabin+ tickets at aa.com/manage (fare difference may apply). DM your record locator and new date and I will outline exact steps.
t2325,checkin boarding,checkin_boarding,"@customer: @AmericanAir boarding pass wont load, gate 58 at JFK","Check in from 24 hrs in the app; gates close 15 min before departure. Try app refresh, or kiosk with confirmation code. DM your record locator if still blocked."
t2326,praise other,praise_other,"@customer: @AmericanAir thanks crew on AA1953, great landing in DFW!",Thanks for flying with us! Let us know if you need anything on AA1953.
t2327,flight delay,flight_delay,"@customer: AA AA1436 delayed, need hotel tonight in MIA, who pays?",Sorry for the delay on AA1436. Please check live status in the American app and speak to the gate agent about rebooking/meal voucher if 3+ hrs (aa.com/manage). DM your record locator and I can walk you through options.
t2328,baggage,baggage,"@customer: charged $75 bag fee but told free, flight AA100, refund?",Sorry about your bag. Please file a report at aa.com/baggage within 4 hrs and track in the app; keep receipts for essentials. DM your tag/record locator.
t2329,refund compensation,refund_compensation,@customer: @AmericanAir refund for cancelled AA1152? nonrefundable but you cancelled,"If we cancelled, you may choose refund or trip credit at aa.com/refunds (refundable to original payment within 7 days). DM your record locator."
t2330,flight delay,flight_delay,"@customer: @AmericanAir flight AA837 delayed 3hrs, will I miss my connection in LAX?",Sorry for the delay on AA837. Please check live status in the American app and speak to the gate agent about rebooking/meal voucher if 3+ hrs (aa.com/manage). DM your record locator and I can walk you through options.
t2331,cancellation,cancellation,"@customer: @AmericanAir cancelled on me at gate JFK, rebook options?",Sorry your flight AA1779 was cancelled. You can rebook free on the next available American flight at aa.com/manage or in the app. DM your record locator for help.
t2332,refund compensation,refund_compensation,@customer: @AmericanAir refund for cancelled AA1947? nonrefundable but you cancelled,"If we cancelled, you may choose refund or trip credit at aa.com/refunds (refundable to original payment within 7 days). DM your record locator."
t2333,checkin boarding,checkin_boarding,@customer: what gate for AA1739 at DCA? boarding group 4 when?,"Check in from 24 hrs in the app; gates close 15 min before departure. Try app refresh, or kiosk with confirmation code. DM your record locator if still blocked."
t2334,baggage,baggage,"@customer: charged $75 bag fee but told free, flight AA2028, refund?",Sorry about your bag. Please file a report at aa.com/baggage within 4 hrs and track in the app; keep receipts for essentials. DM your tag/record locator.
t2335,praise other,praise_other,"@customer: @AmericanAir thanks crew on AA1031, great landing in LAX!",Thanks for flying with us! Let us know if you need anything on AA1031.
t2336,praise other,praise_other,"@customer: @AmericanAir love the new app, smooth checkin",Thanks for flying with us! Let us know if you need anything on AA1636.
t2337,complaint service,complaint_service,"@customer: never flying again, worst service AA2005, filing DOT complaint",I am sorry you experienced this on AA2005. I am escalating to a human specialist with a case number. Please DM your record locator + details.
t2338,checkin boarding,checkin_boarding,@customer: boarding pass wont load gate 44 at dfw pls help asap,"Check in from 24 hrs in the app; gates close 15 min before departure. Try app refresh, or kiosk with confirmation code. DM your record locator if still blocked."
t2339,booking change,booking_change,"@customer: change name spelling on reservation 55CXWT, how?",You can change most main-cabin+ tickets at aa.com/manage (fare difference may apply). DM your record locator and new date and I will outline exact steps.
t2340,booking change,booking_change,@customer: @AmericanAir can I switch seat / add bag on booking FUM4LD?,You can change most main-cabin+ tickets at aa.com/manage (fare difference may apply). DM your record locator and new date and I will outline exact steps.
t2341,booking change,booking_change,"@customer: change name spelling on reservation A2VHBX, how?",You can change most main-cabin+ tickets at aa.com/manage (fare difference may apply). DM your record locator and new date and I will outline exact steps.
t2342,booking change,booking_change,"@customer: @AmericanAir need to change flight AA2492 to tomorrow, fare difference?",You can change most main-cabin+ tickets at aa.com/manage (fare difference may apply). DM your record locator and new date and I will outline exact steps.
t2343,refund compensation,refund_compensation,"@customer: trip credit not received for AA441, booking DQ2QBZ","If we cancelled, you may choose refund or trip credit at aa.com/refunds (refundable to original payment within 7 days). DM your record locator."
t2344,flight delay,flight_delay,"@customer: @AmericanAir flight AA2770 delayed 1hrs, will I miss my connection in ORD?",Sorry for the delay on AA2770. Please check live status in the American app and speak to the gate agent about rebooking/meal voucher if 3+ hrs (aa.com/manage). DM your record locator and I can walk you through options.
t2345,baggage,baggage,"@customer: charged $75 bag fee but told free, flight AA1024, refund?",Sorry about your bag. Please file a report at aa.com/baggage within 4 hrs and track in the app; keep receipts for essentials. DM your tag/record locator.
t2346,flight delay,flight_delay,@customer: stuck at mia delay again crew says 2hr wait what now? pls help asap,Sorry for the delay on AA2191. Please check live status in the American app and speak to the gate agent about rebooking/meal voucher if 3+ hrs (aa.com/manage). DM your record locator and I can walk you through options.
t2347,checkin boarding,checkin_boarding,"@customer: @AmericanAir boarding pass wont load, gate 29 at MIA","Check in from 24 hrs in the app; gates close 15 min before departure. Try app refresh, or kiosk with confirmation code. DM your record locator if still blocked."
t2348,complaint service,complaint_service,"@customer: @AmericanAir discriminated at gate JFK, want supervisor + case",I am sorry you experienced this on AA919. I am escalating to a human specialist with a case number. Please DM your record locator + details.
t2349,complaint service,complaint_service,"@customer: @AmericanAir discriminated at gate MIA, want supervisor + case",I am sorry you experienced this on AA1077. I am escalating to a human specialist with a case number. Please DM your record locator + details.
t2350,complaint service,complaint_service,"@customer: @AmericanAir crew on AA1150 was rude to my mother, unacceptable",I am sorry you experienced this on AA1150. I am escalating to a human specialist with a case number. Please DM your record locator + details.
t2351,cancellation,cancellation,"@customer: flight AA807 cancelled, stranded in MIA tonight, help",Sorry your flight AA807 was cancelled. You can rebook free on the next available American flight at aa.com/manage or in the app. DM your record locator for help.
t2352,loyalty account,loyalty_account,"@customer: @AmericanAir miles missing for flight AA865, AAdvantage 927MQE",Miles post within 48 hrs; request missing miles at aa.com/missingmiles with ticket number. DM details (never share password).
t2353,flight delay,flight_delay,"@customer: @AmericanAir stuck at MIA, delay again, crew says 5hr wait, what now?",Sorry for the delay on AA1161. Please check live status in the American app and speak to the gate agent about rebooking/meal voucher if 3+ hrs (aa.com/manage). DM your record locator and I can walk you through options.
t2354,loyalty account,loyalty_account,@customer: miles missing for flight aa2097 aadvantage nyxdna pls help asap,Miles post within 48 hrs; request missing miles at aa.com/missingmiles with ticket number. DM details (never share password).
t2355,complaint service,complaint_service,"@customer: never flying again, worst service AA2714, filing DOT complaint",I am sorry you experienced this on AA2714. I am escalating to a human specialist with a case number. Please DM your record locator + details.
t2356,checkin boarding,checkin_boarding,"@customer: @AmericanAir cant check in flight AA1118, app error, leaves in 2 hours","Check in from 24 hrs in the app; gates close 15 min before departure. Try app refresh, or kiosk with confirmation code. DM your record locator if still blocked."
t2357,cancellation,cancellation,"@customer: @AmericanAir you cancelled flight AA356 to DCA today, need rebook ASAP",Sorry your flight AA356 was cancelled. You can rebook free on the next available American flight at aa.com/manage or in the app. DM your record locator for help.
t2358,booking change,booking_change,"@customer: @AmericanAir need to change flight AA1502 to tomorrow, fare difference?",You can change most main-cabin+ tickets at aa.com/manage (fare difference may apply). DM your record locator and new date and I will outline exact steps.
t2359,flight delay,flight_delay,"@customer: @AmericanAir stuck at DCA, delay again, crew says 3hr wait, what now?",Sorry for the delay on AA1882. Please check live status in the American app and speak to the gate agent about rebooking/meal voucher if 3+ hrs (aa.com/manage). DM your record locator and I can walk you through options.
t2360,baggage,baggage,"@customer: charged $75 bag fee but told free, flight AA2036, refund?",Sorry about your bag. Please file a report at aa.com/baggage within 4 hrs and track in the app; keep receipts for essentials. DM your tag/record locator.
t2361,booking change,booking_change,"@customer: change name spelling on reservation CDDTAL, how?",You can change most main-cabin+ tickets at aa.com/manage (fare difference may apply). DM your record locator and new date and I will outline exact steps.
t2362,loyalty account,loyalty_account,"@customer: @AmericanAir miles missing for flight AA1732, AAdvantage K4PMLE",Miles post within 48 hrs; request missing miles at aa.com/missingmiles with ticket number. DM details (never share password).
t2363,checkin boarding,checkin_boarding,"@customer: @AmericanAir cant check in flight AA534, app error, leaves in 2 hours","Check in from 24 hrs in the app; gates close 15 min before departure. Try app refresh, or kiosk with confirmation code. DM your record locator if still blocked."
t2364,checkin boarding,checkin_boarding,"@customer: @AmericanAir boarding pass wont load, gate 55 at CLT","Check in from 24 hrs in the app; gates close 15 min before departure. Try app refresh, or kiosk with confirmation code. DM your record locator if still blocked."
t2365,praise other,praise_other,"@customer: @AmericanAir thanks crew on AA1094, great landing in LAX!",Thanks for flying with us! Let us know if you need anything on AA1094.
t2366,refund compensation,refund_compensation,@customer: @AmericanAir refund for cancelled AA1729? nonrefundable but you cancelled,"If we cancelled, you may choose refund or trip credit at aa.com/refunds (refundable to original payment within 7 days). DM your record locator."
t2367,loyalty account,loyalty_account,"@customer: @AmericanAir miles missing for flight AA179, AAdvantage KJ6AX8",Miles post within 48 hrs; request missing miles at aa.com/missingmiles with ticket number. DM details (never share password).
t2368,booking change,booking_change,@customer: @AmericanAir can I switch seat / add bag on booking LFQA53?,You can change most main-cabin+ tickets at aa.com/manage (fare difference may apply). DM your record locator and new date and I will outline exact steps.
t2369,flight delay,flight_delay,"@customer: @AmericanAir flight AA680 delayed 2hrs, will I miss my connection in PHX?",Sorry for the delay on AA680. Please check live status in the American app and speak to the gate agent about rebooking/meal voucher if 3+ hrs (aa.com/manage). DM your record locator and I can walk you through options.
t2370,flight delay,flight_delay,@customer: aa aa1455 delayed need hotel tonight in mia who pays? pls help asap,Sorry for the delay on AA1455. Please check live status in the American app and speak to the gate agent about rebooking/meal voucher if 3+ hrs (aa.com/manage). DM your record locator and I can walk you through options.
t2371,praise other,praise_other,"@customer: @AmericanAir love the new app, smooth checkin",Thanks for flying with us! Let us know if you need anything on AA1059.
t2372,baggage,baggage,"@customer: charged $75 bag fee but told free, flight AA2007, refund?",Sorry about your bag. Please file a report at aa.com/baggage within 4 hrs and track in the app; keep receipts for essentials. DM your tag/record locator.
t2373,flight delay,flight_delay,"@customer: AA AA2620 delayed, need hotel tonight in JFK, who pays?",Sorry for the delay on AA2620. Please check live status in the American app and speak to the gate agent about rebooking/meal voucher if 3+ hrs (aa.com/manage). DM your record locator and I can walk you through options.
t2374,refund compensation,refund_compensation,@customer: trip credit not received for aa134 booking 9gl2s9 pls help asap,"If we cancelled, you may choose refund or trip credit at aa.com/refunds (refundable to original payment within 7 days). DM your record locator."
t2375,complaint service,complaint_service,@customer: discriminated at gate jfk want supervisor + case pls help asap,I am sorry you experienced this on AA329. I am escalating to a human specialist with a case number. Please DM your record locator + details.
t2376,flight delay,flight_delay,"@customer: AA AA171 delayed, need hotel tonight in DFW, who pays?",Sorry for the delay on AA171. Please check live status in the American app and speak to the gate agent about rebooking/meal voucher if 3+ hrs (aa.com/manage). DM your record locator and I can walk you through options.
t2377,checkin boarding,checkin_boarding,"@customer: @AmericanAir cant check in flight AA2732, app error, leaves in 2 hours","Check in from 24 hrs in the app; gates close 15 min before departure. Try app refresh, or kiosk with confirmation code. DM your record locator if still blocked."
t2378,flight delay,flight_delay,"@customer: @AmericanAir stuck at DCA, delay again, crew says 1hr wait, what now?",Sorry for the delay on AA1665. Please check live status in the American app and speak to the gate agent about rebooking/meal voucher if 3+ hrs (aa.com/manage). DM your record locator and I can walk you through options.
t2379,refund compensation,refund_compensation,@customer: @AmericanAir want voucher for 5hr delay AA307 in MIA,"If we cancelled, you may choose refund or trip credit at aa.com/refunds (refundable to original payment within 7 days). DM your record locator."
t2380,complaint service,complaint_service,@customer: crew on aa669 was rude to my mother unacceptable pls help asap,I am sorry you experienced this on AA669. I am escalating to a human specialist with a case number. Please DM your record locator + details.
t2381,praise other,praise_other,@customer: do you fly to DCA direct from DFW?,Thanks for flying with us! Let us know if you need anything on AA1077.
t2382,praise other,praise_other,"@customer: @AmericanAir love the new app, smooth checkin",Thanks for flying with us! Let us know if you need anything on AA242.
t2383,flight delay,flight_delay,"@customer: @AmericanAir stuck at MIA, delay again, crew says 2hr wait, what now?",Sorry for the delay on AA823. Please check live status in the American app and speak to the gate agent about rebooking/meal voucher if 3+ hrs (aa.com/manage). DM your record locator and I can walk you through options.
t2384,checkin boarding,checkin_boarding,"@customer: @AmericanAir boarding pass wont load, gate 52 at PHX","Check in from 24 hrs in the app; gates close 15 min before departure. Try app refresh, or kiosk with confirmation code. DM your record locator if still blocked."
t2385,cancellation,cancellation,"@customer: flight AA365 cancelled, stranded in LAX tonight, help",Sorry your flight AA365 was cancelled. You can rebook free on the next available American flight at aa.com/manage or in the app. DM your record locator for help.
t2386,flight delay,flight_delay,"@customer: @AmericanAir flight AA2917 delayed 4hrs, will I miss my connection in MIA?",Sorry for the delay on AA2917. Please check live status in the American app and speak to the gate agent about rebooking/meal voucher if 3+ hrs (aa.com/manage). DM your record locator and I can walk you through options.
t2387,baggage,baggage,"@customer: @AmericanAir damaged suitcase on AA1359, claim process?",Sorry about your bag. Please file a report at aa.com/baggage within 4 hrs and track in the app; keep receipts for essentials. DM your tag/record locator.
t2388,loyalty account,loyalty_account,"@customer: gold status not showing, flight AA400 tomorrow",Miles post within 48 hrs; request missing miles at aa.com/missingmiles with ticket number. DM details (never share password).
t2389,cancellation,cancellation,"@customer: @AmericanAir cancelled on me at gate CLT, rebook options?",Sorry your flight AA2894 was cancelled. You can rebook free on the next available American flight at aa.com/manage or in the app. DM your record locator for help.
t2390,baggage,baggage,"@customer: charged $75 bag fee but told free, flight AA2246, refund?",Sorry about your bag. Please file a report at aa.com/baggage within 4 hrs and track in the app; keep receipts for essentials. DM your tag/record locator.
t2391,cancellation,cancellation,"@customer: @AmericanAir cancelled on me at gate LAX, rebook options?",Sorry your flight AA846 was cancelled. You can rebook free on the next available American flight at aa.com/manage or in the app. DM your record locator for help.
t2392,refund compensation,refund_compensation,"@customer: trip credit not received for AA1495, booking XYLL2P","If we cancelled, you may choose refund or trip credit at aa.com/refunds (refundable to original payment within 7 days). DM your record locator."
t2393,booking change,booking_change,@customer: @AmericanAir can I switch seat / add bag on booking YLL4H9?,You can change most main-cabin+ tickets at aa.com/manage (fare difference may apply). DM your record locator and new date and I will outline exact steps.
t2394,checkin boarding,checkin_boarding,"@customer: @AmericanAir cant check in flight AA2608, app error, leaves in 2 hours","Check in from 24 hrs in the app; gates close 15 min before departure. Try app refresh, or kiosk with confirmation code. DM your record locator if still blocked."
t2395,checkin boarding,checkin_boarding,"@customer: @AmericanAir cant check in flight AA533, app error, leaves in 2 hours","Check in from 24 hrs in the app; gates close 15 min before departure. Try app refresh, or kiosk with confirmation code. DM your record locator if still blocked."
t2396,checkin boarding,checkin_boarding,"@customer: @AmericanAir cant check in flight AA1394, app error, leaves in 2 hours","Check in from 24 hrs in the app; gates close 15 min before departure. Try app refresh, or kiosk with confirmation code. DM your record locator if still blocked."
t2397,cancellation,cancellation,"@customer: @AmericanAir you cancelled flight AA216 to ORD today, need rebook ASAP",Sorry your flight AA216 was cancelled. You can rebook free on the next available American flight at aa.com/manage or in the app. DM your record locator for help.
t2398,flight delay,flight_delay,"@customer: AA AA1391 delayed, need hotel tonight in ORD, who pays?",Sorry for the delay on AA1391. Please check live status in the American app and speak to the gate agent about rebooking/meal voucher if 3+ hrs (aa.com/manage). DM your record locator and I can walk you through options.
t2399,complaint service,complaint_service,"@customer: never flying again, worst service AA2349, filing DOT complaint",I am sorry you experienced this on AA2349. I am escalating to a human specialist with a case number. Please DM your record locator + details.
t2400,cancellation,cancellation,"@customer: @AmericanAir cancelled on me at gate LAX, rebook options?",Sorry your flight AA354 was cancelled. You can rebook free on the next available American flight at aa.com/manage or in the app. DM your record locator for help.
t2401,cancellation,cancellation,"@customer: @AmericanAir cancelled on me at gate DCA, rebook options?",Sorry your flight AA1486 was cancelled. You can rebook free on the next available American flight at aa.com/manage or in the app. DM your record locator for help.
t2402,loyalty account,loyalty_account,"@customer: @AmericanAir miles missing for flight AA436, AAdvantage M84KF3",Miles post within 48 hrs; request missing miles at aa.com/missingmiles with ticket number. DM details (never share password).
t2403,cancellation,cancellation,@customer: flight aa2693 cancelled stranded in jfk tonight help pls help asap,Sorry your flight AA2693 was cancelled. You can rebook free on the next available American flight at aa.com/manage or in the app. DM your record locator for help.
t2404,checkin boarding,checkin_boarding,"@customer: @AmericanAir boarding pass wont load, gate 4 at JFK","Check in from 24 hrs in the app; gates close 15 min before departure. Try app refresh, or kiosk with confirmation code. DM your record locator if still blocked."
t2405,flight delay,flight_delay,"@customer: @AmericanAir flight AA881 delayed 5hrs, will I miss my connection in MIA?",Sorry for the delay on AA881. Please check live status in the American app and speak to the gate agent about rebooking/meal voucher if 3+ hrs (aa.com/manage). DM your record locator and I can walk you through options.
t2406,booking change,booking_change,"@customer: change name spelling on reservation L3CM9B, how?",You can change most main-cabin+ tickets at aa.com/manage (fare difference may apply). DM your record locator and new date and I will outline exact steps.
t2407,checkin boarding,checkin_boarding,@customer: what gate for AA2880 at DFW? boarding group 4 when?,"Check in from 24 hrs in the app; gates close 15 min before departure. Try app refresh, or kiosk with confirmation code. DM your record locator if still blocked."
t2408,booking change,booking_change,@customer: can i switch seat / add bag on booking fy92jj? pls help asap,You can change most main-cabin+ tickets at aa.com/manage (fare difference may apply). DM your record locator and new date and I will outline exact steps.
t2409,complaint service,complaint_service,"@customer: @AmericanAir crew on AA2597 was rude to my mother, unacceptable",I am sorry you experienced this on AA2597. I am escalating to a human specialist with a case number. Please DM your record locator + details.
t2410,checkin boarding,checkin_boarding,@customer: what gate for AA144 at DFW? boarding group 4 when?,"Check in from 24 hrs in the app; gates close 15 min before departure. Try app refresh, or kiosk with confirmation code. DM your record locator if still blocked."
t2411,flight delay,flight_delay,"@customer: @AmericanAir stuck at ORD, delay again, crew says 5hr wait, what now?",Sorry for the delay on AA665. Please check live status in the American app and speak to the gate agent about rebooking/meal voucher if 3+ hrs (aa.com/manage). DM your record locator and I can walk you through options.
t2412,booking change,booking_change,"@customer: @AmericanAir need to change flight AA2065 to tomorrow, fare difference?",You can change most main-cabin+ tickets at aa.com/manage (fare difference may apply). DM your record locator and new date and I will outline exact steps.
t2413,booking change,booking_change,@customer: @AmericanAir can I switch seat / add bag on booking 8LDV44?,You can change most main-cabin+ tickets at aa.com/manage (fare difference may apply). DM your record locator and new date and I will outline exact steps.
t2414,cancellation,cancellation,"@customer: @AmericanAir you cancelled flight AA207 to LAX today, need rebook ASAP",Sorry your flight AA207 was cancelled. You can rebook free on the next available American flight at aa.com/manage or in the app. DM your record locator for help.
t2415,refund compensation,refund_compensation,@customer: @AmericanAir refund for cancelled AA1190? nonrefundable but you cancelled,"If we cancelled, you may choose refund or trip credit at aa.com/refunds (refundable to original payment within 7 days). DM your record locator."
t2416,checkin boarding,checkin_boarding,@customer: cant check in flight aa1896 app error leaves in 2 hours pls help asap,"Check in from 24 hrs in the app; gates close 15 min before departure. Try app refresh, or kiosk with confirmation code. DM your record locator if still blocked."
t2417,complaint service,complaint_service,"@customer: never flying again, worst service AA1148, filing DOT complaint",I am sorry you experienced this on AA1148. I am escalating to a human specialist with a case number. Please DM your record locator + details.
t2418,complaint service,complaint_service,"@customer: @AmericanAir discriminated at gate DFW, want supervisor + case",I am sorry you experienced this on AA2136. I am escalating to a human specialist with a case number. Please DM your record locator + details.
t2419,baggage,baggage,"@customer: charged $75 bag fee but told free, flight AA303, refund?",Sorry about your bag. Please file a report at aa.com/baggage within 4 hrs and track in the app; keep receipts for essentials. DM your tag/record locator.
t2420,booking change,booking_change,"@customer: @AmericanAir need to change flight AA2409 to tomorrow, fare difference?",You can change most main-cabin+ tickets at aa.com/manage (fare difference may apply). DM your record locator and new date and I will outline exact steps.
t2421,booking change,booking_change,"@customer: change name spelling on reservation VX9TZU, how?",You can change most main-cabin+ tickets at aa.com/manage (fare difference may apply). DM your record locator and new date and I will outline exact steps.
t2422,booking change,booking_change,"@customer: @AmericanAir need to change flight AA1380 to tomorrow, fare difference?",You can change most main-cabin+ tickets at aa.com/manage (fare difference may apply). DM your record locator and new date and I will outline exact steps.
t2423,cancellation,cancellation,"@customer: @AmericanAir cancelled on me at gate CLT, rebook options?",Sorry your flight AA1251 was cancelled. You can rebook free on the next available American flight at aa.com/manage or in the app. DM your record locator for help.
t2424,praise other,praise_other,"@customer: @AmericanAir love the new app, smooth checkin",Thanks for flying with us! Let us know if you need anything on AA558.
t2425,loyalty account,loyalty_account,"@customer: @AmericanAir cant login AAdvantage, reset not working",Miles post within 48 hrs; request missing miles at aa.com/missingmiles with ticket number. DM details (never share password).
t2426,refund compensation,refund_compensation,"@customer: trip credit not received for AA1600, booking 4TYDAM","If we cancelled, you may choose refund or trip credit at aa.com/refunds (refundable to original payment within 7 days). DM your record locator."
t2427,booking change,booking_change,@customer: can i switch seat / add bag on booking ykn7et? pls help asap,You can change most main-cabin+ tickets at aa.com/manage (fare difference may apply). DM your record locator and new date and I will outline exact steps.
t2428,complaint service,complaint_service,"@customer: never flying again, worst service AA1765, filing DOT complaint",I am sorry you experienced this on AA1765. I am escalating to a human specialist with a case number. Please DM your record locator + details.
t2429,complaint service,complaint_service,"@customer: never flying again, worst service AA2731, filing DOT complaint",I am sorry you experienced this on AA2731. I am escalating to a human specialist with a case number. Please DM your record locator + details.
t2430,booking change,booking_change,@customer: @AmericanAir can I switch seat / add bag on booking HQATGC?,You can change most main-cabin+ tickets at aa.com/manage (fare difference may apply). DM your record locator and new date and I will outline exact steps.
t2431,flight delay,flight_delay,"@customer: AA AA496 delayed, need hotel tonight in ORD, who pays?",Sorry for the delay on AA496. Please check live status in the American app and speak to the gate agent about rebooking/meal voucher if 3+ hrs (aa.com/manage). DM your record locator and I can walk you through options.
t2432,refund compensation,refund_compensation,@customer: @AmericanAir refund for cancelled AA2926? nonrefundable but you cancelled,"If we cancelled, you may choose refund or trip credit at aa.com/refunds (refundable to original payment within 7 days). DM your record locator."
t2433,loyalty account,loyalty_account,"@customer: @AmericanAir cant login AAdvantage, reset not working",Miles post within 48 hrs; request missing miles at aa.com/missingmiles with ticket number. DM details (never share password).
t2434,checkin boarding,checkin_boarding,@customer: what gate for AA1794 at CLT? boarding group 4 when?,"Check in from 24 hrs in the app; gates close 15 min before departure. Try app refresh, or kiosk with confirmation code. DM your record locator if still blocked."
t2435,complaint service,complaint_service,"@customer: @AmericanAir discriminated at gate JFK, want supervisor + case",I am sorry you experienced this on AA2652. I am escalating to a human specialist with a case number. Please DM your record locator + details.
t2436,checkin boarding,checkin_boarding,@customer: what gate for AA2305 at DCA? boarding group 4 when?,"Check in from 24 hrs in the app; gates close 15 min before departure. Try app refresh, or kiosk with confirmation code. DM your record locator if still blocked."
t2437,cancellation,cancellation,@customer: flight aa1068 cancelled stranded in clt tonight help pls help asap,Sorry your flight AA1068 was cancelled. You can rebook free on the next available American flight at aa.com/manage or in the app. DM your record locator for help.
t2438,praise other,praise_other,@customer: do you fly to MIA direct from DFW?,Thanks for flying with us! Let us know if you need anything on AA1035.
t2439,loyalty account,loyalty_account,"@customer: gold status not showing, flight AA1705 tomorrow",Miles post within 48 hrs; request missing miles at aa.com/missingmiles with ticket number. DM details (never share password).
t2440,cancellation,cancellation,"@customer: flight AA1258 cancelled, stranded in ORD tonight, help",Sorry your flight AA1258 was cancelled. You can rebook free on the next available American flight at aa.com/manage or in the app. DM your record locator for help.
t2441,loyalty account,loyalty_account,"@customer: @AmericanAir miles missing for flight AA491, AAdvantage 7BBP7G",Miles post within 48 hrs; request missing miles at aa.com/missingmiles with ticket number. DM details (never share password).
t2442,baggage,baggage,"@customer: @AmericanAir damaged suitcase on AA738, claim process?",Sorry about your bag. Please file a report at aa.com/baggage within 4 hrs and track in the app; keep receipts for essentials. DM your tag/record locator.
t2443,baggage,baggage,"@customer: charged $75 bag fee but told free, flight AA2826, refund?",Sorry about your bag. Please file a report at aa.com/baggage within 4 hrs and track in the app; keep receipts for essentials. DM your tag/record locator.
t2444,refund compensation,refund_compensation,"@customer: trip credit not received for AA883, booking N9TPE5","If we cancelled, you may choose refund or trip credit at aa.com/refunds (refundable to original payment within 7 days). DM your record locator."
t2445,praise other,praise_other,"@customer: @AmericanAir thanks crew on AA792, great landing in DCA!",Thanks for flying with us! Let us know if you need anything on AA792.
t2446,checkin boarding,checkin_boarding,"@customer: @AmericanAir cant check in flight AA1475, app error, leaves in 2 hours","Check in from 24 hrs in the app; gates close 15 min before departure. Try app refresh, or kiosk with confirmation code. DM your record locator if still blocked."
t2447,loyalty account,loyalty_account,"@customer: gold status not showing, flight AA2560 tomorrow",Miles post within 48 hrs; request missing miles at aa.com/missingmiles with ticket number. DM details (never share password).
t2448,cancellation,cancellation,"@customer: @AmericanAir cancelled on me at gate JFK, rebook options?",Sorry your flight AA2414 was cancelled. You can rebook free on the next available American flight at aa.com/manage or in the app. DM your record locator for help.
t2449,checkin boarding,checkin_boarding,@customer: what gate for AA2845 at DCA? boarding group 4 when?,"Check in from 24 hrs in the app; gates close 15 min before departure. Try app refresh, or kiosk with confirmation code. DM your record locator if still blocked."
t2450,flight delay,flight_delay,"@customer: @AmericanAir stuck at PHX, delay again, crew says 5hr wait, what now?",Sorry for the delay on AA1342. Please check live status in the American app and speak to the gate agent about rebooking/meal voucher if 3+ hrs (aa.com/manage). DM your record locator and I can walk you through options.
t2451,complaint service,complaint_service,"@customer: never flying again, worst service AA1937, filing DOT complaint",I am sorry you experienced this on AA1937. I am escalating to a human specialist with a case number. Please DM your record locator + details.
t2452,loyalty account,loyalty_account,"@customer: gold status not showing, flight AA2253 tomorrow",Miles post within 48 hrs; request missing miles at aa.com/missingmiles with ticket number. DM details (never share password).
t2453,refund compensation,refund_compensation,"@customer: trip credit not received for AA2074, booking 8W53GY","If we cancelled, you may choose refund or trip credit at aa.com/refunds (refundable to original payment within 7 days). DM your record locator."
t2454,loyalty account,loyalty_account,"@customer: gold status not showing, flight AA1604 tomorrow",Miles post within 48 hrs; request missing miles at aa.com/missingmiles with ticket number. DM details (never share password).
t2455,complaint service,complaint_service,"@customer: @AmericanAir crew on AA2048 was rude to my mother, unacceptable",I am sorry you experienced this on AA2048. I am escalating to a human specialist with a case number. Please DM your record locator + details.
t2456,booking change,booking_change,"@customer: @AmericanAir need to change flight AA225 to tomorrow, fare difference?",You can change most main-cabin+ tickets at aa.com/manage (fare difference may apply). DM your record locator and new date and I will outline exact steps.
t2457,cancellation,cancellation,"@customer: @AmericanAir you cancelled flight AA1475 to CLT today, need rebook ASAP",Sorry your flight AA1475 was cancelled. You can rebook free on the next available American flight at aa.com/manage or in the app. DM your record locator for help.
t2458,baggage,baggage,"@customer: @AmericanAir bag missing since yesterday flight AA583 at DFW, tag LT3LRF",Sorry about your bag. Please file a report at aa.com/baggage within 4 hrs and track in the app; keep receipts for essentials. DM your tag/record locator.
t2459,loyalty account,loyalty_account,"@customer: @AmericanAir miles missing for flight AA2243, AAdvantage P8RMCZ",Miles post within 48 hrs; request missing miles at aa.com/missingmiles with ticket number. DM details (never share password).
t2460,cancellation,cancellation,"@customer: @AmericanAir you cancelled flight AA2828 to JFK today, need rebook ASAP",Sorry your flight AA2828 was cancelled. You can rebook free on the next available American flight at aa.com/manage or in the app. DM your record locator for help.
t2461,baggage,baggage,"@customer: charged $75 bag fee but told free, flight AA2722, refund?",Sorry about your bag. Please file a report at aa.com/baggage within 4 hrs and track in the app; keep receipts for essentials. DM your tag/record locator.
t2462,baggage,baggage,"@customer: charged $75 bag fee but told free, flight AA441, refund?",Sorry about your bag. Please file a report at aa.com/baggage within 4 hrs and track in the app; keep receipts for essentials. DM your tag/record locator.
t2463,refund compensation,refund_compensation,@customer: @AmericanAir refund for cancelled AA1215? nonrefundable but you cancelled,"If we cancelled, you may choose refund or trip credit at aa.com/refunds (refundable to original payment within 7 days). DM your record locator."
t2464,cancellation,cancellation,"@customer: @AmericanAir cancelled on me at gate CLT, rebook options?",Sorry your flight AA2575 was cancelled. You can rebook free on the next available American flight at aa.com/manage or in the app. DM your record locator for help.
t2465,baggage,baggage,"@customer: charged $75 bag fee but told free, flight AA1451, refund?",Sorry about your bag. Please file a report at aa.com/baggage within 4 hrs and track in the app; keep receipts for essentials. DM your tag/record locator.
t2466,complaint service,complaint_service,"@customer: never flying again, worst service AA696, filing DOT complaint",I am sorry you experienced this on AA696. I am escalating to a human specialist with a case number. Please DM your record locator + details.
t2467,praise other,praise_other,"@customer: @AmericanAir love the new app, smooth checkin",Thanks for flying with us! Let us know if you need anything on AA2604.
t2468,complaint service,complaint_service,"@customer: @AmericanAir discriminated at gate ORD, want supervisor + case",I am sorry you experienced this on AA116. I am escalating to a human specialist with a case number. Please DM your record locator + details.
t2469,booking change,booking_change,@customer: change name spelling on reservation 4dat9w how? pls help asap,You can change most main-cabin+ tickets at aa.com/manage (fare difference may apply). DM your record locator and new date and I will outline exact steps.
t2470,praise other,praise_other,"@customer: @AmericanAir thanks crew on AA2546, great landing in LAX!",Thanks for flying with us! Let us know if you need anything on AA2546.
t2471,complaint service,complaint_service,@customer: crew on aa214 was rude to my mother unacceptable pls help asap,I am sorry you experienced this on AA214. I am escalating to a human specialist with a case number. Please DM your record locator + details.
t2472,loyalty account,loyalty_account,"@customer: gold status not showing, flight AA1279 tomorrow",Miles post within 48 hrs; request missing miles at aa.com/missingmiles with ticket number. DM details (never share password).
t2473,booking change,booking_change,"@customer: change name spelling on reservation WYGGXL, how?",You can change most main-cabin+ tickets at aa.com/manage (fare difference may apply). DM your record locator and new date and I will outline exact steps.
t2474,checkin boarding,checkin_boarding,@customer: boarding pass wont load gate 10 at ord pls help asap,"Check in from 24 hrs in the app; gates close 15 min before departure. Try app refresh, or kiosk with confirmation code. DM your record locator if still blocked."
t2475,complaint service,complaint_service,"@customer: never flying again, worst service AA2256, filing DOT complaint",I am sorry you experienced this on AA2256. I am escalating to a human specialist with a case number. Please DM your record locator + details.
t2476,baggage,baggage,"@customer: @AmericanAir damaged suitcase on AA1220, claim process?",Sorry about your bag. Please file a report at aa.com/baggage within 4 hrs and track in the app; keep receipts for essentials. DM your tag/record locator.
t2477,loyalty account,loyalty_account,"@customer: @AmericanAir cant login AAdvantage, reset not working",Miles post within 48 hrs; request missing miles at aa.com/missingmiles with ticket number. DM details (never share password).
t2478,checkin boarding,checkin_boarding,"@customer: @AmericanAir cant check in flight AA1560, app error, leaves in 2 hours","Check in from 24 hrs in the app; gates close 15 min before departure. Try app refresh, or kiosk with confirmation code. DM your record locator if still blocked."
t2479,loyalty account,loyalty_account,"@customer: gold status not showing, flight AA609 tomorrow",Miles post within 48 hrs; request missing miles at aa.com/missingmiles with ticket number. DM details (never share password).
t2480,refund compensation,refund_compensation,@customer: @AmericanAir want voucher for 5hr delay AA2844 in DCA,"If we cancelled, you may choose refund or trip credit at aa.com/refunds (refundable to original payment within 7 days). DM your record locator."
t2481,flight delay,flight_delay,"@customer: @AmericanAir flight AA970 delayed 3hrs, will I miss my connection in DCA?",Sorry for the delay on AA970. Please check live status in the American app and speak to the gate agent about rebooking/meal voucher if 3+ hrs (aa.com/manage). DM your record locator and I can walk you through options.
t2482,praise other,praise_other,"@customer: @AmericanAir love the new app, smooth checkin",Thanks for flying with us! Let us know if you need anything on AA978.
t2483,cancellation,cancellation,"@customer: @AmericanAir you cancelled flight AA965 to JFK today, need rebook ASAP",Sorry your flight AA965 was cancelled. You can rebook free on the next available American flight at aa.com/manage or in the app. DM your record locator for help.
t2484,booking change,booking_change,@customer: @AmericanAir can I switch seat / add bag on booking 29QL7N?,You can change most main-cabin+ tickets at aa.com/manage (fare difference may apply). DM your record locator and new date and I will outline exact steps.
t2485,checkin boarding,checkin_boarding,"@customer: @AmericanAir cant check in flight AA712, app error, leaves in 2 hours","Check in from 24 hrs in the app; gates close 15 min before departure. Try app refresh, or kiosk with confirmation code. DM your record locator if still blocked."
t2486,refund compensation,refund_compensation,@customer: @AmericanAir want voucher for 5hr delay AA1538 in MIA,"If we cancelled, you may choose refund or trip credit at aa.com/refunds (refundable to original payment within 7 days). DM your record locator."
t2487,loyalty account,loyalty_account,"@customer: gold status not showing, flight AA240 tomorrow",Miles post within 48 hrs; request missing miles at aa.com/missingmiles with ticket number. DM details (never share password).
t2488,loyalty account,loyalty_account,"@customer: @AmericanAir miles missing for flight AA1370, AAdvantage 5C675A",Miles post within 48 hrs; request missing miles at aa.com/missingmiles with ticket number. DM details (never share password).
t2489,complaint service,complaint_service,"@customer: @AmericanAir crew on AA1253 was rude to my mother, unacceptable",I am sorry you experienced this on AA1253. I am escalating to a human specialist with a case number. Please DM your record locator + details.
t2490,refund compensation,refund_compensation,@customer: @AmericanAir refund for cancelled AA2085? nonrefundable but you cancelled,"If we cancelled, you may choose refund or trip credit at aa.com/refunds (refundable to original payment within 7 days). DM your record locator."
t2491,praise other,praise_other,"@customer: @AmericanAir thanks crew on AA265, great landing in JFK!",Thanks for flying with us! Let us know if you need anything on AA265.
t2492,refund compensation,refund_compensation,@customer: @AmericanAir want voucher for 5hr delay AA1841 in LAX,"If we cancelled, you may choose refund or trip credit at aa.com/refunds (refundable to original payment within 7 days). DM your record locator."
t2493,checkin boarding,checkin_boarding,@customer: what gate for AA1133 at PHX? boarding group 4 when?,"Check in from 24 hrs in the app; gates close 15 min before departure. Try app refresh, or kiosk with confirmation code. DM your record locator if still blocked."
t2494,flight delay,flight_delay,"@customer: @AmericanAir stuck at PHX, delay again, crew says 4hr wait, what now?",Sorry for the delay on AA984. Please check live status in the American app and speak to the gate agent about rebooking/meal voucher if 3+ hrs (aa.com/manage). DM your record locator and I can walk you through options.
t2495,cancellation,cancellation,"@customer: flight AA903 cancelled, stranded in DCA tonight, help",Sorry your flight AA903 was cancelled. You can rebook free on the next available American flight at aa.com/manage or in the app. DM your record locator for help.
t2496,refund compensation,refund_compensation,@customer: @AmericanAir want voucher for 5hr delay AA1321 in MIA,"If we cancelled, you may choose refund or trip credit at aa.com/refunds (refundable to original payment within 7 days). DM your record locator."
t2497,loyalty account,loyalty_account,"@customer: @AmericanAir cant login AAdvantage, reset not working",Miles post within 48 hrs; request missing miles at aa.com/missingmiles with ticket number. DM details (never share password).
t2498,checkin boarding,checkin_boarding,@customer: what gate for AA1159 at DFW? boarding group 4 when?,"Check in from 24 hrs in the app; gates close 15 min before departure. Try app refresh, or kiosk with confirmation code. DM your record locator if still blocked."
t2499,loyalty account,loyalty_account,"@customer: @AmericanAir cant login AAdvantage, reset not working",Miles post within 48 hrs; request missing miles at aa.com/missingmiles with ticket number. DM details (never share password).
t2500,flight delay,flight_delay,"@customer: @AmericanAir flight AA2209 delayed 2hrs, will I miss my connection in ORD?",Sorry for the delay on AA2209. Please check live status in the American app and speak to the gate agent about rebooking/meal voucher if 3+ hrs (aa.com/manage). DM your record locator and I can walk you through options.
t2501,checkin boarding,checkin_boarding,"@customer: @AmericanAir boarding pass wont load, gate 58 at CLT","Check in from 24 hrs in the app; gates close 15 min before departure. Try app refresh, or kiosk with confirmation code. DM your record locator if still blocked."
t2502,praise other,praise_other,"@customer: @AmericanAir thanks crew on AA1811, great landing in CLT!",Thanks for flying with us! Let us know if you need anything on AA1811.
t2503,checkin boarding,checkin_boarding,"@customer: @AmericanAir boarding pass wont load, gate 34 at PHX","Check in from 24 hrs in the app; gates close 15 min before departure. Try app refresh, or kiosk with confirmation code. DM your record locator if still blocked."
t2504,flight delay,flight_delay,"@customer: @AmericanAir stuck at PHX, delay again, crew says 3hr wait, what now?",Sorry for the delay on AA1293. Please check live status in the American app and speak to the gate agent about rebooking/meal voucher if 3+ hrs (aa.com/manage). DM your record locator and I can walk you through options.
t2505,complaint service,complaint_service,"@customer: never flying again, worst service AA1166, filing DOT complaint",I am sorry you experienced this on AA1166. I am escalating to a human specialist with a case number. Please DM your record locator + details.
t2506,baggage,baggage,"@customer: charged $75 bag fee but told free, flight AA2594, refund?",Sorry about your bag. Please file a report at aa.com/baggage within 4 hrs and track in the app; keep receipts for essentials. DM your tag/record locator.
t2507,flight delay,flight_delay,"@customer: AA AA1107 delayed, need hotel tonight in MIA, who pays?",Sorry for the delay on AA1107. Please check live status in the American app and speak to the gate agent about rebooking/meal voucher if 3+ hrs (aa.com/manage). DM your record locator and I can walk you through options.
t2508,refund compensation,refund_compensation,@customer: @AmericanAir want voucher for 5hr delay AA256 in PHX,"If we cancelled, you may choose refund or trip credit at aa.com/refunds (refundable to original payment within 7 days). DM your record locator."
t2509,refund compensation,refund_compensation,@customer: @AmericanAir refund for cancelled AA1287? nonrefundable but you cancelled,"If we cancelled, you may choose refund or trip credit at aa.com/refunds (refundable to original payment within 7 days). DM your record locator."
t2510,baggage,baggage,"@customer: @AmericanAir damaged suitcase on AA2196, claim process?",Sorry about your bag. Please file a report at aa.com/baggage within 4 hrs and track in the app; keep receipts for essentials. DM your tag/record locator.
t2511,refund compensation,refund_compensation,"@customer: trip credit not received for AA1772, booking HXCW69","If we cancelled, you may choose refund or trip credit at aa.com/refunds (refundable to original payment within 7 days). DM your record locator."
t2512,cancellation,cancellation,"@customer: flight AA2957 cancelled, stranded in DCA tonight, help",Sorry your flight AA2957 was cancelled. You can rebook free on the next available American flight at aa.com/manage or in the app. DM your record locator for help.
t2513,loyalty account,loyalty_account,"@customer: gold status not showing, flight AA2138 tomorrow",Miles post within 48 hrs; request missing miles at aa.com/missingmiles with ticket number. DM details (never share password).
t2514,cancellation,cancellation,"@customer: flight AA1519 cancelled, stranded in CLT tonight, help",Sorry your flight AA1519 was cancelled. You can rebook free on the next available American flight at aa.com/manage or in the app. DM your record locator for help.
t2515,loyalty account,loyalty_account,"@customer: gold status not showing, flight AA2975 tomorrow",Miles post within 48 hrs; request missing miles at aa.com/missingmiles with ticket number. DM details (never share password).
t2516,booking change,booking_change,"@customer: change name spelling on reservation ZD2U5D, how?",You can change most main-cabin+ tickets at aa.com/manage (fare difference may apply). DM your record locator and new date and I will outline exact steps.
t2517,baggage,baggage,"@customer: @AmericanAir damaged suitcase on AA903, claim process?",Sorry about your bag. Please file a report at aa.com/baggage within 4 hrs and track in the app; keep receipts for essentials. DM your tag/record locator.
t2518,refund compensation,refund_compensation,@customer: @AmericanAir want voucher for 5hr delay AA2936 in CLT,"If we cancelled, you may choose refund or trip credit at aa.com/refunds (refundable to original payment within 7 days). DM your record locator."
t2519,baggage,baggage,"@customer: charged $75 bag fee but told free, flight AA1162, refund?",Sorry about your bag. Please file a report at aa.com/baggage within 4 hrs and track in the app; keep receipts for essentials. DM your tag/record locator.
t2520,baggage,baggage,"@customer: @AmericanAir bag missing since yesterday flight AA2771 at LAX, tag 82LD8V",Sorry about your bag. Please file a report at aa.com/baggage within 4 hrs and track in the app; keep receipts for essentials. DM your tag/record locator.
t2521,cancellation,cancellation,@customer: flight aa1259 cancelled stranded in lax tonight help pls help asap,Sorry your flight AA1259 was cancelled. You can rebook free on the next available American flight at aa.com/manage or in the app. DM your record locator for help.
t2522,complaint service,complaint_service,"@customer: never flying again, worst service AA2475, filing DOT complaint",I am sorry you experienced this on AA2475. I am escalating to a human specialist with a case number. Please DM your record locator + details.
t2523,flight delay,flight_delay,"@customer: @AmericanAir stuck at CLT, delay again, crew says 4hr wait, what now?",Sorry for the delay on AA2867. Please check live status in the American app and speak to the gate agent about rebooking/meal voucher if 3+ hrs (aa.com/manage). DM your record locator and I can walk you through options.
t2524,praise other,praise_other,"@customer: @AmericanAir love the new app, smooth checkin",Thanks for flying with us! Let us know if you need anything on AA1000.
t2525,complaint service,complaint_service,"@customer: @AmericanAir crew on AA136 was rude to my mother, unacceptable",I am sorry you experienced this on AA136. I am escalating to a human specialist with a case number. Please DM your record locator + details.
t2526,booking change,booking_change,@customer: change name spelling on reservation jy6hef how? pls help asap,You can change most main-cabin+ tickets at aa.com/manage (fare difference may apply). DM your record locator and new date and I will outline exact steps.
t2527,baggage,baggage,"@customer: @AmericanAir damaged suitcase on AA1782, claim process?",Sorry about your bag. Please file a report at aa.com/baggage within 4 hrs and track in the app; keep receipts for essentials. DM your tag/record locator.
t2528,refund compensation,refund_compensation,"@customer: trip credit not received for AA614, booking FMVTK9","If we cancelled, you may choose refund or trip credit at aa.com/refunds (refundable to original payment within 7 days). DM your record locator."
t2529,loyalty account,loyalty_account,"@customer: @AmericanAir miles missing for flight AA2587, AAdvantage 57R8AK",Miles post within 48 hrs; request missing miles at aa.com/missingmiles with ticket number. DM details (never share password).
t2530,refund compensation,refund_compensation,@customer: want voucher for 5hr delay aa1949 in dca pls help asap,"If we cancelled, you may choose refund or trip credit at aa.com/refunds (refundable to original payment within 7 days). DM your record locator."
t2531,refund compensation,refund_compensation,"@customer: trip credit not received for AA1890, booking VM3DK5","If we cancelled, you may choose refund or trip credit at aa.com/refunds (refundable to original payment within 7 days). DM your record locator."
t2532,loyalty account,loyalty_account,"@customer: gold status not showing, flight AA170 tomorrow",Miles post within 48 hrs; request missing miles at aa.com/missingmiles with ticket number. DM details (never share password).
t2533,cancellation,cancellation,"@customer: flight AA1504 cancelled, stranded in JFK tonight, help",Sorry your flight AA1504 was cancelled. You can rebook free on the next available American flight at aa.com/manage or in the app. DM your record locator for help.
t2534,complaint service,complaint_service,"@customer: @AmericanAir crew on AA291 was rude to my mother, unacceptable",I am sorry you experienced this on AA291. I am escalating to a human specialist with a case number. Please DM your record locator + details.
t2535,checkin boarding,checkin_boarding,@customer: what gate for AA348 at ORD? boarding group 4 when?,"Check in from 24 hrs in the app; gates close 15 min before departure. Try app refresh, or kiosk with confirmation code. DM your record locator if still blocked."
t2536,flight delay,flight_delay,"@customer: AA AA2883 delayed, need hotel tonight in ORD, who pays?",Sorry for the delay on AA2883. Please check live status in the American app and speak to the gate agent about rebooking/meal voucher if 3+ hrs (aa.com/manage). DM your record locator and I can walk you through options.
t2537,cancellation,cancellation,"@customer: @AmericanAir you cancelled flight AA2971 to ORD today, need rebook ASAP",Sorry your flight AA2971 was cancelled. You can rebook free on the next available American flight at aa.com/manage or in the app. DM your record locator for help.
t2538,cancellation,cancellation,"@customer: flight AA2741 cancelled, stranded in CLT tonight, help",Sorry your flight AA2741 was cancelled. You can rebook free on the next available American flight at aa.com/manage or in the app. DM your record locator for help.
t2539,checkin boarding,checkin_boarding,@customer: what gate for AA1300 at LAX? boarding group 4 when?,"Check in from 24 hrs in the app; gates close 15 min before departure. Try app refresh, or kiosk with confirmation code. DM your record locator if still blocked."
t2540,praise other,praise_other,"@customer: @AmericanAir thanks crew on AA741, great landing in DFW!",Thanks for flying with us! Let us know if you need anything on AA741.
t2541,flight delay,flight_delay,"@customer: @AmericanAir flight AA452 delayed 5hrs, will I miss my connection in MIA?",Sorry for the delay on AA452. Please check live status in the American app and speak to the gate agent about rebooking/meal voucher if 3+ hrs (aa.com/manage). DM your record locator and I can walk you through options.
t2542,praise other,praise_other,"@customer: @AmericanAir love the new app, smooth checkin",Thanks for flying with us! Let us know if you need anything on AA2372.
t2543,praise other,praise_other,"@customer: @AmericanAir love the new app, smooth checkin",Thanks for flying with us! Let us know if you need anything on AA2516.
t2544,loyalty account,loyalty_account,"@customer: @AmericanAir cant login AAdvantage, reset not working",Miles post within 48 hrs; request missing miles at aa.com/missingmiles with ticket number. DM details (never share password).
t2545,cancellation,cancellation,"@customer: @AmericanAir cancelled on me at gate CLT, rebook options?",Sorry your flight AA192 was cancelled. You can rebook free on the next available American flight at aa.com/manage or in the app. DM your record locator for help.
t2546,flight delay,flight_delay,"@customer: AA AA351 delayed, need hotel tonight in MIA, who pays?",Sorry for the delay on AA351. Please check live status in the American app and speak to the gate agent about rebooking/meal voucher if 3+ hrs (aa.com/manage). DM your record locator and I can walk you through options.
t2547,refund compensation,refund_compensation,@customer: @AmericanAir want voucher for 5hr delay AA1589 in MIA,"If we cancelled, you may choose refund or trip credit at aa.com/refunds (refundable to original payment within 7 days). DM your record locator."
t2548,checkin boarding,checkin_boarding,"@customer: @AmericanAir boarding pass wont load, gate 19 at JFK","Check in from 24 hrs in the app; gates close 15 min before departure. Try app refresh, or kiosk with confirmation code. DM your record locator if still blocked."
t2549,loyalty account,loyalty_account,"@customer: @AmericanAir cant login AAdvantage, reset not working",Miles post within 48 hrs; request missing miles at aa.com/missingmiles with ticket number. DM details (never share password).
t2550,cancellation,cancellation,"@customer: @AmericanAir cancelled on me at gate JFK, rebook options?",Sorry your flight AA591 was cancelled. You can rebook free on the next available American flight at aa.com/manage or in the app. DM your record locator for help.
t2551,baggage,baggage,"@customer: @AmericanAir bag missing since yesterday flight AA2163 at MIA, tag KLAKCY",Sorry about your bag. Please file a report at aa.com/baggage within 4 hrs and track in the app; keep receipts for essentials. DM your tag/record locator.
t2552,complaint service,complaint_service,"@customer: @AmericanAir discriminated at gate LAX, want supervisor + case",I am sorry you experienced this on AA2854. I am escalating to a human specialist with a case number. Please DM your record locator + details.
t2553,baggage,baggage,"@customer: @AmericanAir bag missing since yesterday flight AA1913 at CLT, tag KJKXQT",Sorry about your bag. Please file a report at aa.com/baggage within 4 hrs and track in the app; keep receipts for essentials. DM your tag/record locator.
t2554,complaint service,complaint_service,"@customer: @AmericanAir discriminated at gate PHX, want supervisor + case",I am sorry you experienced this on AA1217. I am escalating to a human specialist with a case number. Please DM your record locator + details.
t2555,baggage,baggage,"@customer: @AmericanAir damaged suitcase on AA2424, claim process?",Sorry about your bag. Please file a report at aa.com/baggage within 4 hrs and track in the app; keep receipts for essentials. DM your tag/record locator.
t2556,complaint service,complaint_service,"@customer: never flying again, worst service AA1344, filing DOT complaint",I am sorry you experienced this on AA1344. I am escalating to a human specialist with a case number. Please DM your record locator + details.
t2557,flight delay,flight_delay,"@customer: @AmericanAir stuck at PHX, delay again, crew says 3hr wait, what now?",Sorry for the delay on AA2364. Please check live status in the American app and speak to the gate agent about rebooking/meal voucher if 3+ hrs (aa.com/manage). DM your record locator and I can walk you through options.
t2558,complaint service,complaint_service,"@customer: @AmericanAir discriminated at gate JFK, want supervisor + case",I am sorry you experienced this on AA1261. I am escalating to a human specialist with a case number. Please DM your record locator + details.
t2559,checkin boarding,checkin_boarding,@customer: what gate for AA1291 at MIA? boarding group 4 when?,"Check in from 24 hrs in the app; gates close 15 min before departure. Try app refresh, or kiosk with confirmation code. DM your record locator if still blocked."
t2560,booking change,booking_change,@customer: need to change flight aa593 to tomorrow fare difference? pls help asap,You can change most main-cabin+ tickets at aa.com/manage (fare difference may apply). DM your record locator and new date and I will outline exact steps.
t2561,cancellation,cancellation,"@customer: @AmericanAir you cancelled flight AA158 to CLT today, need rebook ASAP",Sorry your flight AA158 was cancelled. You can rebook free on the next available American flight at aa.com/manage or in the app. DM your record locator for help.
t2562,complaint service,complaint_service,"@customer: @AmericanAir discriminated at gate LAX, want supervisor + case",I am sorry you experienced this on AA2018. I am escalating to a human specialist with a case number. Please DM your record locator + details.
t2563,checkin boarding,checkin_boarding,"@customer: @AmericanAir cant check in flight AA1392, app error, leaves in 2 hours","Check in from 24 hrs in the app; gates close 15 min before departure. Try app refresh, or kiosk with confirmation code. DM your record locator if still blocked."
t2564,flight delay,flight_delay,"@customer: @AmericanAir flight AA142 delayed 3hrs, will I miss my connection in LAX?",Sorry for the delay on AA142. Please check live status in the American app and speak to the gate agent about rebooking/meal voucher if 3+ hrs (aa.com/manage). DM your record locator and I can walk you through options.
t2565,complaint service,complaint_service,"@customer: @AmericanAir discriminated at gate CLT, want supervisor + case",I am sorry you experienced this on AA2470. I am escalating to a human specialist with a case number. Please DM your record locator + details.
t2566,checkin boarding,checkin_boarding,@customer: what gate for AA2245 at PHX? boarding group 4 when?,"Check in from 24 hrs in the app; gates close 15 min before departure. Try app refresh, or kiosk with confirmation code. DM your record locator if still blocked."
t2567,praise other,praise_other,"@customer: @AmericanAir love the new app, smooth checkin",Thanks for flying with us! Let us know if you need anything on AA924.
t2568,loyalty account,loyalty_account,"@customer: @AmericanAir cant login AAdvantage, reset not working",Miles post within 48 hrs; request missing miles at aa.com/missingmiles with ticket number. DM details (never share password).
t2569,refund compensation,refund_compensation,@customer: want voucher for 5hr delay aa1785 in phx pls help asap,"If we cancelled, you may choose refund or trip credit at aa.com/refunds (refundable to original payment within 7 days). DM your record locator."
t2570,complaint service,complaint_service,"@customer: @AmericanAir crew on AA2764 was rude to my mother, unacceptable",I am sorry you experienced this on AA2764. I am escalating to a human specialist with a case number. Please DM your record locator + details.
t2571,booking change,booking_change,"@customer: @AmericanAir need to change flight AA2271 to tomorrow, fare difference?",You can change most main-cabin+ tickets at aa.com/manage (fare difference may apply). DM your record locator and new date and I will outline exact steps.
t2572,flight delay,flight_delay,"@customer: AA AA1268 delayed, need hotel tonight in JFK, who pays?",Sorry for the delay on AA1268. Please check live status in the American app and speak to the gate agent about rebooking/meal voucher if 3+ hrs (aa.com/manage). DM your record locator and I can walk you through options.
t2573,cancellation,cancellation,"@customer: flight AA2730 cancelled, stranded in DCA tonight, help",Sorry your flight AA2730 was cancelled. You can rebook free on the next available American flight at aa.com/manage or in the app. DM your record locator for help.
t2574,booking change,booking_change,@customer: @AmericanAir can I switch seat / add bag on booking 2VSTMG?,You can change most main-cabin+ tickets at aa.com/manage (fare difference may apply). DM your record locator and new date and I will outline exact steps.
t2575,praise other,praise_other,"@customer: @AmericanAir thanks crew on AA1942, great landing in LAX!",Thanks for flying with us! Let us know if you need anything on AA1942.
t2576,booking change,booking_change,"@customer: @AmericanAir need to change flight AA2984 to tomorrow, fare difference?",You can change most main-cabin+ tickets at aa.com/manage (fare difference may apply). DM your record locator and new date and I will outline exact steps.
t2577,checkin boarding,checkin_boarding,"@customer: @AmericanAir boarding pass wont load, gate 58 at MIA","Check in from 24 hrs in the app; gates close 15 min before departure. Try app refresh, or kiosk with confirmation code. DM your record locator if still blocked."
t2578,baggage,baggage,"@customer: charged $75 bag fee but told free, flight AA2009, refund?",Sorry about your bag. Please file a report at aa.com/baggage within 4 hrs and track in the app; keep receipts for essentials. DM your tag/record locator.
t2579,baggage,baggage,"@customer: @AmericanAir bag missing since yesterday flight AA1720 at JFK, tag QXA6BR",Sorry about your bag. Please file a report at aa.com/baggage within 4 hrs and track in the app; keep receipts for essentials. DM your tag/record locator.
t2580,loyalty account,loyalty_account,"@customer: gold status not showing, flight AA1180 tomorrow",Miles post within 48 hrs; request missing miles at aa.com/missingmiles with ticket number. DM details (never share password).
t2581,cancellation,cancellation,"@customer: @AmericanAir you cancelled flight AA2916 to PHX today, need rebook ASAP",Sorry your flight AA2916 was cancelled. You can rebook free on the next available American flight at aa.com/manage or in the app. DM your record locator for help.
t2582,praise other,praise_other,@customer: do you fly to LAX direct from DFW?,Thanks for flying with us! Let us know if you need anything on AA998.
t2583,flight delay,flight_delay,"@customer: @AmericanAir stuck at PHX, delay again, crew says 4hr wait, what now?",Sorry for the delay on AA602. Please check live status in the American app and speak to the gate agent about rebooking/meal voucher if 3+ hrs (aa.com/manage). DM your record locator and I can walk you through options.
t2584,loyalty account,loyalty_account,"@customer: gold status not showing, flight AA299 tomorrow",Miles post within 48 hrs; request missing miles at aa.com/missingmiles with ticket number. DM details (never share password).
t2585,cancellation,cancellation,"@customer: @AmericanAir cancelled on me at gate CLT, rebook options?",Sorry your flight AA1985 was cancelled. You can rebook free on the next available American flight at aa.com/manage or in the app. DM your record locator for help.
t2586,baggage,baggage,"@customer: charged $75 bag fee but told free, flight AA1537, refund?",Sorry about your bag. Please file a report at aa.com/baggage within 4 hrs and track in the app; keep receipts for essentials. DM your tag/record locator.
t2587,praise other,praise_other,@customer: thanks crew on aa2686 great landing in phx! pls help asap,Thanks for flying with us! Let us know if you need anything on AA2686.
t2588,cancellation,cancellation,@customer: cancelled on me at gate dca rebook options? pls help asap,Sorry your flight AA910 was cancelled. You can rebook free on the next available American flight at aa.com/manage or in the app. DM your record locator for help.
t2589,flight delay,flight_delay,"@customer: @AmericanAir flight AA1140 delayed 5hrs, will I miss my connection in JFK?",Sorry for the delay on AA1140. Please check live status in the American app and speak to the gate agent about rebooking/meal voucher if 3+ hrs (aa.com/manage). DM your record locator and I can walk you through options.
t2590,cancellation,cancellation,"@customer: flight AA1905 cancelled, stranded in LAX tonight, help",Sorry your flight AA1905 was cancelled. You can rebook free on the next available American flight at aa.com/manage or in the app. DM your record locator for help.
t2591,flight delay,flight_delay,"@customer: AA AA2014 delayed, need hotel tonight in CLT, who pays?",Sorry for the delay on AA2014. Please check live status in the American app and speak to the gate agent about rebooking/meal voucher if 3+ hrs (aa.com/manage). DM your record locator and I can walk you through options.
t2592,booking change,booking_change,"@customer: @AmericanAir need to change flight AA773 to tomorrow, fare difference?",You can change most main-cabin+ tickets at aa.com/manage (fare difference may apply). DM your record locator and new date and I will outline exact steps.
t2593,baggage,baggage,"@customer: @AmericanAir bag missing since yesterday flight AA2053 at PHX, tag 9XGT49",Sorry about your bag. Please file a report at aa.com/baggage within 4 hrs and track in the app; keep receipts for essentials. DM your tag/record locator.
t2594,praise other,praise_other,"@customer: @AmericanAir love the new app, smooth checkin",Thanks for flying with us! Let us know if you need anything on AA1016.
t2595,loyalty account,loyalty_account,"@customer: @AmericanAir miles missing for flight AA1526, AAdvantage DGS3B5",Miles post within 48 hrs; request missing miles at aa.com/missingmiles with ticket number. DM details (never share password).
t2596,praise other,praise_other,@customer: do you fly to PHX direct from DFW?,Thanks for flying with us! Let us know if you need anything on AA2089.
t2597,cancellation,cancellation,"@customer: @AmericanAir you cancelled flight AA230 to DCA today, need rebook ASAP",Sorry your flight AA230 was cancelled. You can rebook free on the next available American flight at aa.com/manage or in the app. DM your record locator for help.
t2598,loyalty account,loyalty_account,"@customer: @AmericanAir cant login AAdvantage, reset not working",Miles post within 48 hrs; request missing miles at aa.com/missingmiles with ticket number. DM details (never share password).
t2599,complaint service,complaint_service,"@customer: @AmericanAir crew on AA147 was rude to my mother, unacceptable",I am sorry you experienced this on AA147. I am escalating to a human specialist with a case number. Please DM your record locator + details.
t2600,checkin boarding,checkin_boarding,"@customer: @AmericanAir cant check in flight AA577, app error, leaves in 2 hours","Check in from 24 hrs in the app; gates close 15 min before departure. Try app refresh, or kiosk with confirmation code. DM your record locator if still blocked."
t2601,checkin boarding,checkin_boarding,"@customer: @AmericanAir boarding pass wont load, gate 31 at JFK","Check in from 24 hrs in the app; gates close 15 min before departure. Try app refresh, or kiosk with confirmation code. DM your record locator if still blocked."
t2602,loyalty account,loyalty_account,"@customer: @AmericanAir miles missing for flight AA1536, AAdvantage SMYNAD",Miles post within 48 hrs; request missing miles at aa.com/missingmiles with ticket number. DM details (never share password).
t2603,refund compensation,refund_compensation,"@customer: trip credit not received for AA498, booking A6WATQ","If we cancelled, you may choose refund or trip credit at aa.com/refunds (refundable to original payment within 7 days). DM your record locator."
t2604,flight delay,flight_delay,"@customer: AA AA2909 delayed, need hotel tonight in PHX, who pays?",Sorry for the delay on AA2909. Please check live status in the American app and speak to the gate agent about rebooking/meal voucher if 3+ hrs (aa.com/manage). DM your record locator and I can walk you through options.
t2605,flight delay,flight_delay,@customer: flight aa460 delayed 3hrs will i miss my connection in dca? pls help asap,Sorry for the delay on AA460. Please check live status in the American app and speak to the gate agent about rebooking/meal voucher if 3+ hrs (aa.com/manage). DM your record locator and I can walk you through options.
t2606,flight delay,flight_delay,"@customer: @AmericanAir flight AA1695 delayed 4hrs, will I miss my connection in PHX?",Sorry for the delay on AA1695. Please check live status in the American app and speak to the gate agent about rebooking/meal voucher if 3+ hrs (aa.com/manage). DM your record locator and I can walk you through options.
t2607,booking change,booking_change,"@customer: @AmericanAir need to change flight AA707 to tomorrow, fare difference?",You can change most main-cabin+ tickets at aa.com/manage (fare difference may apply). DM your record locator and new date and I will outline exact steps.
t2608,baggage,baggage,"@customer: @AmericanAir damaged suitcase on AA893, claim process?",Sorry about your bag. Please file a report at aa.com/baggage within 4 hrs and track in the app; keep receipts for essentials. DM your tag/record locator.
t2609,booking change,booking_change,@customer: @AmericanAir can I switch seat / add bag on booking 76VWDD?,You can change most main-cabin+ tickets at aa.com/manage (fare difference may apply). DM your record locator and new date and I will outline exact steps.
t2610,refund compensation,refund_compensation,@customer: @AmericanAir want voucher for 5hr delay AA2981 in ORD,"If we cancelled, you may choose refund or trip credit at aa.com/refunds (refundable to original payment within 7 days). DM your record locator."
t2611,cancellation,cancellation,"@customer: @AmericanAir you cancelled flight AA583 to JFK today, need rebook ASAP",Sorry your flight AA583 was cancelled. You can rebook free on the next available American flight at aa.com/manage or in the app. DM your record locator for help.
t2612,loyalty account,loyalty_account,@customer: cant login aadvantage reset not working pls help asap,Miles post within 48 hrs; request missing miles at aa.com/missingmiles with ticket number. DM details (never share password).
t2613,baggage,baggage,"@customer: charged $75 bag fee but told free, flight AA1309, refund?",Sorry about your bag. Please file a report at aa.com/baggage within 4 hrs and track in the app; keep receipts for essentials. DM your tag/record locator.
t2614,refund compensation,refund_compensation,@customer: @AmericanAir refund for cancelled AA2380? nonrefundable but you cancelled,"If we cancelled, you may choose refund or trip credit at aa.com/refunds (refundable to original payment within 7 days). DM your record locator."
t2615,refund compensation,refund_compensation,@customer: @AmericanAir want voucher for 5hr delay AA1063 in PHX,"If we cancelled, you may choose refund or trip credit at aa.com/refunds (refundable to original payment within 7 days). DM your record locator."
t2616,flight delay,flight_delay,"@customer: AA AA2976 delayed, need hotel tonight in PHX, who pays?",Sorry for the delay on AA2976. Please check live status in the American app and speak to the gate agent about rebooking/meal voucher if 3+ hrs (aa.com/manage). DM your record locator and I can walk you through options.
t2617,booking change,booking_change,@customer: change name spelling on reservation shlr8f how? pls help asap,You can change most main-cabin+ tickets at aa.com/manage (fare difference may apply). DM your record locator and new date and I will outline exact steps.
t2618,flight delay,flight_delay,"@customer: @AmericanAir stuck at JFK, delay again, crew says 2hr wait, what now?",Sorry for the delay on AA1204. Please check live status in the American app and speak to the gate agent about rebooking/meal voucher if 3+ hrs (aa.com/manage). DM your record locator and I can walk you through options.
t2619,refund compensation,refund_compensation,"@customer: trip credit not received for AA1276, booking M9HJTD","If we cancelled, you may choose refund or trip credit at aa.com/refunds (refundable to original payment within 7 days). DM your record locator."
t2620,checkin boarding,checkin_boarding,"@customer: @AmericanAir cant check in flight AA2652, app error, leaves in 2 hours","Check in from 24 hrs in the app; gates close 15 min before departure. Try app refresh, or kiosk with confirmation code. DM your record locator if still blocked."
t2621,cancellation,cancellation,"@customer: flight AA2189 cancelled, stranded in PHX tonight, help",Sorry your flight AA2189 was cancelled. You can rebook free on the next available American flight at aa.com/manage or in the app. DM your record locator for help.
t2622,booking change,booking_change,@customer: need to change flight aa1402 to tomorrow fare difference? pls help asap,You can change most main-cabin+ tickets at aa.com/manage (fare difference may apply). DM your record locator and new date and I will outline exact steps.
t2623,flight delay,flight_delay,"@customer: @AmericanAir stuck at MIA, delay again, crew says 4hr wait, what now?",Sorry for the delay on AA2925. Please check live status in the American app and speak to the gate agent about rebooking/meal voucher if 3+ hrs (aa.com/manage). DM your record locator and I can walk you through options.
t2624,praise other,praise_other,@customer: do you fly to PHX direct from DFW?,Thanks for flying with us! Let us know if you need anything on AA2346.
t2625,flight delay,flight_delay,"@customer: @AmericanAir flight AA1737 delayed 2hrs, will I miss my connection in JFK?",Sorry for the delay on AA1737. Please check live status in the American app and speak to the gate agent about rebooking/meal voucher if 3+ hrs (aa.com/manage). DM your record locator and I can walk you through options.
t2626,complaint service,complaint_service,"@customer: @AmericanAir discriminated at gate DCA, want supervisor + case",I am sorry you experienced this on AA2838. I am escalating to a human specialist with a case number. Please DM your record locator + details.
t2627,praise other,praise_other,"@customer: @AmericanAir thanks crew on AA2918, great landing in LAX!",Thanks for flying with us! Let us know if you need anything on AA2918.
t2628,cancellation,cancellation,"@customer: @AmericanAir you cancelled flight AA2451 to DFW today, need rebook ASAP",Sorry your flight AA2451 was cancelled. You can rebook free on the next available American flight at aa.com/manage or in the app. DM your record locator for help.
t2629,baggage,baggage,"@customer: @AmericanAir damaged suitcase on AA815, claim process?",Sorry about your bag. Please file a report at aa.com/baggage within 4 hrs and track in the app; keep receipts for essentials. DM your tag/record locator.
t2630,cancellation,cancellation,"@customer: flight AA792 cancelled, stranded in LAX tonight, help",Sorry your flight AA792 was cancelled. You can rebook free on the next available American flight at aa.com/manage or in the app. DM your record locator for help.
t2631,praise other,praise_other,"@customer: @AmericanAir love the new app, smooth checkin",Thanks for flying with us! Let us know if you need anything on AA664.
t2632,baggage,baggage,"@customer: @AmericanAir bag missing since yesterday flight AA1588 at DCA, tag 4JM56E",Sorry about your bag. Please file a report at aa.com/baggage within 4 hrs and track in the app; keep receipts for essentials. DM your tag/record locator.
t2633,booking change,booking_change,@customer: need to change flight aa1606 to tomorrow fare difference? pls help asap,You can change most main-cabin+ tickets at aa.com/manage (fare difference may apply). DM your record locator and new date and I will outline exact steps.
t2634,checkin boarding,checkin_boarding,"@customer: @AmericanAir boarding pass wont load, gate 59 at DFW","Check in from 24 hrs in the app; gates close 15 min before departure. Try app refresh, or kiosk with confirmation code. DM your record locator if still blocked."
t2635,baggage,baggage,"@customer: @AmericanAir bag missing since yesterday flight AA388 at PHX, tag F9A38C",Sorry about your bag. Please file a report at aa.com/baggage within 4 hrs and track in the app; keep receipts for essentials. DM your tag/record locator.
t2636,loyalty account,loyalty_account,"@customer: gold status not showing, flight AA497 tomorrow",Miles post within 48 hrs; request missing miles at aa.com/missingmiles with ticket number. DM details (never share password).
t2637,booking change,booking_change,"@customer: change name spelling on reservation Z2LHM7, how?",You can change most main-cabin+ tickets at aa.com/manage (fare difference may apply). DM your record locator and new date and I will outline exact steps.
t2638,checkin boarding,checkin_boarding,"@customer: @AmericanAir boarding pass wont load, gate 55 at PHX","Check in from 24 hrs in the app; gates close 15 min before departure. Try app refresh, or kiosk with confirmation code. DM your record locator if still blocked."
t2639,complaint service,complaint_service,"@customer: @AmericanAir crew on AA1990 was rude to my mother, unacceptable",I am sorry you experienced this on AA1990. I am escalating to a human specialist with a case number. Please DM your record locator + details.
t2640,cancellation,cancellation,"@customer: flight AA773 cancelled, stranded in JFK tonight, help",Sorry your flight AA773 was cancelled. You can rebook free on the next available American flight at aa.com/manage or in the app. DM your record locator for help.
t2641,complaint service,complaint_service,"@customer: @AmericanAir crew on AA2130 was rude to my mother, unacceptable",I am sorry you experienced this on AA2130. I am escalating to a human specialist with a case number. Please DM your record locator + details.
t2642,checkin boarding,checkin_boarding,@customer: what gate for AA2392 at JFK? boarding group 4 when?,"Check in from 24 hrs in the app; gates close 15 min before departure. Try app refresh, or kiosk with confirmation code. DM your record locator if still blocked."
t2643,flight delay,flight_delay,"@customer: @AmericanAir stuck at JFK, delay again, crew says 1hr wait, what now?",Sorry for the delay on AA1603. Please check live status in the American app and speak to the gate agent about rebooking/meal voucher if 3+ hrs (aa.com/manage). DM your record locator and I can walk you through options.
t2644,cancellation,cancellation,"@customer: @AmericanAir cancelled on me at gate MIA, rebook options?",Sorry your flight AA1932 was cancelled. You can rebook free on the next available American flight at aa.com/manage or in the app. DM your record locator for help.
t2645,loyalty account,loyalty_account,"@customer: gold status not showing, flight AA1685 tomorrow",Miles post within 48 hrs; request missing miles at aa.com/missingmiles with ticket number. DM details (never share password).
t2646,refund compensation,refund_compensation,@customer: @AmericanAir want voucher for 5hr delay AA2095 in DFW,"If we cancelled, you may choose refund or trip credit at aa.com/refunds (refundable to original payment within 7 days). DM your record locator."
t2647,checkin boarding,checkin_boarding,"@customer: @AmericanAir cant check in flight AA336, app error, leaves in 2 hours","Check in from 24 hrs in the app; gates close 15 min before departure. Try app refresh, or kiosk with confirmation code. DM your record locator if still blocked."
t2648,checkin boarding,checkin_boarding,@customer: what gate for AA2075 at CLT? boarding group 4 when?,"Check in from 24 hrs in the app; gates close 15 min before departure. Try app refresh, or kiosk with confirmation code. DM your record locator if still blocked."
t2649,checkin boarding,checkin_boarding,"@customer: @AmericanAir cant check in flight AA606, app error, leaves in 2 hours","Check in from 24 hrs in the app; gates close 15 min before departure. Try app refresh, or kiosk with confirmation code. DM your record locator if still blocked."
t2650,checkin boarding,checkin_boarding,"@customer: @AmericanAir boarding pass wont load, gate 31 at MIA","Check in from 24 hrs in the app; gates close 15 min before departure. Try app refresh, or kiosk with confirmation code. DM your record locator if still blocked."
t2651,booking change,booking_change,@customer: @AmericanAir can I switch seat / add bag on booking ADFW7H?,You can change most main-cabin+ tickets at aa.com/manage (fare difference may apply). DM your record locator and new date and I will outline exact steps.
t2652,baggage,baggage,"@customer: @AmericanAir damaged suitcase on AA2262, claim process?",Sorry about your bag. Please file a report at aa.com/baggage within 4 hrs and track in the app; keep receipts for essentials. DM your tag/record locator.
t2653,praise other,praise_other,@customer: do you fly to mia direct from dfw? pls help asap,Thanks for flying with us! Let us know if you need anything on AA2985.
t2654,baggage,baggage,"@customer: @AmericanAir bag missing since yesterday flight AA2046 at CLT, tag GQKSLX",Sorry about your bag. Please file a report at aa.com/baggage within 4 hrs and track in the app; keep receipts for essentials. DM your tag/record locator.
t2655,loyalty account,loyalty_account,"@customer: @AmericanAir cant login AAdvantage, reset not working",Miles post within 48 hrs; request missing miles at aa.com/missingmiles with ticket number. DM details (never share password).
t2656,baggage,baggage,"@customer: @AmericanAir damaged suitcase on AA2214, claim process?",Sorry about your bag. Please file a report at aa.com/baggage within 4 hrs and track in the app; keep receipts for essentials. DM your tag/record locator.
t2657,praise other,praise_other,@customer: do you fly to PHX direct from DFW?,Thanks for flying with us! Let us know if you need anything on AA762.
t2658,complaint service,complaint_service,"@customer: @AmericanAir discriminated at gate LAX, want supervisor + case",I am sorry you experienced this on AA1982. I am escalating to a human specialist with a case number. Please DM your record locator + details.
t2659,baggage,baggage,"@customer: charged $75 bag fee but told free, flight AA1367, refund?",Sorry about your bag. Please file a report at aa.com/baggage within 4 hrs and track in the app; keep receipts for essentials. DM your tag/record locator.
t2660,complaint service,complaint_service,"@customer: @AmericanAir crew on AA916 was rude to my mother, unacceptable",I am sorry you experienced this on AA916. I am escalating to a human specialist with a case number. Please DM your record locator + details.
t2661,complaint service,complaint_service,"@customer: never flying again, worst service AA927, filing DOT complaint",I am sorry you experienced this on AA927. I am escalating to a human specialist with a case number. Please DM your record locator + details.
t2662,praise other,praise_other,"@customer: @AmericanAir thanks crew on AA2586, great landing in DFW!",Thanks for flying with us! Let us know if you need anything on AA2586.
t2663,complaint service,complaint_service,"@customer: @AmericanAir crew on AA2042 was rude to my mother, unacceptable",I am sorry you experienced this on AA2042. I am escalating to a human specialist with a case number. Please DM your record locator + details.
t2664,booking change,booking_change,@customer: @AmericanAir can I switch seat / add bag on booking QMW752?,You can change most main-cabin+ tickets at aa.com/manage (fare difference may apply). DM your record locator and new date and I will outline exact steps.
t2665,cancellation,cancellation,"@customer: @AmericanAir cancelled on me at gate ORD, rebook options?",Sorry your flight AA958 was cancelled. You can rebook free on the next available American flight at aa.com/manage or in the app. DM your record locator for help.
t2666,praise other,praise_other,@customer: love the new app smooth checkin pls help asap,Thanks for flying with us! Let us know if you need anything on AA2248.
t2667,baggage,baggage,"@customer: charged $75 bag fee but told free, flight AA2881, refund?",Sorry about your bag. Please file a report at aa.com/baggage within 4 hrs and track in the app; keep receipts for essentials. DM your tag/record locator.
t2668,praise other,praise_other,@customer: do you fly to PHX direct from DFW?,Thanks for flying with us! Let us know if you need anything on AA1561.
t2669,flight delay,flight_delay,"@customer: @AmericanAir flight AA860 delayed 1hrs, will I miss my connection in ORD?",Sorry for the delay on AA860. Please check live status in the American app and speak to the gate agent about rebooking/meal voucher if 3+ hrs (aa.com/manage). DM your record locator and I can walk you through options.
t2670,praise other,praise_other,"@customer: @AmericanAir love the new app, smooth checkin",Thanks for flying with us! Let us know if you need anything on AA1749.
t2671,flight delay,flight_delay,"@customer: @AmericanAir stuck at JFK, delay again, crew says 3hr wait, what now?",Sorry for the delay on AA1478. Please check live status in the American app and speak to the gate agent about rebooking/meal voucher if 3+ hrs (aa.com/manage). DM your record locator and I can walk you through options.
t2672,cancellation,cancellation,"@customer: @AmericanAir you cancelled flight AA609 to DCA today, need rebook ASAP",Sorry your flight AA609 was cancelled. You can rebook free on the next available American flight at aa.com/manage or in the app. DM your record locator for help.
t2673,refund compensation,refund_compensation,"@customer: trip credit not received for AA457, booking TZ2SLT","If we cancelled, you may choose refund or trip credit at aa.com/refunds (refundable to original payment within 7 days). DM your record locator."
t2674,flight delay,flight_delay,"@customer: AA AA304 delayed, need hotel tonight in JFK, who pays?",Sorry for the delay on AA304. Please check live status in the American app and speak to the gate agent about rebooking/meal voucher if 3+ hrs (aa.com/manage). DM your record locator and I can walk you through options.
t2675,loyalty account,loyalty_account,"@customer: gold status not showing, flight AA2182 tomorrow",Miles post within 48 hrs; request missing miles at aa.com/missingmiles with ticket number. DM details (never share password).
t2676,loyalty account,loyalty_account,"@customer: @AmericanAir miles missing for flight AA2614, AAdvantage MQM6UR",Miles post within 48 hrs; request missing miles at aa.com/missingmiles with ticket number. DM details (never share password).
t2677,complaint service,complaint_service,"@customer: @AmericanAir crew on AA653 was rude to my mother, unacceptable",I am sorry you experienced this on AA653. I am escalating to a human specialist with a case number. Please DM your record locator + details.
t2678,checkin boarding,checkin_boarding,@customer: cant check in flight aa2404 app error leaves in 2 hours pls help asap,"Check in from 24 hrs in the app; gates close 15 min before departure. Try app refresh, or kiosk with confirmation code. DM your record locator if still blocked."
t2679,complaint service,complaint_service,"@customer: @AmericanAir discriminated at gate PHX, want supervisor + case",I am sorry you experienced this on AA2825. I am escalating to a human specialist with a case number. Please DM your record locator + details.
t2680,praise other,praise_other,@customer: do you fly to DFW direct from DFW?,Thanks for flying with us! Let us know if you need anything on AA1182.
t2681,loyalty account,loyalty_account,"@customer: @AmericanAir miles missing for flight AA1657, AAdvantage 73RVHD",Miles post within 48 hrs; request missing miles at aa.com/missingmiles with ticket number. DM details (never share password).
t2682,flight delay,flight_delay,@customer: aa aa1352 delayed need hotel tonight in clt who pays? pls help asap,Sorry for the delay on AA1352. Please check live status in the American app and speak to the gate agent about rebooking/meal voucher if 3+ hrs (aa.com/manage). DM your record locator and I can walk you through options.
t2683,baggage,baggage,"@customer: charged $75 bag fee but told free, flight AA1635, refund?",Sorry about your bag. Please file a report at aa.com/baggage within 4 hrs and track in the app; keep receipts for essentials. DM your tag/record locator.
t2684,flight delay,flight_delay,"@customer: @AmericanAir flight AA1025 delayed 4hrs, will I miss my connection in ORD?",Sorry for the delay on AA1025. Please check live status in the American app and speak to the gate agent about rebooking/meal voucher if 3+ hrs (aa.com/manage). DM your record locator and I can walk you through options.
t2685,baggage,baggage,"@customer: @AmericanAir bag missing since yesterday flight AA1936 at DCA, tag BRRWSY",Sorry about your bag. Please file a report at aa.com/baggage within 4 hrs and track in the app; keep receipts for essentials. DM your tag/record locator.
t2686,checkin boarding,checkin_boarding,@customer: what gate for AA424 at CLT? boarding group 4 when?,"Check in from 24 hrs in the app; gates close 15 min before departure. Try app refresh, or kiosk with confirmation code. DM your record locator if still blocked."
t2687,checkin boarding,checkin_boarding,@customer: boarding pass wont load gate 1 at ord pls help asap,"Check in from 24 hrs in the app; gates close 15 min before departure. Try app refresh, or kiosk with confirmation code. DM your record locator if still blocked."
t2688,flight delay,flight_delay,"@customer: @AmericanAir flight AA2427 delayed 1hrs, will I miss my connection in ORD?",Sorry for the delay on AA2427. Please check live status in the American app and speak to the gate agent about rebooking/meal voucher if 3+ hrs (aa.com/manage). DM your record locator and I can walk you through options.
t2689,cancellation,cancellation,"@customer: @AmericanAir cancelled on me at gate ORD, rebook options?",Sorry your flight AA1171 was cancelled. You can rebook free on the next available American flight at aa.com/manage or in the app. DM your record locator for help.
t2690,baggage,baggage,@customer: charged $75 bag fee but told free flight aa2293 refund? pls help asap,Sorry about your bag. Please file a report at aa.com/baggage within 4 hrs and track in the app; keep receipts for essentials. DM your tag/record locator.
t2691,baggage,baggage,"@customer: charged $75 bag fee but told free, flight AA1386, refund?",Sorry about your bag. Please file a report at aa.com/baggage within 4 hrs and track in the app; keep receipts for essentials. DM your tag/record locator.
t2692,praise other,praise_other,"@customer: @AmericanAir love the new app, smooth checkin",Thanks for flying with us! Let us know if you need anything on AA1193.
t2693,praise other,praise_other,@customer: do you fly to MIA direct from DFW?,Thanks for flying with us! Let us know if you need anything on AA2292.
t2694,refund compensation,refund_compensation,"@customer: trip credit not received for AA1669, booking CY7J7X","If we cancelled, you may choose refund or trip credit at aa.com/refunds (refundable to original payment within 7 days). DM your record locator."
t2695,checkin boarding,checkin_boarding,@customer: what gate for AA1367 at MIA? boarding group 4 when?,"Check in from 24 hrs in the app; gates close 15 min before departure. Try app refresh, or kiosk with confirmation code. DM your record locator if still blocked."
t2696,flight delay,flight_delay,"@customer: AA AA946 delayed, need hotel tonight in DFW, who pays?",Sorry for the delay on AA946. Please check live status in the American app and speak to the gate agent about rebooking/meal voucher if 3+ hrs (aa.com/manage). DM your record locator and I can walk you through options.
t2697,complaint service,complaint_service,"@customer: never flying again, worst service AA1578, filing DOT complaint",I am sorry you experienced this on AA1578. I am escalating to a human specialist with a case number. Please DM your record locator + details.
t2698,complaint service,complaint_service,"@customer: never flying again, worst service AA1082, filing DOT complaint",I am sorry you experienced this on AA1082. I am escalating to a human specialist with a case number. Please DM your record locator + details.
t2699,baggage,baggage,@customer: damaged suitcase on aa2129 claim process? pls help asap,Sorry about your bag. Please file a report at aa.com/baggage within 4 hrs and track in the app; keep receipts for essentials. DM your tag/record locator.
t2700,baggage,baggage,"@customer: charged $75 bag fee but told free, flight AA2053, refund?",Sorry about your bag. Please file a report at aa.com/baggage within 4 hrs and track in the app; keep receipts for essentials. DM your tag/record locator.
t2701,praise other,praise_other,"@customer: @AmericanAir love the new app, smooth checkin",Thanks for flying with us! Let us know if you need anything on AA1528.
t2702,praise other,praise_other,"@customer: @AmericanAir thanks crew on AA1121, great landing in DFW!",Thanks for flying with us! Let us know if you need anything on AA1121.
t2703,refund compensation,refund_compensation,@customer: @AmericanAir want voucher for 5hr delay AA1139 in DFW,"If we cancelled, you may choose refund or trip credit at aa.com/refunds (refundable to original payment within 7 days). DM your record locator."
t2704,flight delay,flight_delay,"@customer: @AmericanAir stuck at CLT, delay again, crew says 3hr wait, what now?",Sorry for the delay on AA2377. Please check live status in the American app and speak to the gate agent about rebooking/meal voucher if 3+ hrs (aa.com/manage). DM your record locator and I can walk you through options.
t2705,refund compensation,refund_compensation,"@customer: trip credit not received for AA2449, booking YZBM45","If we cancelled, you may choose refund or trip credit at aa.com/refunds (refundable to original payment within 7 days). DM your record locator."
t2706,checkin boarding,checkin_boarding,@customer: what gate for AA1843 at LAX? boarding group 4 when?,"Check in from 24 hrs in the app; gates close 15 min before departure. Try app refresh, or kiosk with confirmation code. DM your record locator if still blocked."
t2707,checkin boarding,checkin_boarding,@customer: what gate for aa1719 at lax? boarding group 4 when? pls help asap,"Check in from 24 hrs in the app; gates close 15 min before departure. Try app refresh, or kiosk with confirmation code. DM your record locator if still blocked."
t2708,baggage,baggage,"@customer: @AmericanAir bag missing since yesterday flight AA962 at DCA, tag FJZEYH",Sorry about your bag. Please file a report at aa.com/baggage within 4 hrs and track in the app; keep receipts for essentials. DM your tag/record locator.
t2709,booking change,booking_change,"@customer: @AmericanAir need to change flight AA1622 to tomorrow, fare difference?",You can change most main-cabin+ tickets at aa.com/manage (fare difference may apply). DM your record locator and new date and I will outline exact steps.
t2710,loyalty account,loyalty_account,"@customer: @AmericanAir cant login AAdvantage, reset not working",Miles post within 48 hrs; request missing miles at aa.com/missingmiles with ticket number. DM details (never share password).
t2711,cancellation,cancellation,"@customer: @AmericanAir you cancelled flight AA870 to ORD today, need rebook ASAP",Sorry your flight AA870 was cancelled. You can rebook free on the next available American flight at aa.com/manage or in the app. DM your record locator for help.
t2712,booking change,booking_change,@customer: @AmericanAir can I switch seat / add bag on booking T8NYEZ?,You can change most main-cabin+ tickets at aa.com/manage (fare difference may apply). DM your record locator and new date and I will outline exact steps.
t2713,booking change,booking_change,@customer: @AmericanAir can I switch seat / add bag on booking WHCME8?,You can change most main-cabin+ tickets at aa.com/manage (fare difference may apply). DM your record locator and new date and I will outline exact steps.
t2714,refund compensation,refund_compensation,@customer: @AmericanAir refund for cancelled AA704? nonrefundable but you cancelled,"If we cancelled, you may choose refund or trip credit at aa.com/refunds (refundable to original payment within 7 days). DM your record locator."
t2715,loyalty account,loyalty_account,"@customer: @AmericanAir cant login AAdvantage, reset not working",Miles post within 48 hrs; request missing miles at aa.com/missingmiles with ticket number. DM details (never share password).
t2716,flight delay,flight_delay,@customer: stuck at dca delay again crew says 2hr wait what now? pls help asap,Sorry for the delay on AA765. Please check live status in the American app and speak to the gate agent about rebooking/meal voucher if 3+ hrs (aa.com/manage). DM your record locator and I can walk you through options.
t2717,flight delay,flight_delay,"@customer: AA AA1061 delayed, need hotel tonight in MIA, who pays?",Sorry for the delay on AA1061. Please check live status in the American app and speak to the gate agent about rebooking/meal voucher if 3+ hrs (aa.com/manage). DM your record locator and I can walk you through options.
t2718,praise other,praise_other,@customer: do you fly to MIA direct from DFW?,Thanks for flying with us! Let us know if you need anything on AA2045.
t2719,loyalty account,loyalty_account,"@customer: @AmericanAir miles missing for flight AA213, AAdvantage Q2G7C4",Miles post within 48 hrs; request missing miles at aa.com/missingmiles with ticket number. DM details (never share password).
t2720,cancellation,cancellation,"@customer: flight AA966 cancelled, stranded in PHX tonight, help",Sorry your flight AA966 was cancelled. You can rebook free on the next available American flight at aa.com/manage or in the app. DM your record locator for help.
t2721,checkin boarding,checkin_boarding,@customer: what gate for AA224 at LAX? boarding group 4 when?,"Check in from 24 hrs in the app; gates close 15 min before departure. Try app refresh, or kiosk with confirmation code. DM your record locator if still blocked."
t2722,refund compensation,refund_compensation,"@customer: trip credit not received for AA253, booking FPYJNW","If we cancelled, you may choose refund or trip credit at aa.com/refunds (refundable to original payment within 7 days). DM your record locator."
t2723,baggage,baggage,@customer: damaged suitcase on aa1576 claim process? pls help asap,Sorry about your bag. Please file a report at aa.com/baggage within 4 hrs and track in the app; keep receipts for essentials. DM your tag/record locator.
t2724,loyalty account,loyalty_account,@customer: gold status not showing flight aa2158 tomorrow pls help asap,Miles post within 48 hrs; request missing miles at aa.com/missingmiles with ticket number. DM details (never share password).
t2725,baggage,baggage,"@customer: @AmericanAir damaged suitcase on AA2496, claim process?",Sorry about your bag. Please file a report at aa.com/baggage within 4 hrs and track in the app; keep receipts for essentials. DM your tag/record locator.
t2726,checkin boarding,checkin_boarding,@customer: what gate for AA992 at ORD? boarding group 4 when?,"Check in from 24 hrs in the app; gates close 15 min before departure. Try app refresh, or kiosk with confirmation code. DM your record locator if still blocked."
t2727,praise other,praise_other,@customer: do you fly to PHX direct from DFW?,Thanks for flying with us! Let us know if you need anything on AA2212.
t2728,flight delay,flight_delay,"@customer: AA AA2971 delayed, need hotel tonight in DFW, who pays?",Sorry for the delay on AA2971. Please check live status in the American app and speak to the gate agent about rebooking/meal voucher if 3+ hrs (aa.com/manage). DM your record locator and I can walk you through options.
t2729,booking change,booking_change,@customer: @AmericanAir can I switch seat / add bag on booking LDJDGZ?,You can change most main-cabin+ tickets at aa.com/manage (fare difference may apply). DM your record locator and new date and I will outline exact steps.
t2730,baggage,baggage,"@customer: @AmericanAir bag missing since yesterday flight AA829 at MIA, tag MFSQB3",Sorry about your bag. Please file a report at aa.com/baggage within 4 hrs and track in the app; keep receipts for essentials. DM your tag/record locator.
t2731,complaint service,complaint_service,"@customer: never flying again, worst service AA172, filing DOT complaint",I am sorry you experienced this on AA172. I am escalating to a human specialist with a case number. Please DM your record locator + details.
t2732,loyalty account,loyalty_account,"@customer: @AmericanAir cant login AAdvantage, reset not working",Miles post within 48 hrs; request missing miles at aa.com/missingmiles with ticket number. DM details (never share password).
t2733,checkin boarding,checkin_boarding,"@customer: @AmericanAir cant check in flight AA1731, app error, leaves in 2 hours","Check in from 24 hrs in the app; gates close 15 min before departure. Try app refresh, or kiosk with confirmation code. DM your record locator if still blocked."
t2734,baggage,baggage,@customer: damaged suitcase on aa1306 claim process? pls help asap,Sorry about your bag. Please file a report at aa.com/baggage within 4 hrs and track in the app; keep receipts for essentials. DM your tag/record locator.
t2735,refund compensation,refund_compensation,"@customer: trip credit not received for AA2355, booking N68BX3","If we cancelled, you may choose refund or trip credit at aa.com/refunds (refundable to original payment within 7 days). DM your record locator."
t2736,refund compensation,refund_compensation,@customer: @AmericanAir refund for cancelled AA900? nonrefundable but you cancelled,"If we cancelled, you may choose refund or trip credit at aa.com/refunds (refundable to original payment within 7 days). DM your record locator."
t2737,booking change,booking_change,@customer: change name spelling on reservation 6eesdq how? pls help asap,You can change most main-cabin+ tickets at aa.com/manage (fare difference may apply). DM your record locator and new date and I will outline exact steps.
t2738,complaint service,complaint_service,"@customer: @AmericanAir crew on AA189 was rude to my mother, unacceptable",I am sorry you experienced this on AA189. I am escalating to a human specialist with a case number. Please DM your record locator + details.
t2739,baggage,baggage,"@customer: @AmericanAir bag missing since yesterday flight AA221 at DFW, tag PDFQMQ",Sorry about your bag. Please file a report at aa.com/baggage within 4 hrs and track in the app; keep receipts for essentials. DM your tag/record locator.
t2740,complaint service,complaint_service,"@customer: @AmericanAir crew on AA1857 was rude to my mother, unacceptable",I am sorry you experienced this on AA1857. I am escalating to a human specialist with a case number. Please DM your record locator + details.
t2741,complaint service,complaint_service,"@customer: @AmericanAir crew on AA1831 was rude to my mother, unacceptable",I am sorry you experienced this on AA1831. I am escalating to a human specialist with a case number. Please DM your record locator + details.
t2742,complaint service,complaint_service,"@customer: @AmericanAir discriminated at gate MIA, want supervisor + case",I am sorry you experienced this on AA1902. I am escalating to a human specialist with a case number. Please DM your record locator + details.
t2743,booking change,booking_change,@customer: @AmericanAir can I switch seat / add bag on booking 8URK96?,You can change most main-cabin+ tickets at aa.com/manage (fare difference may apply). DM your record locator and new date and I will outline exact steps.
t2744,checkin boarding,checkin_boarding,"@customer: @AmericanAir cant check in flight AA1062, app error, leaves in 2 hours","Check in from 24 hrs in the app; gates close 15 min before departure. Try app refresh, or kiosk with confirmation code. DM your record locator if still blocked."
t2745,booking change,booking_change,@customer: @AmericanAir can I switch seat / add bag on booking HRRERP?,You can change most main-cabin+ tickets at aa.com/manage (fare difference may apply). DM your record locator and new date and I will outline exact steps.
t2746,baggage,baggage,"@customer: charged $75 bag fee but told free, flight AA2142, refund?",Sorry about your bag. Please file a report at aa.com/baggage within 4 hrs and track in the app; keep receipts for essentials. DM your tag/record locator.
t2747,checkin boarding,checkin_boarding,"@customer: @AmericanAir cant check in flight AA2992, app error, leaves in 2 hours","Check in from 24 hrs in the app; gates close 15 min before departure. Try app refresh, or kiosk with confirmation code. DM your record locator if still blocked."
t2748,cancellation,cancellation,"@customer: flight AA499 cancelled, stranded in DCA tonight, help",Sorry your flight AA499 was cancelled. You can rebook free on the next available American flight at aa.com/manage or in the app. DM your record locator for help.
t2749,checkin boarding,checkin_boarding,@customer: what gate for AA2163 at DCA? boarding group 4 when?,"Check in from 24 hrs in the app; gates close 15 min before departure. Try app refresh, or kiosk with confirmation code. DM your record locator if still blocked."
t2750,praise other,praise_other,"@customer: @AmericanAir love the new app, smooth checkin",Thanks for flying with us! Let us know if you need anything on AA1283.
t2751,complaint service,complaint_service,@customer: never flying again worst service aa2336 filing dot complaint pls help asap,I am sorry you experienced this on AA2336. I am escalating to a human specialist with a case number. Please DM your record locator + details.
t2752,loyalty account,loyalty_account,"@customer: @AmericanAir miles missing for flight AA1015, AAdvantage 8Q5F93",Miles post within 48 hrs; request missing miles at aa.com/missingmiles with ticket number. DM details (never share password).
t2753,baggage,baggage,@customer: charged $75 bag fee but told free flight aa2496 refund? pls help asap,Sorry about your bag. Please file a report at aa.com/baggage within 4 hrs and track in the app; keep receipts for essentials. DM your tag/record locator.
t2754,loyalty account,loyalty_account,"@customer: @AmericanAir miles missing for flight AA1407, AAdvantage 6NPMLN",Miles post within 48 hrs; request missing miles at aa.com/missingmiles with ticket number. DM details (never share password).
t2755,checkin boarding,checkin_boarding,"@customer: @AmericanAir boarding pass wont load, gate 53 at CLT","Check in from 24 hrs in the app; gates close 15 min before departure. Try app refresh, or kiosk with confirmation code. DM your record locator if still blocked."
t2756,refund compensation,refund_compensation,@customer: @AmericanAir want voucher for 5hr delay AA2132 in LAX,"If we cancelled, you may choose refund or trip credit at aa.com/refunds (refundable to original payment within 7 days). DM your record locator."
t2757,flight delay,flight_delay,"@customer: @AmericanAir flight AA1153 delayed 4hrs, will I miss my connection in ORD?",Sorry for the delay on AA1153. Please check live status in the American app and speak to the gate agent about rebooking/meal voucher if 3+ hrs (aa.com/manage). DM your record locator and I can walk you through options.
t2758,checkin boarding,checkin_boarding,@customer: what gate for AA2331 at PHX? boarding group 4 when?,"Check in from 24 hrs in the app; gates close 15 min before departure. Try app refresh, or kiosk with confirmation code. DM your record locator if still blocked."
t2759,flight delay,flight_delay,"@customer: AA AA975 delayed, need hotel tonight in ORD, who pays?",Sorry for the delay on AA975. Please check live status in the American app and speak to the gate agent about rebooking/meal voucher if 3+ hrs (aa.com/manage). DM your record locator and I can walk you through options.
t2760,cancellation,cancellation,"@customer: @AmericanAir cancelled on me at gate MIA, rebook options?",Sorry your flight AA1648 was cancelled. You can rebook free on the next available American flight at aa.com/manage or in the app. DM your record locator for help.
t2761,refund compensation,refund_compensation,@customer: @AmericanAir refund for cancelled AA2581? nonrefundable but you cancelled,"If we cancelled, you may choose refund or trip credit at aa.com/refunds (refundable to original payment within 7 days). DM your record locator."
t2762,refund compensation,refund_compensation,@customer: @AmericanAir want voucher for 5hr delay AA1281 in LAX,"If we cancelled, you may choose refund or trip credit at aa.com/refunds (refundable to original payment within 7 days). DM your record locator."
t2763,booking change,booking_change,@customer: @AmericanAir can I switch seat / add bag on booking QV2JF7?,You can change most main-cabin+ tickets at aa.com/manage (fare difference may apply). DM your record locator and new date and I will outline exact steps.
t2764,checkin boarding,checkin_boarding,"@customer: @AmericanAir cant check in flight AA1846, app error, leaves in 2 hours","Check in from 24 hrs in the app; gates close 15 min before departure. Try app refresh, or kiosk with confirmation code. DM your record locator if still blocked."
t2765,baggage,baggage,"@customer: charged $75 bag fee but told free, flight AA1180, refund?",Sorry about your bag. Please file a report at aa.com/baggage within 4 hrs and track in the app; keep receipts for essentials. DM your tag/record locator.
t2766,praise other,praise_other,@customer: do you fly to ORD direct from DFW?,Thanks for flying with us! Let us know if you need anything on AA2501.
t2767,booking change,booking_change,"@customer: change name spelling on reservation YHWAP9, how?",You can change most main-cabin+ tickets at aa.com/manage (fare difference may apply). DM your record locator and new date and I will outline exact steps.
t2768,praise other,praise_other,@customer: do you fly to MIA direct from DFW?,Thanks for flying with us! Let us know if you need anything on AA810.
t2769,flight delay,flight_delay,@customer: stuck at ord delay again crew says 6hr wait what now? pls help asap,Sorry for the delay on AA2317. Please check live status in the American app and speak to the gate agent about rebooking/meal voucher if 3+ hrs (aa.com/manage). DM your record locator and I can walk you through options.
t2770,complaint service,complaint_service,@customer: never flying again worst service aa2350 filing dot complaint pls help asap,I am sorry you experienced this on AA2350. I am escalating to a human specialist with a case number. Please DM your record locator + details.
t2771,refund compensation,refund_compensation,@customer: @AmericanAir refund for cancelled AA2843? nonrefundable but you cancelled,"If we cancelled, you may choose refund or trip credit at aa.com/refunds (refundable to original payment within 7 days). DM your record locator."
t2772,refund compensation,refund_compensation,@customer: @AmericanAir want voucher for 5hr delay AA2508 in MIA,"If we cancelled, you may choose refund or trip credit at aa.com/refunds (refundable to original payment within 7 days). DM your record locator."
t2773,cancellation,cancellation,"@customer: flight AA2271 cancelled, stranded in LAX tonight, help",Sorry your flight AA2271 was cancelled. You can rebook free on the next available American flight at aa.com/manage or in the app. DM your record locator for help.
t2774,cancellation,cancellation,"@customer: @AmericanAir cancelled on me at gate LAX, rebook options?",Sorry your flight AA661 was cancelled. You can rebook free on the next available American flight at aa.com/manage or in the app. DM your record locator for help.
t2775,checkin boarding,checkin_boarding,"@customer: @AmericanAir cant check in flight AA1400, app error, leaves in 2 hours","Check in from 24 hrs in the app; gates close 15 min before departure. Try app refresh, or kiosk with confirmation code. DM your record locator if still blocked."
t2776,loyalty account,loyalty_account,"@customer: @AmericanAir cant login AAdvantage, reset not working",Miles post within 48 hrs; request missing miles at aa.com/missingmiles with ticket number. DM details (never share password).
t2777,praise other,praise_other,"@customer: @AmericanAir love the new app, smooth checkin",Thanks for flying with us! Let us know if you need anything on AA2362.
t2778,praise other,praise_other,@customer: do you fly to LAX direct from DFW?,Thanks for flying with us! Let us know if you need anything on AA1388.
t2779,praise other,praise_other,"@customer: @AmericanAir love the new app, smooth checkin",Thanks for flying with us! Let us know if you need anything on AA448.
t2780,cancellation,cancellation,"@customer: @AmericanAir you cancelled flight AA2834 to LAX today, need rebook ASAP",Sorry your flight AA2834 was cancelled. You can rebook free on the next available American flight at aa.com/manage or in the app. DM your record locator for help.
t2781,booking change,booking_change,"@customer: change name spelling on reservation LGXGZZ, how?",You can change most main-cabin+ tickets at aa.com/manage (fare difference may apply). DM your record locator and new date and I will outline exact steps.
t2782,booking change,booking_change,"@customer: @AmericanAir need to change flight AA2401 to tomorrow, fare difference?",You can change most main-cabin+ tickets at aa.com/manage (fare difference may apply). DM your record locator and new date and I will outline exact steps.
t2783,complaint service,complaint_service,"@customer: never flying again, worst service AA2685, filing DOT complaint",I am sorry you experienced this on AA2685. I am escalating to a human specialist with a case number. Please DM your record locator + details.
t2784,praise other,praise_other,@customer: do you fly to CLT direct from DFW?,Thanks for flying with us! Let us know if you need anything on AA952.
t2785,booking change,booking_change,"@customer: @AmericanAir need to change flight AA2787 to tomorrow, fare difference?",You can change most main-cabin+ tickets at aa.com/manage (fare difference may apply). DM your record locator and new date and I will outline exact steps.
t2786,cancellation,cancellation,"@customer: @AmericanAir you cancelled flight AA2077 to ORD today, need rebook ASAP",Sorry your flight AA2077 was cancelled. You can rebook free on the next available American flight at aa.com/manage or in the app. DM your record locator for help.
t2787,baggage,baggage,"@customer: @AmericanAir damaged suitcase on AA804, claim process?",Sorry about your bag. Please file a report at aa.com/baggage within 4 hrs and track in the app; keep receipts for essentials. DM your tag/record locator.
t2788,baggage,baggage,"@customer: @AmericanAir bag missing since yesterday flight AA901 at MIA, tag PGF8SA",Sorry about your bag. Please file a report at aa.com/baggage within 4 hrs and track in the app; keep receipts for essentials. DM your tag/record locator.
t2789,checkin boarding,checkin_boarding,"@customer: @AmericanAir boarding pass wont load, gate 56 at CLT","Check in from 24 hrs in the app; gates close 15 min before departure. Try app refresh, or kiosk with confirmation code. DM your record locator if still blocked."
t2790,loyalty account,loyalty_account,"@customer: gold status not showing, flight AA2096 tomorrow",Miles post within 48 hrs; request missing miles at aa.com/missingmiles with ticket number. DM details (never share password).
t2791,loyalty account,loyalty_account,"@customer: @AmericanAir miles missing for flight AA1357, AAdvantage 5XSXU4",Miles post within 48 hrs; request missing miles at aa.com/missingmiles with ticket number. DM details (never share password).
t2792,loyalty account,loyalty_account,"@customer: @AmericanAir cant login AAdvantage, reset not working",Miles post within 48 hrs; request missing miles at aa.com/missingmiles with ticket number. DM details (never share password).
t2793,refund compensation,refund_compensation,"@customer: trip credit not received for AA1821, booking UXY77D","If we cancelled, you may choose refund or trip credit at aa.com/refunds (refundable to original payment within 7 days). DM your record locator."
t2794,complaint service,complaint_service,"@customer: @AmericanAir crew on AA2536 was rude to my mother, unacceptable",I am sorry you experienced this on AA2536. I am escalating to a human specialist with a case number. Please DM your record locator + details.
t2795,refund compensation,refund_compensation,@customer: @AmericanAir refund for cancelled AA691? nonrefundable but you cancelled,"If we cancelled, you may choose refund or trip credit at aa.com/refunds (refundable to original payment within 7 days). DM your record locator."
t2796,checkin boarding,checkin_boarding,@customer: what gate for AA521 at DCA? boarding group 4 when?,"Check in from 24 hrs in the app; gates close 15 min before departure. Try app refresh, or kiosk with confirmation code. DM your record locator if still blocked."
t2797,cancellation,cancellation,"@customer: flight AA618 cancelled, stranded in DFW tonight, help",Sorry your flight AA618 was cancelled. You can rebook free on the next available American flight at aa.com/manage or in the app. DM your record locator for help.
t2798,baggage,baggage,"@customer: @AmericanAir damaged suitcase on AA2781, claim process?",Sorry about your bag. Please file a report at aa.com/baggage within 4 hrs and track in the app; keep receipts for essentials. DM your tag/record locator.
t2799,checkin boarding,checkin_boarding,"@customer: @AmericanAir boarding pass wont load, gate 22 at PHX","Check in from 24 hrs in the app; gates close 15 min before departure. Try app refresh, or kiosk with confirmation code. DM your record locator if still blocked."
t2800,flight delay,flight_delay,"@customer: @AmericanAir stuck at CLT, delay again, crew says 2hr wait, what now?",Sorry for the delay on AA335. Please check live status in the American app and speak to the gate agent about rebooking/meal voucher if 3+ hrs (aa.com/manage). DM your record locator and I can walk you through options.
t2801,baggage,baggage,"@customer: @AmericanAir bag missing since yesterday flight AA1964 at DCA, tag PZW4XS",Sorry about your bag. Please file a report at aa.com/baggage within 4 hrs and track in the app; keep receipts for essentials. DM your tag/record locator.
t2802,baggage,baggage,"@customer: charged $75 bag fee but told free, flight AA2889, refund?",Sorry about your bag. Please file a report at aa.com/baggage within 4 hrs and track in the app; keep receipts for essentials. DM your tag/record locator.
t2803,booking change,booking_change,"@customer: change name spelling on reservation LM7C2U, how?",You can change most main-cabin+ tickets at aa.com/manage (fare difference may apply). DM your record locator and new date and I will outline exact steps.
t2804,complaint service,complaint_service,"@customer: never flying again, worst service AA770, filing DOT complaint",I am sorry you experienced this on AA770. I am escalating to a human specialist with a case number. Please DM your record locator + details.
t2805,loyalty account,loyalty_account,"@customer: @AmericanAir miles missing for flight AA344, AAdvantage 8JUDGV",Miles post within 48 hrs; request missing miles at aa.com/missingmiles with ticket number. DM details (never share password).
t2806,cancellation,cancellation,"@customer: flight AA2461 cancelled, stranded in DCA tonight, help",Sorry your flight AA2461 was cancelled. You can rebook free on the next available American flight at aa.com/manage or in the app. DM your record locator for help.
t2807,complaint service,complaint_service,"@customer: never flying again, worst service AA2874, filing DOT complaint",I am sorry you experienced this on AA2874. I am escalating to a human specialist with a case number. Please DM your record locator + details.
t2808,checkin boarding,checkin_boarding,"@customer: @AmericanAir cant check in flight AA838, app error, leaves in 2 hours","Check in from 24 hrs in the app; gates close 15 min before departure. Try app refresh, or kiosk with confirmation code. DM your record locator if still blocked."
t2809,praise other,praise_other,@customer: do you fly to DCA direct from DFW?,Thanks for flying with us! Let us know if you need anything on AA289.
t2810,flight delay,flight_delay,"@customer: @AmericanAir flight AA520 delayed 3hrs, will I miss my connection in ORD?",Sorry for the delay on AA520. Please check live status in the American app and speak to the gate agent about rebooking/meal voucher if 3+ hrs (aa.com/manage). DM your record locator and I can walk you through options.
t2811,complaint service,complaint_service,"@customer: never flying again, worst service AA475, filing DOT complaint",I am sorry you experienced this on AA475. I am escalating to a human specialist with a case number. Please DM your record locator + details.
t2812,flight delay,flight_delay,"@customer: @AmericanAir stuck at CLT, delay again, crew says 5hr wait, what now?",Sorry for the delay on AA2307. Please check live status in the American app and speak to the gate agent about rebooking/meal voucher if 3+ hrs (aa.com/manage). DM your record locator and I can walk you through options.
t2813,baggage,baggage,"@customer: @AmericanAir bag missing since yesterday flight AA1240 at PHX, tag 9QVQFN",Sorry about your bag. Please file a report at aa.com/baggage within 4 hrs and track in the app; keep receipts for essentials. DM your tag/record locator.
t2814,complaint service,complaint_service,"@customer: @AmericanAir crew on AA1979 was rude to my mother, unacceptable",I am sorry you experienced this on AA1979. I am escalating to a human specialist with a case number. Please DM your record locator + details.
t2815,refund compensation,refund_compensation,"@customer: trip credit not received for AA2806, booking M9UNRW","If we cancelled, you may choose refund or trip credit at aa.com/refunds (refundable to original payment within 7 days). DM your record locator."
t2816,cancellation,cancellation,"@customer: @AmericanAir you cancelled flight AA492 to DFW today, need rebook ASAP",Sorry your flight AA492 was cancelled. You can rebook free on the next available American flight at aa.com/manage or in the app. DM your record locator for help.
t2817,loyalty account,loyalty_account,"@customer: gold status not showing, flight AA2020 tomorrow",Miles post within 48 hrs; request missing miles at aa.com/missingmiles with ticket number. DM details (never share password).
t2818,refund compensation,refund_compensation,"@customer: trip credit not received for AA1504, booking NAZ6Q5","If we cancelled, you may choose refund or trip credit at aa.com/refunds (refundable to original payment within 7 days). DM your record locator."
t2819,refund compensation,refund_compensation,"@customer: trip credit not received for AA2016, booking 78NGME","If we cancelled, you may choose refund or trip credit at aa.com/refunds (refundable to original payment within 7 days). DM your record locator."
t2820,praise other,praise_other,"@customer: @AmericanAir thanks crew on AA1449, great landing in DFW!",Thanks for flying with us! Let us know if you need anything on AA1449.
t2821,checkin boarding,checkin_boarding,"@customer: @AmericanAir cant check in flight AA1367, app error, leaves in 2 hours","Check in from 24 hrs in the app; gates close 15 min before departure. Try app refresh, or kiosk with confirmation code. DM your record locator if still blocked."
t2822,loyalty account,loyalty_account,@customer: cant login aadvantage reset not working pls help asap,Miles post within 48 hrs; request missing miles at aa.com/missingmiles with ticket number. DM details (never share password).
t2823,booking change,booking_change,"@customer: change name spelling on reservation WD3LEA, how?",You can change most main-cabin+ tickets at aa.com/manage (fare difference may apply). DM your record locator and new date and I will outline exact steps.
t2824,cancellation,cancellation,"@customer: @AmericanAir cancelled on me at gate MIA, rebook options?",Sorry your flight AA1460 was cancelled. You can rebook free on the next available American flight at aa.com/manage or in the app. DM your record locator for help.
t2825,loyalty account,loyalty_account,"@customer: @AmericanAir cant login AAdvantage, reset not working",Miles post within 48 hrs; request missing miles at aa.com/missingmiles with ticket number. DM details (never share password).
t2826,baggage,baggage,"@customer: @AmericanAir bag missing since yesterday flight AA135 at JFK, tag 823ET7",Sorry about your bag. Please file a report at aa.com/baggage within 4 hrs and track in the app; keep receipts for essentials. DM your tag/record locator.
t2827,booking change,booking_change,"@customer: change name spelling on reservation KSHZ5Y, how?",You can change most main-cabin+ tickets at aa.com/manage (fare difference may apply). DM your record locator and new date and I will outline exact steps.
t2828,praise other,praise_other,"@customer: @AmericanAir love the new app, smooth checkin",Thanks for flying with us! Let us know if you need anything on AA402.
t2829,flight delay,flight_delay,"@customer: @AmericanAir stuck at ORD, delay again, crew says 1hr wait, what now?",Sorry for the delay on AA1327. Please check live status in the American app and speak to the gate agent about rebooking/meal voucher if 3+ hrs (aa.com/manage). DM your record locator and I can walk you through options.
t2830,booking change,booking_change,"@customer: @AmericanAir need to change flight AA788 to tomorrow, fare difference?",You can change most main-cabin+ tickets at aa.com/manage (fare difference may apply). DM your record locator and new date and I will outline exact steps.
t2831,baggage,baggage,"@customer: @AmericanAir bag missing since yesterday flight AA177 at MIA, tag XZ8EQZ",Sorry about your bag. Please file a report at aa.com/baggage within 4 hrs and track in the app; keep receipts for essentials. DM your tag/record locator.
t2832,complaint service,complaint_service,"@customer: @AmericanAir crew on AA455 was rude to my mother, unacceptable",I am sorry you experienced this on AA455. I am escalating to a human specialist with a case number. Please DM your record locator + details.
t2833,baggage,baggage,"@customer: @AmericanAir damaged suitcase on AA894, claim process?",Sorry about your bag. Please file a report at aa.com/baggage within 4 hrs and track in the app; keep receipts for essentials. DM your tag/record locator.
t2834,flight delay,flight_delay,"@customer: @AmericanAir flight AA2125 delayed 2hrs, will I miss my connection in LAX?",Sorry for the delay on AA2125. Please check live status in the American app and speak to the gate agent about rebooking/meal voucher if 3+ hrs (aa.com/manage). DM your record locator and I can walk you through options.
t2835,flight delay,flight_delay,"@customer: @AmericanAir stuck at ORD, delay again, crew says 6hr wait, what now?",Sorry for the delay on AA120. Please check live status in the American app and speak to the gate agent about rebooking/meal voucher if 3+ hrs (aa.com/manage). DM your record locator and I can walk you through options.
t2836,loyalty account,loyalty_account,"@customer: @AmericanAir cant login AAdvantage, reset not working",Miles post within 48 hrs; request missing miles at aa.com/missingmiles with ticket number. DM details (never share password).
t2837,flight delay,flight_delay,"@customer: @AmericanAir flight AA1036 delayed 1hrs, will I miss my connection in DFW?",Sorry for the delay on AA1036. Please check live status in the American app and speak to the gate agent about rebooking/meal voucher if 3+ hrs (aa.com/manage). DM your record locator and I can walk you through options.
t2838,praise other,praise_other,"@customer: @AmericanAir thanks crew on AA547, great landing in ORD!",Thanks for flying with us! Let us know if you need anything on AA547.
t2839,complaint service,complaint_service,"@customer: @AmericanAir discriminated at gate DFW, want supervisor + case",I am sorry you experienced this on AA222. I am escalating to a human specialist with a case number. Please DM your record locator + details.
t2840,loyalty account,loyalty_account,"@customer: gold status not showing, flight AA1490 tomorrow",Miles post within 48 hrs; request missing miles at aa.com/missingmiles with ticket number. DM details (never share password).
t2841,booking change,booking_change,"@customer: change name spelling on reservation HLJ59N, how?",You can change most main-cabin+ tickets at aa.com/manage (fare difference may apply). DM your record locator and new date and I will outline exact steps.
t2842,refund compensation,refund_compensation,"@customer: trip credit not received for AA2145, booking NJHXYZ","If we cancelled, you may choose refund or trip credit at aa.com/refunds (refundable to original payment within 7 days). DM your record locator."
t2843,cancellation,cancellation,"@customer: flight AA418 cancelled, stranded in JFK tonight, help",Sorry your flight AA418 was cancelled. You can rebook free on the next available American flight at aa.com/manage or in the app. DM your record locator for help.
t2844,checkin boarding,checkin_boarding,"@customer: @AmericanAir cant check in flight AA2712, app error, leaves in 2 hours","Check in from 24 hrs in the app; gates close 15 min before departure. Try app refresh, or kiosk with confirmation code. DM your record locator if still blocked."
t2845,baggage,baggage,"@customer: @AmericanAir damaged suitcase on AA529, claim process?",Sorry about your bag. Please file a report at aa.com/baggage within 4 hrs and track in the app; keep receipts for essentials. DM your tag/record locator.
t2846,booking change,booking_change,"@customer: change name spelling on reservation ABVHDU, how?",You can change most main-cabin+ tickets at aa.com/manage (fare difference may apply). DM your record locator and new date and I will outline exact steps.
t2847,booking change,booking_change,@customer: @AmericanAir can I switch seat / add bag on booking 3U9W96?,You can change most main-cabin+ tickets at aa.com/manage (fare difference may apply). DM your record locator and new date and I will outline exact steps.
t2848,booking change,booking_change,@customer: @AmericanAir can I switch seat / add bag on booking QSN2QH?,You can change most main-cabin+ tickets at aa.com/manage (fare difference may apply). DM your record locator and new date and I will outline exact steps.
t2849,checkin boarding,checkin_boarding,@customer: what gate for AA2340 at JFK? boarding group 4 when?,"Check in from 24 hrs in the app; gates close 15 min before departure. Try app refresh, or kiosk with confirmation code. DM your record locator if still blocked."
t2850,complaint service,complaint_service,"@customer: never flying again, worst service AA1389, filing DOT complaint",I am sorry you experienced this on AA1389. I am escalating to a human specialist with a case number. Please DM your record locator + details.
t2851,booking change,booking_change,"@customer: @AmericanAir need to change flight AA1179 to tomorrow, fare difference?",You can change most main-cabin+ tickets at aa.com/manage (fare difference may apply). DM your record locator and new date and I will outline exact steps.
t2852,booking change,booking_change,@customer: @AmericanAir can I switch seat / add bag on booking YFVZ2V?,You can change most main-cabin+ tickets at aa.com/manage (fare difference may apply). DM your record locator and new date and I will outline exact steps.
t2853,flight delay,flight_delay,"@customer: @AmericanAir stuck at JFK, delay again, crew says 5hr wait, what now?",Sorry for the delay on AA2801. Please check live status in the American app and speak to the gate agent about rebooking/meal voucher if 3+ hrs (aa.com/manage). DM your record locator and I can walk you through options.
t2854,loyalty account,loyalty_account,@customer: cant login aadvantage reset not working pls help asap,Miles post within 48 hrs; request missing miles at aa.com/missingmiles with ticket number. DM details (never share password).
t2855,loyalty account,loyalty_account,"@customer: gold status not showing, flight AA1618 tomorrow",Miles post within 48 hrs; request missing miles at aa.com/missingmiles with ticket number. DM details (never share password).
t2856,baggage,baggage,"@customer: @AmericanAir damaged suitcase on AA1152, claim process?",Sorry about your bag. Please file a report at aa.com/baggage within 4 hrs and track in the app; keep receipts for essentials. DM your tag/record locator.
t2857,checkin boarding,checkin_boarding,"@customer: @AmericanAir cant check in flight AA2581, app error, leaves in 2 hours","Check in from 24 hrs in the app; gates close 15 min before departure. Try app refresh, or kiosk with confirmation code. DM your record locator if still blocked."
t2858,loyalty account,loyalty_account,"@customer: @AmericanAir cant login AAdvantage, reset not working",Miles post within 48 hrs; request missing miles at aa.com/missingmiles with ticket number. DM details (never share password).
t2859,checkin boarding,checkin_boarding,"@customer: @AmericanAir cant check in flight AA1682, app error, leaves in 2 hours","Check in from 24 hrs in the app; gates close 15 min before departure. Try app refresh, or kiosk with confirmation code. DM your record locator if still blocked."
t2860,flight delay,flight_delay,@customer: stuck at jfk delay again crew says 3hr wait what now? pls help asap,Sorry for the delay on AA1992. Please check live status in the American app and speak to the gate agent about rebooking/meal voucher if 3+ hrs (aa.com/manage). DM your record locator and I can walk you through options.
t2861,flight delay,flight_delay,"@customer: AA AA2921 delayed, need hotel tonight in MIA, who pays?",Sorry for the delay on AA2921. Please check live status in the American app and speak to the gate agent about rebooking/meal voucher if 3+ hrs (aa.com/manage). DM your record locator and I can walk you through options.
t2862,loyalty account,loyalty_account,"@customer: @AmericanAir cant login AAdvantage, reset not working",Miles post within 48 hrs; request missing miles at aa.com/missingmiles with ticket number. DM details (never share password).
t2863,praise other,praise_other,"@customer: @AmericanAir thanks crew on AA2599, great landing in CLT!",Thanks for flying with us! Let us know if you need anything on AA2599.
t2864,complaint service,complaint_service,"@customer: never flying again, worst service AA1158, filing DOT complaint",I am sorry you experienced this on AA1158. I am escalating to a human specialist with a case number. Please DM your record locator + details.
t2865,flight delay,flight_delay,"@customer: AA AA1641 delayed, need hotel tonight in DCA, who pays?",Sorry for the delay on AA1641. Please check live status in the American app and speak to the gate agent about rebooking/meal voucher if 3+ hrs (aa.com/manage). DM your record locator and I can walk you through options.
t2866,flight delay,flight_delay,"@customer: @AmericanAir flight AA1400 delayed 1hrs, will I miss my connection in CLT?",Sorry for the delay on AA1400. Please check live status in the American app and speak to the gate agent about rebooking/meal voucher if 3+ hrs (aa.com/manage). DM your record locator and I can walk you through options.
t2867,loyalty account,loyalty_account,@customer: cant login aadvantage reset not working pls help asap,Miles post within 48 hrs; request missing miles at aa.com/missingmiles with ticket number. DM details (never share password).
t2868,complaint service,complaint_service,@customer: discriminated at gate dca want supervisor + case pls help asap,I am sorry you experienced this on AA1276. I am escalating to a human specialist with a case number. Please DM your record locator + details.
t2869,refund compensation,refund_compensation,@customer: @AmericanAir refund for cancelled AA1406? nonrefundable but you cancelled,"If we cancelled, you may choose refund or trip credit at aa.com/refunds (refundable to original payment within 7 days). DM your record locator."
t2870,cancellation,cancellation,"@customer: @AmericanAir you cancelled flight AA1389 to LAX today, need rebook ASAP",Sorry your flight AA1389 was cancelled. You can rebook free on the next available American flight at aa.com/manage or in the app. DM your record locator for help.
t2871,refund compensation,refund_compensation,@customer: trip credit not received for aa1628 booking ckylu7 pls help asap,"If we cancelled, you may choose refund or trip credit at aa.com/refunds (refundable to original payment within 7 days). DM your record locator."
t2872,flight delay,flight_delay,"@customer: @AmericanAir flight AA1902 delayed 5hrs, will I miss my connection in CLT?",Sorry for the delay on AA1902. Please check live status in the American app and speak to the gate agent about rebooking/meal voucher if 3+ hrs (aa.com/manage). DM your record locator and I can walk you through options.
t2873,loyalty account,loyalty_account,"@customer: gold status not showing, flight AA482 tomorrow",Miles post within 48 hrs; request missing miles at aa.com/missingmiles with ticket number. DM details (never share password).
t2874,refund compensation,refund_compensation,@customer: @AmericanAir refund for cancelled AA1480? nonrefundable but you cancelled,"If we cancelled, you may choose refund or trip credit at aa.com/refunds (refundable to original payment within 7 days). DM your record locator."
t2875,complaint service,complaint_service,"@customer: @AmericanAir discriminated at gate DCA, want supervisor + case",I am sorry you experienced this on AA659. I am escalating to a human specialist with a case number. Please DM your record locator + details.
t2876,checkin boarding,checkin_boarding,"@customer: @AmericanAir cant check in flight AA687, app error, leaves in 2 hours","Check in from 24 hrs in the app; gates close 15 min before departure. Try app refresh, or kiosk with confirmation code. DM your record locator if still blocked."
t2877,flight delay,flight_delay,"@customer: @AmericanAir flight AA1735 delayed 6hrs, will I miss my connection in MIA?",Sorry for the delay on AA1735. Please check live status in the American app and speak to the gate agent about rebooking/meal voucher if 3+ hrs (aa.com/manage). DM your record locator and I can walk you through options.
t2878,praise other,praise_other,@customer: thanks crew on aa933 great landing in mia! pls help asap,Thanks for flying with us! Let us know if you need anything on AA933.
t2879,complaint service,complaint_service,"@customer: never flying again, worst service AA2019, filing DOT complaint",I am sorry you experienced this on AA2019. I am escalating to a human specialist with a case number. Please DM your record locator + details.
t2880,checkin boarding,checkin_boarding,"@customer: @AmericanAir cant check in flight AA2246, app error, leaves in 2 hours","Check in from 24 hrs in the app; gates close 15 min before departure. Try app refresh, or kiosk with confirmation code. DM your record locator if still blocked."
t2881,loyalty account,loyalty_account,"@customer: @AmericanAir cant login AAdvantage, reset not working",Miles post within 48 hrs; request missing miles at aa.com/missingmiles with ticket number. DM details (never share password).
t2882,booking change,booking_change,"@customer: change name spelling on reservation U89R62, how?",You can change most main-cabin+ tickets at aa.com/manage (fare difference may apply). DM your record locator and new date and I will outline exact steps.
t2883,checkin boarding,checkin_boarding,@customer: what gate for AA898 at CLT? boarding group 4 when?,"Check in from 24 hrs in the app; gates close 15 min before departure. Try app refresh, or kiosk with confirmation code. DM your record locator if still blocked."
t2884,baggage,baggage,"@customer: @AmericanAir damaged suitcase on AA1184, claim process?",Sorry about your bag. Please file a report at aa.com/baggage within 4 hrs and track in the app; keep receipts for essentials. DM your tag/record locator.
t2885,checkin boarding,checkin_boarding,@customer: what gate for AA1590 at DCA? boarding group 4 when?,"Check in from 24 hrs in the app; gates close 15 min before departure. Try app refresh, or kiosk with confirmation code. DM your record locator if still blocked."
t2886,cancellation,cancellation,"@customer: flight AA1526 cancelled, stranded in PHX tonight, help",Sorry your flight AA1526 was cancelled. You can rebook free on the next available American flight at aa.com/manage or in the app. DM your record locator for help.
t2887,checkin boarding,checkin_boarding,@customer: boarding pass wont load gate 5 at clt pls help asap,"Check in from 24 hrs in the app; gates close 15 min before departure. Try app refresh, or kiosk with confirmation code. DM your record locator if still blocked."
t2888,checkin boarding,checkin_boarding,"@customer: @AmericanAir boarding pass wont load, gate 11 at DCA","Check in from 24 hrs in the app; gates close 15 min before departure. Try app refresh, or kiosk with confirmation code. DM your record locator if still blocked."
t2889,baggage,baggage,"@customer: charged $75 bag fee but told free, flight AA2670, refund?",Sorry about your bag. Please file a report at aa.com/baggage within 4 hrs and track in the app; keep receipts for essentials. DM your tag/record locator.
t2890,refund compensation,refund_compensation,@customer: @AmericanAir refund for cancelled AA143? nonrefundable but you cancelled,"If we cancelled, you may choose refund or trip credit at aa.com/refunds (refundable to original payment within 7 days). DM your record locator."
t2891,baggage,baggage,"@customer: @AmericanAir bag missing since yesterday flight AA238 at JFK, tag TY5M8H",Sorry about your bag. Please file a report at aa.com/baggage within 4 hrs and track in the app; keep receipts for essentials. DM your tag/record locator.
t2892,flight delay,flight_delay,"@customer: @AmericanAir stuck at ORD, delay again, crew says 6hr wait, what now?",Sorry for the delay on AA800. Please check live status in the American app and speak to the gate agent about rebooking/meal voucher if 3+ hrs (aa.com/manage). DM your record locator and I can walk you through options.
t2893,flight delay,flight_delay,"@customer: @AmericanAir flight AA1873 delayed 4hrs, will I miss my connection in MIA?",Sorry for the delay on AA1873. Please check live status in the American app and speak to the gate agent about rebooking/meal voucher if 3+ hrs (aa.com/manage). DM your record locator and I can walk you through options.
t2894,checkin boarding,checkin_boarding,"@customer: @AmericanAir cant check in flight AA2422, app error, leaves in 2 hours","Check in from 24 hrs in the app; gates close 15 min before departure. Try app refresh, or kiosk with confirmation code. DM your record locator if still blocked."
t2895,refund compensation,refund_compensation,@customer: @AmericanAir want voucher for 5hr delay AA2663 in ORD,"If we cancelled, you may choose refund or trip credit at aa.com/refunds (refundable to original payment within 7 days). DM your record locator."
t2896,checkin boarding,checkin_boarding,"@customer: @AmericanAir boarding pass wont load, gate 47 at PHX","Check in from 24 hrs in the app; gates close 15 min before departure. Try app refresh, or kiosk with confirmation code. DM your record locator if still blocked."
t2897,complaint service,complaint_service,"@customer: never flying again, worst service AA318, filing DOT complaint",I am sorry you experienced this on AA318. I am escalating to a human specialist with a case number. Please DM your record locator + details.
t2898,complaint service,complaint_service,"@customer: @AmericanAir discriminated at gate PHX, want supervisor + case",I am sorry you experienced this on AA1000. I am escalating to a human specialist with a case number. Please DM your record locator + details.
t2899,refund compensation,refund_compensation,"@customer: trip credit not received for AA568, booking 66ZKGH","If we cancelled, you may choose refund or trip credit at aa.com/refunds (refundable to original payment within 7 days). DM your record locator."
t2900,loyalty account,loyalty_account,"@customer: @AmericanAir miles missing for flight AA1477, AAdvantage GYYQ4G",Miles post within 48 hrs; request missing miles at aa.com/missingmiles with ticket number. DM details (never share password).
t2901,complaint service,complaint_service,@customer: never flying again worst service aa1540 filing dot complaint pls help asap,I am sorry you experienced this on AA1540. I am escalating to a human specialist with a case number. Please DM your record locator + details.
t2902,refund compensation,refund_compensation,@customer: @AmericanAir refund for cancelled AA1701? nonrefundable but you cancelled,"If we cancelled, you may choose refund or trip credit at aa.com/refunds (refundable to original payment within 7 days). DM your record locator."
t2903,checkin boarding,checkin_boarding,"@customer: @AmericanAir boarding pass wont load, gate 37 at JFK","Check in from 24 hrs in the app; gates close 15 min before departure. Try app refresh, or kiosk with confirmation code. DM your record locator if still blocked."
t2904,booking change,booking_change,"@customer: change name spelling on reservation U99GC3, how?",You can change most main-cabin+ tickets at aa.com/manage (fare difference may apply). DM your record locator and new date and I will outline exact steps.
t2905,checkin boarding,checkin_boarding,@customer: what gate for AA1722 at DCA? boarding group 4 when?,"Check in from 24 hrs in the app; gates close 15 min before departure. Try app refresh, or kiosk with confirmation code. DM your record locator if still blocked."
t2906,flight delay,flight_delay,"@customer: AA AA2170 delayed, need hotel tonight in JFK, who pays?",Sorry for the delay on AA2170. Please check live status in the American app and speak to the gate agent about rebooking/meal voucher if 3+ hrs (aa.com/manage). DM your record locator and I can walk you through options.
t2907,complaint service,complaint_service,"@customer: never flying again, worst service AA676, filing DOT complaint",I am sorry you experienced this on AA676. I am escalating to a human specialist with a case number. Please DM your record locator + details.
t2908,complaint service,complaint_service,"@customer: @AmericanAir crew on AA1868 was rude to my mother, unacceptable",I am sorry you experienced this on AA1868. I am escalating to a human specialist with a case number. Please DM your record locator + details.
t2909,checkin boarding,checkin_boarding,"@customer: @AmericanAir boarding pass wont load, gate 1 at CLT","Check in from 24 hrs in the app; gates close 15 min before departure. Try app refresh, or kiosk with confirmation code. DM your record locator if still blocked."
t2910,praise other,praise_other,"@customer: @AmericanAir thanks crew on AA2819, great landing in DCA!",Thanks for flying with us! Let us know if you need anything on AA2819.
t2911,loyalty account,loyalty_account,@customer: gold status not showing flight aa936 tomorrow pls help asap,Miles post within 48 hrs; request missing miles at aa.com/missingmiles with ticket number. DM details (never share password).
t2912,checkin boarding,checkin_boarding,"@customer: @AmericanAir boarding pass wont load, gate 53 at MIA","Check in from 24 hrs in the app; gates close 15 min before departure. Try app refresh, or kiosk with confirmation code. DM your record locator if still blocked."
t2913,refund compensation,refund_compensation,"@customer: trip credit not received for AA1679, booking YBBP7W","If we cancelled, you may choose refund or trip credit at aa.com/refunds (refundable to original payment within 7 days). DM your record locator."
t2914,refund compensation,refund_compensation,@customer: @AmericanAir want voucher for 5hr delay AA1858 in CLT,"If we cancelled, you may choose refund or trip credit at aa.com/refunds (refundable to original payment within 7 days). DM your record locator."
t2915,loyalty account,loyalty_account,"@customer: @AmericanAir cant login AAdvantage, reset not working",Miles post within 48 hrs; request missing miles at aa.com/missingmiles with ticket number. DM details (never share password).
t2916,praise other,praise_other,"@customer: @AmericanAir love the new app, smooth checkin",Thanks for flying with us! Let us know if you need anything on AA409.
t2917,praise other,praise_other,"@customer: @AmericanAir thanks crew on AA2120, great landing in DCA!",Thanks for flying with us! Let us know if you need anything on AA2120.
t2918,loyalty account,loyalty_account,"@customer: @AmericanAir cant login AAdvantage, reset not working",Miles post within 48 hrs; request missing miles at aa.com/missingmiles with ticket number. DM details (never share password).
t2919,baggage,baggage,"@customer: @AmericanAir bag missing since yesterday flight AA550 at CLT, tag VSVVLT",Sorry about your bag. Please file a report at aa.com/baggage within 4 hrs and track in the app; keep receipts for essentials. DM your tag/record locator.
t2920,loyalty account,loyalty_account,"@customer: gold status not showing, flight AA147 tomorrow",Miles post within 48 hrs; request missing miles at aa.com/missingmiles with ticket number. DM details (never share password).
t2921,booking change,booking_change,"@customer: change name spelling on reservation X7PM25, how?",You can change most main-cabin+ tickets at aa.com/manage (fare difference may apply). DM your record locator and new date and I will outline exact steps.
t2922,refund compensation,refund_compensation,@customer: @AmericanAir refund for cancelled AA2225? nonrefundable but you cancelled,"If we cancelled, you may choose refund or trip credit at aa.com/refunds (refundable to original payment within 7 days). DM your record locator."
t2923,flight delay,flight_delay,"@customer: @AmericanAir stuck at LAX, delay again, crew says 2hr wait, what now?",Sorry for the delay on AA2160. Please check live status in the American app and speak to the gate agent about rebooking/meal voucher if 3+ hrs (aa.com/manage). DM your record locator and I can walk you through options.
t2924,checkin boarding,checkin_boarding,@customer: what gate for aa630 at lax? boarding group 4 when? pls help asap,"Check in from 24 hrs in the app; gates close 15 min before departure. Try app refresh, or kiosk with confirmation code. DM your record locator if still blocked."
t2925,complaint service,complaint_service,"@customer: @AmericanAir discriminated at gate DFW, want supervisor + case",I am sorry you experienced this on AA222. I am escalating to a human specialist with a case number. Please DM your record locator + details.
t2926,cancellation,cancellation,"@customer: @AmericanAir cancelled on me at gate LAX, rebook options?",Sorry your flight AA260 was cancelled. You can rebook free on the next available American flight at aa.com/manage or in the app. DM your record locator for help.
t2927,booking change,booking_change,"@customer: change name spelling on reservation W2BMKT, how?",You can change most main-cabin+ tickets at aa.com/manage (fare difference may apply). DM your record locator and new date and I will outline exact steps.
t2928,booking change,booking_change,"@customer: change name spelling on reservation 9URLLY, how?",You can change most main-cabin+ tickets at aa.com/manage (fare difference may apply). DM your record locator and new date and I will outline exact steps.
t2929,booking change,booking_change,"@customer: @AmericanAir need to change flight AA144 to tomorrow, fare difference?",You can change most main-cabin+ tickets at aa.com/manage (fare difference may apply). DM your record locator and new date and I will outline exact steps.
t2930,flight delay,flight_delay,"@customer: @AmericanAir flight AA1941 delayed 4hrs, will I miss my connection in LAX?",Sorry for the delay on AA1941. Please check live status in the American app and speak to the gate agent about rebooking/meal voucher if 3+ hrs (aa.com/manage). DM your record locator and I can walk you through options.
t2931,loyalty account,loyalty_account,"@customer: gold status not showing, flight AA1940 tomorrow",Miles post within 48 hrs; request missing miles at aa.com/missingmiles with ticket number. DM details (never share password).
t2932,checkin boarding,checkin_boarding,@customer: what gate for AA1461 at MIA? boarding group 4 when?,"Check in from 24 hrs in the app; gates close 15 min before departure. Try app refresh, or kiosk with confirmation code. DM your record locator if still blocked."
t2933,booking change,booking_change,@customer: @AmericanAir can I switch seat / add bag on booking H693X4?,You can change most main-cabin+ tickets at aa.com/manage (fare difference may apply). DM your record locator and new date and I will outline exact steps.
t2934,refund compensation,refund_compensation,"@customer: trip credit not received for AA203, booking CWP4J6","If we cancelled, you may choose refund or trip credit at aa.com/refunds (refundable to original payment within 7 days). DM your record locator."
t2935,checkin boarding,checkin_boarding,"@customer: @AmericanAir boarding pass wont load, gate 8 at CLT","Check in from 24 hrs in the app; gates close 15 min before departure. Try app refresh, or kiosk with confirmation code. DM your record locator if still blocked."
t2936,checkin boarding,checkin_boarding,"@customer: @AmericanAir cant check in flight AA1529, app error, leaves in 2 hours","Check in from 24 hrs in the app; gates close 15 min before departure. Try app refresh, or kiosk with confirmation code. DM your record locator if still blocked."
t2937,praise other,praise_other,"@customer: @AmericanAir thanks crew on AA2421, great landing in DCA!",Thanks for flying with us! Let us know if you need anything on AA2421.
t2938,complaint service,complaint_service,"@customer: @AmericanAir discriminated at gate DFW, want supervisor + case",I am sorry you experienced this on AA198. I am escalating to a human specialist with a case number. Please DM your record locator + details.
t2939,loyalty account,loyalty_account,@customer: cant login aadvantage reset not working pls help asap,Miles post within 48 hrs; request missing miles at aa.com/missingmiles with ticket number. DM details (never share password).
t2940,baggage,baggage,"@customer: charged $75 bag fee but told free, flight AA1030, refund?",Sorry about your bag. Please file a report at aa.com/baggage within 4 hrs and track in the app; keep receipts for essentials. DM your tag/record locator.
t2941,flight delay,flight_delay,"@customer: @AmericanAir flight AA2798 delayed 5hrs, will I miss my connection in MIA?",Sorry for the delay on AA2798. Please check live status in the American app and speak to the gate agent about rebooking/meal voucher if 3+ hrs (aa.com/manage). DM your record locator and I can walk you through options.
t2942,booking change,booking_change,"@customer: change name spelling on reservation JX75E5, how?",You can change most main-cabin+ tickets at aa.com/manage (fare difference may apply). DM your record locator and new date and I will outline exact steps.
t2943,flight delay,flight_delay,"@customer: AA AA2462 delayed, need hotel tonight in DFW, who pays?",Sorry for the delay on AA2462. Please check live status in the American app and speak to the gate agent about rebooking/meal voucher if 3+ hrs (aa.com/manage). DM your record locator and I can walk you through options.
t2944,booking change,booking_change,@customer: need to change flight aa231 to tomorrow fare difference? pls help asap,You can change most main-cabin+ tickets at aa.com/manage (fare difference may apply). DM your record locator and new date and I will outline exact steps.
t2945,loyalty account,loyalty_account,"@customer: @AmericanAir cant login AAdvantage, reset not working",Miles post within 48 hrs; request missing miles at aa.com/missingmiles with ticket number. DM details (never share password).
t2946,complaint service,complaint_service,"@customer: never flying again, worst service AA2562, filing DOT complaint",I am sorry you experienced this on AA2562. I am escalating to a human specialist with a case number. Please DM your record locator + details.
t2947,cancellation,cancellation,"@customer: @AmericanAir cancelled on me at gate DCA, rebook options?",Sorry your flight AA2610 was cancelled. You can rebook free on the next available American flight at aa.com/manage or in the app. DM your record locator for help.
t2948,praise other,praise_other,@customer: do you fly to LAX direct from DFW?,Thanks for flying with us! Let us know if you need anything on AA2075.
t2949,complaint service,complaint_service,"@customer: @AmericanAir crew on AA2865 was rude to my mother, unacceptable",I am sorry you experienced this on AA2865. I am escalating to a human specialist with a case number. Please DM your record locator + details.
t2950,checkin boarding,checkin_boarding,@customer: what gate for AA2918 at MIA? boarding group 4 when?,"Check in from 24 hrs in the app; gates close 15 min before departure. Try app refresh, or kiosk with confirmation code. DM your record locator if still blocked."
t2951,cancellation,cancellation,"@customer: @AmericanAir cancelled on me at gate ORD, rebook options?",Sorry your flight AA2847 was cancelled. You can rebook free on the next available American flight at aa.com/manage or in the app. DM your record locator for help.
t2952,complaint service,complaint_service,"@customer: @AmericanAir discriminated at gate DCA, want supervisor + case",I am sorry you experienced this on AA2185. I am escalating to a human specialist with a case number. Please DM your record locator + details.
t2953,flight delay,flight_delay,"@customer: AA AA2889 delayed, need hotel tonight in DCA, who pays?",Sorry for the delay on AA2889. Please check live status in the American app and speak to the gate agent about rebooking/meal voucher if 3+ hrs (aa.com/manage). DM your record locator and I can walk you through options.
t2954,complaint service,complaint_service,@customer: crew on aa2089 was rude to my mother unacceptable pls help asap,I am sorry you experienced this on AA2089. I am escalating to a human specialist with a case number. Please DM your record locator + details.
t2955,booking change,booking_change,@customer: @AmericanAir can I switch seat / add bag on booking RAZAPT?,You can change most main-cabin+ tickets at aa.com/manage (fare difference may apply). DM your record locator and new date and I will outline exact steps.
t2956,booking change,booking_change,"@customer: change name spelling on reservation SBL78W, how?",You can change most main-cabin+ tickets at aa.com/manage (fare difference may apply). DM your record locator and new date and I will outline exact steps.
t2957,loyalty account,loyalty_account,"@customer: gold status not showing, flight AA2213 tomorrow",Miles post within 48 hrs; request missing miles at aa.com/missingmiles with ticket number. DM details (never share password).
t2958,baggage,baggage,"@customer: @AmericanAir bag missing since yesterday flight AA691 at ORD, tag RALGBE",Sorry about your bag. Please file a report at aa.com/baggage within 4 hrs and track in the app; keep receipts for essentials. DM your tag/record locator.
t2959,praise other,praise_other,"@customer: @AmericanAir love the new app, smooth checkin",Thanks for flying with us! Let us know if you need anything on AA1455.
t2960,complaint service,complaint_service,"@customer: @AmericanAir discriminated at gate LAX, want supervisor + case",I am sorry you experienced this on AA961. I am escalating to a human specialist with a case number. Please DM your record locator + details.
t2961,flight delay,flight_delay,"@customer: AA AA1328 delayed, need hotel tonight in PHX, who pays?",Sorry for the delay on AA1328. Please check live status in the American app and speak to the gate agent about rebooking/meal voucher if 3+ hrs (aa.com/manage). DM your record locator and I can walk you through options.
t2962,refund compensation,refund_compensation,@customer: @AmericanAir refund for cancelled AA2497? nonrefundable but you cancelled,"If we cancelled, you may choose refund or trip credit at aa.com/refunds (refundable to original payment within 7 days). DM your record locator."
t2963,booking change,booking_change,"@customer: change name spelling on reservation E74B5U, how?",You can change most main-cabin+ tickets at aa.com/manage (fare difference may apply). DM your record locator and new date and I will outline exact steps.
t2964,cancellation,cancellation,"@customer: flight AA1826 cancelled, stranded in CLT tonight, help",Sorry your flight AA1826 was cancelled. You can rebook free on the next available American flight at aa.com/manage or in the app. DM your record locator for help.
t2965,praise other,praise_other,"@customer: @AmericanAir thanks crew on AA2407, great landing in MIA!",Thanks for flying with us! Let us know if you need anything on AA2407.
t2966,flight delay,flight_delay,"@customer: AA AA1759 delayed, need hotel tonight in DCA, who pays?",Sorry for the delay on AA1759. Please check live status in the American app and speak to the gate agent about rebooking/meal voucher if 3+ hrs (aa.com/manage). DM your record locator and I can walk you through options.
t2967,flight delay,flight_delay,"@customer: @AmericanAir flight AA450 delayed 4hrs, will I miss my connection in DFW?",Sorry for the delay on AA450. Please check live status in the American app and speak to the gate agent about rebooking/meal voucher if 3+ hrs (aa.com/manage). DM your record locator and I can walk you through options.
t2968,flight delay,flight_delay,"@customer: @AmericanAir flight AA2841 delayed 3hrs, will I miss my connection in DCA?",Sorry for the delay on AA2841. Please check live status in the American app and speak to the gate agent about rebooking/meal voucher if 3+ hrs (aa.com/manage). DM your record locator and I can walk you through options.
t2969,flight delay,flight_delay,@customer: aa aa1297 delayed need hotel tonight in dca who pays? pls help asap,Sorry for the delay on AA1297. Please check live status in the American app and speak to the gate agent about rebooking/meal voucher if 3+ hrs (aa.com/manage). DM your record locator and I can walk you through options.
t2970,checkin boarding,checkin_boarding,@customer: what gate for AA720 at DCA? boarding group 4 when?,"Check in from 24 hrs in the app; gates close 15 min before departure. Try app refresh, or kiosk with confirmation code. DM your record locator if still blocked."
t2971,flight delay,flight_delay,"@customer: @AmericanAir flight AA1664 delayed 2hrs, will I miss my connection in ORD?",Sorry for the delay on AA1664. Please check live status in the American app and speak to the gate agent about rebooking/meal voucher if 3+ hrs (aa.com/manage). DM your record locator and I can walk you through options.
t2972,loyalty account,loyalty_account,"@customer: @AmericanAir miles missing for flight AA274, AAdvantage 3CRM6Z",Miles post within 48 hrs; request missing miles at aa.com/missingmiles with ticket number. DM details (never share password).
t2973,complaint service,complaint_service,"@customer: @AmericanAir crew on AA1842 was rude to my mother, unacceptable",I am sorry you experienced this on AA1842. I am escalating to a human specialist with a case number. Please DM your record locator + details.
t2974,loyalty account,loyalty_account,"@customer: gold status not showing, flight AA1878 tomorrow",Miles post within 48 hrs; request missing miles at aa.com/missingmiles with ticket number. DM details (never share password).
t2975,complaint service,complaint_service,"@customer: @AmericanAir crew on AA2209 was rude to my mother, unacceptable",I am sorry you experienced this on AA2209. I am escalating to a human specialist with a case number. Please DM your record locator + details.
t2976,complaint service,complaint_service,"@customer: @AmericanAir crew on AA2692 was rude to my mother, unacceptable",I am sorry you experienced this on AA2692. I am escalating to a human specialist with a case number. Please DM your record locator + details.
t2977,cancellation,cancellation,@customer: you cancelled flight aa2360 to clt today need rebook asap pls help asap,Sorry your flight AA2360 was cancelled. You can rebook free on the next available American flight at aa.com/manage or in the app. DM your record locator for help.
t2978,checkin boarding,checkin_boarding,"@customer: @AmericanAir cant check in flight AA573, app error, leaves in 2 hours","Check in from 24 hrs in the app; gates close 15 min before departure. Try app refresh, or kiosk with confirmation code. DM your record locator if still blocked."
t2979,checkin boarding,checkin_boarding,@customer: what gate for aa1460 at dfw? boarding group 4 when? pls help asap,"Check in from 24 hrs in the app; gates close 15 min before departure. Try app refresh, or kiosk with confirmation code. DM your record locator if still blocked."
t2980,cancellation,cancellation,"@customer: @AmericanAir you cancelled flight AA936 to ORD today, need rebook ASAP",Sorry your flight AA936 was cancelled. You can rebook free on the next available American flight at aa.com/manage or in the app. DM your record locator for help.
t2981,loyalty account,loyalty_account,"@customer: gold status not showing, flight AA1465 tomorrow",Miles post within 48 hrs; request missing miles at aa.com/missingmiles with ticket number. DM details (never share password).
t2982,refund compensation,refund_compensation,@customer: @AmericanAir refund for cancelled AA1214? nonrefundable but you cancelled,"If we cancelled, you may choose refund or trip credit at aa.com/refunds (refundable to original payment within 7 days). DM your record locator."
t2983,flight delay,flight_delay,"@customer: @AmericanAir flight AA788 delayed 2hrs, will I miss my connection in MIA?",Sorry for the delay on AA788. Please check live status in the American app and speak to the gate agent about rebooking/meal voucher if 3+ hrs (aa.com/manage). DM your record locator and I can walk you through options.
t2984,complaint service,complaint_service,"@customer: @AmericanAir crew on AA2763 was rude to my mother, unacceptable",I am sorry you experienced this on AA2763. I am escalating to a human specialist with a case number. Please DM your record locator + details.
t2985,complaint service,complaint_service,"@customer: @AmericanAir crew on AA1440 was rude to my mother, unacceptable",I am sorry you experienced this on AA1440. I am escalating to a human specialist with a case number. Please DM your record locator + details.
t2986,complaint service,complaint_service,"@customer: @AmericanAir discriminated at gate DFW, want supervisor + case",I am sorry you experienced this on AA2985. I am escalating to a human specialist with a case number. Please DM your record locator + details.
t2987,baggage,baggage,"@customer: charged $75 bag fee but told free, flight AA1848, refund?",Sorry about your bag. Please file a report at aa.com/baggage within 4 hrs and track in the app; keep receipts for essentials. DM your tag/record locator.
t2988,baggage,baggage,"@customer: @AmericanAir bag missing since yesterday flight AA2117 at MIA, tag 6SKJ8P",Sorry about your bag. Please file a report at aa.com/baggage within 4 hrs and track in the app; keep receipts for essentials. DM your tag/record locator.
t2989,cancellation,cancellation,"@customer: @AmericanAir cancelled on me at gate ORD, rebook options?",Sorry your flight AA2893 was cancelled. You can rebook free on the next available American flight at aa.com/manage or in the app. DM your record locator for help.
t2990,booking change,booking_change,"@customer: @AmericanAir need to change flight AA1609 to tomorrow, fare difference?",You can change most main-cabin+ tickets at aa.com/manage (fare difference may apply). DM your record locator and new date and I will outline exact steps.
t2991,booking change,booking_change,"@customer: @AmericanAir need to change flight AA427 to tomorrow, fare difference?",You can change most main-cabin+ tickets at aa.com/manage (fare difference may apply). DM your record locator and new date and I will outline exact steps.
t2992,refund compensation,refund_compensation,@customer: @AmericanAir refund for cancelled AA1264? nonrefundable but you cancelled,"If we cancelled, you may choose refund or trip credit at aa.com/refunds (refundable to original payment within 7 days). DM your record locator."
t2993,praise other,praise_other,@customer: do you fly to MIA direct from DFW?,Thanks for flying with us! Let us know if you need anything on AA1096.
t2994,praise other,praise_other,@customer: do you fly to LAX direct from DFW?,Thanks for flying with us! Let us know if you need anything on AA576.
t2995,praise other,praise_other,@customer: do you fly to LAX direct from DFW?,Thanks for flying with us! Let us know if you need anything on AA1672.
t2996,loyalty account,loyalty_account,"@customer: @AmericanAir miles missing for flight AA205, AAdvantage GWWBCN",Miles post within 48 hrs; request missing miles at aa.com/missingmiles with ticket number. DM details (never share password).
t2997,refund compensation,refund_compensation,"@customer: trip credit not received for AA1237, booking 8NVTNT","If we cancelled, you may choose refund or trip credit at aa.com/refunds (refundable to original payment within 7 days). DM your record locator."
t2998,booking change,booking_change,@customer: can i switch seat / add bag on booking 6cuffk? pls help asap,You can change most main-cabin+ tickets at aa.com/manage (fare difference may apply). DM your record locator and new date and I will outline exact steps.
t2999,baggage,baggage,"@customer: @AmericanAir damaged suitcase on AA2686, claim process?",Sorry about your bag. Please file a report at aa.com/baggage within 4 hrs and track in the app; keep receipts for essentials. DM your tag/record locator.
